ISO-10303-21;
HEADER;
/* Generated by software containing ST-Developer
 * from STEP Tools, Inc. (www.steptools.com) 
 */
/* OPTION: using custom schema-name function */

FILE_DESCRIPTION(
/* description */ (''),
/* implementation_level */ '2;1');

FILE_NAME(
/* name */ 'Drone Wing Chassis - Motor.stp',
/* time_stamp */ '2026-08-01T11:28:43+05:30',
/* author */ (''),
/* organization */ (''),
/* preprocessor_version */ 'ST-DEVELOPER v20.1',
/* originating_system */ 'SIEMENS PLM Software NX2606.3002',
/* authorisation */ '');

FILE_SCHEMA (('AUTOMOTIVE_DESIGN { 1 0 10303 214 3 1 1 1 }'));
ENDSEC;

DATA;
#10=SHAPE_REPRESENTATION_RELATIONSHIP('None',
'relationship between Drone Wing Chassis - Motor-None and Drone Wing C
hassis - Motor-None',#22,#11);
#11=ADVANCED_BREP_SHAPE_REPRESENTATION(
'Drone Wing Chassis - Motor-None',(#32),#7701);
#12=SHAPE_DEFINITION_REPRESENTATION(#13,#22);
#13=PRODUCT_DEFINITION_SHAPE('','',#14);
#14=PRODUCT_DEFINITION(' ','',#16,#15);
#15=PRODUCT_DEFINITION_CONTEXT('part definition',#21,'design');
#16=PRODUCT_DEFINITION_FORMATION_WITH_SPECIFIED_SOURCE(' ',' ',#18,
 .NOT_KNOWN.);
#17=PRODUCT_RELATED_PRODUCT_CATEGORY('part','',(#18));
#18=PRODUCT('Drone Wing Chassis - Motor','Drone Wing Chassis - Motor',
' ',(#19));
#19=PRODUCT_CONTEXT(' ',#21,'mechanical');
#20=APPLICATION_PROTOCOL_DEFINITION('international standard',
'automotive_design',2010,#21);
#21=APPLICATION_CONTEXT(
'core data for automotive mechanical design processes');
#22=SHAPE_REPRESENTATION('Drone Wing Chassis - Motor-None',(#2081),#7701);
#23=PRESENTATION_LAYER_ASSIGNMENT('1','Layer 1',(#32));
#24=STYLED_ITEM('',(#25),#32);
#25=PRESENTATION_STYLE_ASSIGNMENT((#26));
#26=SURFACE_STYLE_USAGE(.BOTH.,#27);
#27=SURFACE_SIDE_STYLE('',(#28));
#28=SURFACE_STYLE_FILL_AREA(#29);
#29=FILL_AREA_STYLE('',(#30));
#30=FILL_AREA_STYLE_COLOUR('',#31);
#31=COLOUR_RGB('medium steel',0.611764705882353,0.658823529411765,0.670588235294118);
#32=MANIFOLD_SOLID_BREP('',#33);
#33=CLOSED_SHELL('',(#255,#256,#257,#258,#259,#260,#261,#262,#263,#264,
#265,#266,#267,#268,#269,#270,#271,#272,#273,#274,#275,#276,#277,#278,#279,
#280,#281,#282,#283,#284,#285,#286,#287,#288,#289,#290,#291,#292,#293,#294,
#295,#296,#297,#298,#299,#300,#301,#302,#303,#304,#305,#306,#307,#308,#309,
#310,#311,#312,#313,#314,#315,#316,#317,#318,#319,#320,#321,#322,#323,#324,
#325,#326,#327,#328,#329,#330,#331,#332,#333,#334,#335,#336,#337,#338,#339,
#340,#341,#342,#343,#344,#345,#346,#347,#348,#349,#350,#351,#352,#353,#354,
#355,#356,#357,#358,#359,#360,#361,#362,#363,#364,#365,#366,#367,#368,#369));
#34=B_SPLINE_SURFACE_WITH_KNOTS('',1,3,((#5620,#5621,#5622,#5623,#5624,
#5625,#5626,#5627,#5628,#5629,#5630,#5631,#5632,#5633,#5634,#5635,#5636,
#5637,#5638,#5639,#5640,#5641,#5642,#5643),(#5644,#5645,#5646,#5647,#5648,
#5649,#5650,#5651,#5652,#5653,#5654,#5655,#5656,#5657,#5658,#5659,#5660,
#5661,#5662,#5663,#5664,#5665,#5666,#5667)),.UNSPECIFIED.,.F.,.F.,.F.,(2,
2),(4,1,1,1,1,1,1,1,1,1,1,1,1,1,1,1,1,1,1,1,1,4),(0.,1.),(0.,0.0483721405031778,
0.0967442810063556,0.145116421509533,0.193488562012711,0.241860702515889,
0.290232843019067,0.338604983522244,0.386977124025422,0.4353492645286,0.483721405031778,
0.532093545534956,0.580465686038133,0.628837826541311,0.677209967044489,
0.725582107547667,0.773954248050844,0.822326388554022,0.8706985290572,0.919070669560378,
0.967442810063556,1.),.UNSPECIFIED.);
#35=B_SPLINE_SURFACE_WITH_KNOTS('',1,3,((#5668,#5669,#5670,#5671,#5672,
#5673,#5674,#5675,#5676,#5677,#5678,#5679,#5680,#5681,#5682,#5683,#5684,
#5685,#5686,#5687,#5688,#5689,#5690,#5691),(#5692,#5693,#5694,#5695,#5696,
#5697,#5698,#5699,#5700,#5701,#5702,#5703,#5704,#5705,#5706,#5707,#5708,
#5709,#5710,#5711,#5712,#5713,#5714,#5715)),.UNSPECIFIED.,.F.,.F.,.F.,(2,
2),(4,1,1,1,1,1,1,1,1,1,1,1,1,1,1,1,1,1,1,1,1,4),(0.,1.),(0.,0.0483721405031778,
0.0967442810063556,0.145116421509533,0.193488562012711,0.241860702515889,
0.290232843019067,0.338604983522244,0.386977124025422,0.4353492645286,0.483721405031778,
0.532093545534956,0.580465686038133,0.628837826541311,0.677209967044489,
0.725582107547667,0.773954248050844,0.822326388554022,0.8706985290572,0.919070669560378,
0.967442810063556,1.),.UNSPECIFIED.);
#36=B_SPLINE_SURFACE_WITH_KNOTS('',1,3,((#5907,#5908,#5909,#5910,#5911,
#5912,#5913,#5914,#5915,#5916,#5917,#5918,#5919,#5920,#5921,#5922,#5923,
#5924,#5925,#5926),(#5927,#5928,#5929,#5930,#5931,#5932,#5933,#5934,#5935,
#5936,#5937,#5938,#5939,#5940,#5941,#5942,#5943,#5944,#5945,#5946)),
 .UNSPECIFIED.,.F.,.F.,.F.,(2,2),(4,1,1,1,1,1,1,1,1,1,1,1,1,1,1,1,1,4),
(0.,1.),(0.,0.0599770049435308,0.119954009887062,0.179931014830592,0.239908019774123,
0.299885024717654,0.359862029661185,0.419839034604716,0.479816039548247,
0.539793044491777,0.599770049435308,0.659747054378839,0.71972405932237,
0.779701064265901,0.839678069209432,0.899655074152962,0.959632079096493,
1.),.UNSPECIFIED.);
#37=B_SPLINE_SURFACE_WITH_KNOTS('',1,3,((#5947,#5948,#5949,#5950,#5951,
#5952,#5953,#5954,#5955,#5956,#5957,#5958,#5959,#5960,#5961,#5962,#5963,
#5964,#5965,#5966),(#5967,#5968,#5969,#5970,#5971,#5972,#5973,#5974,#5975,
#5976,#5977,#5978,#5979,#5980,#5981,#5982,#5983,#5984,#5985,#5986)),
 .UNSPECIFIED.,.F.,.F.,.F.,(2,2),(4,1,1,1,1,1,1,1,1,1,1,1,1,1,1,1,1,4),
(0.,1.),(0.,0.0599770049435308,0.119954009887062,0.179931014830592,0.239908019774123,
0.299885024717654,0.359862029661185,0.419839034604716,0.479816039548247,
0.539793044491777,0.599770049435308,0.659747054378839,0.71972405932237,
0.779701064265901,0.839678069209432,0.899655074152962,0.959632079096493,
1.),.UNSPECIFIED.);
#38=B_SPLINE_SURFACE_WITH_KNOTS('',1,3,((#6178,#6179,#6180,#6181,#6182,
#6183,#6184,#6185,#6186,#6187,#6188,#6189,#6190,#6191,#6192,#6193,#6194,
#6195,#6196,#6197),(#6198,#6199,#6200,#6201,#6202,#6203,#6204,#6205,#6206,
#6207,#6208,#6209,#6210,#6211,#6212,#6213,#6214,#6215,#6216,#6217)),
 .UNSPECIFIED.,.F.,.F.,.F.,(2,2),(4,1,1,1,1,1,1,1,1,1,1,1,1,1,1,1,1,4),
(0.,1.),(0.,0.0599770049435308,0.119954009887062,0.179931014830592,0.239908019774123,
0.299885024717654,0.359862029661185,0.419839034604716,0.479816039548247,
0.539793044491777,0.599770049435308,0.659747054378839,0.71972405932237,
0.779701064265901,0.839678069209432,0.899655074152962,0.959632079096493,
1.),.UNSPECIFIED.);
#39=B_SPLINE_SURFACE_WITH_KNOTS('',1,3,((#6218,#6219,#6220,#6221,#6222,
#6223,#6224,#6225,#6226,#6227,#6228,#6229,#6230,#6231,#6232,#6233,#6234,
#6235,#6236,#6237),(#6238,#6239,#6240,#6241,#6242,#6243,#6244,#6245,#6246,
#6247,#6248,#6249,#6250,#6251,#6252,#6253,#6254,#6255,#6256,#6257)),
 .UNSPECIFIED.,.F.,.F.,.F.,(2,2),(4,1,1,1,1,1,1,1,1,1,1,1,1,1,1,1,1,4),
(0.,1.),(0.,0.0599770049435308,0.119954009887062,0.179931014830592,0.239908019774123,
0.299885024717654,0.359862029661185,0.419839034604716,0.479816039548247,
0.539793044491777,0.599770049435308,0.659747054378839,0.71972405932237,
0.779701064265901,0.839678069209432,0.899655074152962,0.959632079096493,
1.),.UNSPECIFIED.);
#40=B_SPLINE_SURFACE_WITH_KNOTS('',1,3,((#6449,#6450,#6451,#6452,#6453,
#6454,#6455,#6456,#6457,#6458,#6459,#6460,#6461,#6462,#6463,#6464,#6465,
#6466,#6467,#6468),(#6469,#6470,#6471,#6472,#6473,#6474,#6475,#6476,#6477,
#6478,#6479,#6480,#6481,#6482,#6483,#6484,#6485,#6486,#6487,#6488)),
 .UNSPECIFIED.,.F.,.F.,.F.,(2,2),(4,1,1,1,1,1,1,1,1,1,1,1,1,1,1,1,1,4),
(0.,1.),(0.,0.0599770049435308,0.119954009887062,0.179931014830592,0.239908019774123,
0.299885024717654,0.359862029661185,0.419839034604716,0.479816039548247,
0.539793044491777,0.599770049435308,0.659747054378839,0.71972405932237,
0.779701064265901,0.839678069209432,0.899655074152962,0.959632079096493,
1.),.UNSPECIFIED.);
#41=B_SPLINE_SURFACE_WITH_KNOTS('',1,3,((#6489,#6490,#6491,#6492,#6493,
#6494,#6495,#6496,#6497,#6498,#6499,#6500,#6501,#6502,#6503,#6504,#6505,
#6506,#6507,#6508),(#6509,#6510,#6511,#6512,#6513,#6514,#6515,#6516,#6517,
#6518,#6519,#6520,#6521,#6522,#6523,#6524,#6525,#6526,#6527,#6528)),
 .UNSPECIFIED.,.F.,.F.,.F.,(2,2),(4,1,1,1,1,1,1,1,1,1,1,1,1,1,1,1,1,4),
(0.,1.),(0.,0.0599770049435308,0.119954009887062,0.179931014830592,0.239908019774123,
0.299885024717654,0.359862029661185,0.419839034604716,0.479816039548247,
0.539793044491777,0.599770049435308,0.659747054378839,0.71972405932237,
0.779701064265901,0.839678069209432,0.899655074152962,0.959632079096493,
1.),.UNSPECIFIED.);
#42=B_SPLINE_SURFACE_WITH_KNOTS('',1,3,((#6747,#6748,#6749,#6750,#6751,
#6752,#6753,#6754,#6755,#6756,#6757,#6758,#6759,#6760,#6761,#6762,#6763,
#6764,#6765,#6766,#6767,#6768,#6769,#6770),(#6771,#6772,#6773,#6774,#6775,
#6776,#6777,#6778,#6779,#6780,#6781,#6782,#6783,#6784,#6785,#6786,#6787,
#6788,#6789,#6790,#6791,#6792,#6793,#6794)),.UNSPECIFIED.,.F.,.F.,.F.,(2,
2),(4,1,1,1,1,1,1,1,1,1,1,1,1,1,1,1,1,1,1,1,1,4),(0.,1.),(0.,0.0483721405031778,
0.0967442810063556,0.145116421509533,0.193488562012711,0.241860702515889,
0.290232843019067,0.338604983522244,0.386977124025422,0.4353492645286,0.483721405031778,
0.532093545534956,0.580465686038133,0.628837826541311,0.677209967044489,
0.725582107547667,0.773954248050844,0.822326388554022,0.8706985290572,0.919070669560378,
0.967442810063556,1.),.UNSPECIFIED.);
#43=B_SPLINE_SURFACE_WITH_KNOTS('',1,3,((#6795,#6796,#6797,#6798,#6799,
#6800,#6801,#6802,#6803,#6804,#6805,#6806,#6807,#6808,#6809,#6810,#6811,
#6812,#6813,#6814,#6815,#6816,#6817,#6818),(#6819,#6820,#6821,#6822,#6823,
#6824,#6825,#6826,#6827,#6828,#6829,#6830,#6831,#6832,#6833,#6834,#6835,
#6836,#6837,#6838,#6839,#6840,#6841,#6842)),.UNSPECIFIED.,.F.,.F.,.F.,(2,
2),(4,1,1,1,1,1,1,1,1,1,1,1,1,1,1,1,1,1,1,1,1,4),(0.,1.),(0.,0.0483721405031778,
0.0967442810063556,0.145116421509533,0.193488562012711,0.241860702515889,
0.290232843019067,0.338604983522244,0.386977124025422,0.4353492645286,0.483721405031778,
0.532093545534956,0.580465686038133,0.628837826541311,0.677209967044489,
0.725582107547667,0.773954248050844,0.822326388554022,0.8706985290572,0.919070669560378,
0.967442810063556,1.),.UNSPECIFIED.);
#44=B_SPLINE_SURFACE_WITH_KNOTS('',1,3,((#7034,#7035,#7036,#7037,#7038,
#7039,#7040,#7041,#7042,#7043,#7044,#7045,#7046,#7047,#7048,#7049,#7050,
#7051,#7052,#7053),(#7054,#7055,#7056,#7057,#7058,#7059,#7060,#7061,#7062,
#7063,#7064,#7065,#7066,#7067,#7068,#7069,#7070,#7071,#7072,#7073)),
 .UNSPECIFIED.,.F.,.F.,.F.,(2,2),(4,1,1,1,1,1,1,1,1,1,1,1,1,1,1,1,1,4),
(0.,1.),(0.,0.0599770049435308,0.119954009887062,0.179931014830592,0.239908019774123,
0.299885024717654,0.359862029661185,0.419839034604716,0.479816039548247,
0.539793044491777,0.599770049435308,0.659747054378839,0.71972405932237,
0.779701064265901,0.839678069209432,0.899655074152962,0.959632079096493,
1.),.UNSPECIFIED.);
#45=B_SPLINE_SURFACE_WITH_KNOTS('',1,3,((#7074,#7075,#7076,#7077,#7078,
#7079,#7080,#7081,#7082,#7083,#7084,#7085,#7086,#7087,#7088,#7089,#7090,
#7091,#7092,#7093),(#7094,#7095,#7096,#7097,#7098,#7099,#7100,#7101,#7102,
#7103,#7104,#7105,#7106,#7107,#7108,#7109,#7110,#7111,#7112,#7113)),
 .UNSPECIFIED.,.F.,.F.,.F.,(2,2),(4,1,1,1,1,1,1,1,1,1,1,1,1,1,1,1,1,4),
(0.,1.),(0.,0.0599770049435308,0.119954009887062,0.179931014830592,0.239908019774123,
0.299885024717654,0.359862029661185,0.419839034604716,0.479816039548247,
0.539793044491777,0.599770049435308,0.659747054378839,0.71972405932237,
0.779701064265901,0.839678069209432,0.899655074152962,0.959632079096493,
1.),.UNSPECIFIED.);
#46=B_SPLINE_SURFACE_WITH_KNOTS('',1,3,((#7305,#7306,#7307,#7308,#7309,
#7310,#7311,#7312,#7313,#7314,#7315,#7316,#7317,#7318,#7319,#7320,#7321,
#7322,#7323,#7324),(#7325,#7326,#7327,#7328,#7329,#7330,#7331,#7332,#7333,
#7334,#7335,#7336,#7337,#7338,#7339,#7340,#7341,#7342,#7343,#7344)),
 .UNSPECIFIED.,.F.,.F.,.F.,(2,2),(4,1,1,1,1,1,1,1,1,1,1,1,1,1,1,1,1,4),
(0.,1.),(0.,0.0599770049435308,0.119954009887062,0.179931014830592,0.239908019774123,
0.299885024717654,0.359862029661185,0.419839034604716,0.479816039548247,
0.539793044491777,0.599770049435308,0.659747054378839,0.71972405932237,
0.779701064265901,0.839678069209432,0.899655074152962,0.959632079096493,
1.),.UNSPECIFIED.);
#47=B_SPLINE_SURFACE_WITH_KNOTS('',1,3,((#7345,#7346,#7347,#7348,#7349,
#7350,#7351,#7352,#7353,#7354,#7355,#7356,#7357,#7358,#7359,#7360,#7361,
#7362,#7363,#7364),(#7365,#7366,#7367,#7368,#7369,#7370,#7371,#7372,#7373,
#7374,#7375,#7376,#7377,#7378,#7379,#7380,#7381,#7382,#7383,#7384)),
 .UNSPECIFIED.,.F.,.F.,.F.,(2,2),(4,1,1,1,1,1,1,1,1,1,1,1,1,1,1,1,1,4),
(0.,1.),(0.,0.0599770049435308,0.119954009887062,0.179931014830592,0.239908019774123,
0.299885024717654,0.359862029661185,0.419839034604716,0.479816039548247,
0.539793044491777,0.599770049435308,0.659747054378839,0.71972405932237,
0.779701064265901,0.839678069209432,0.899655074152962,0.959632079096493,
1.),.UNSPECIFIED.);
#48=B_SPLINE_SURFACE_WITH_KNOTS('',1,3,((#7603,#7604,#7605,#7606,#7607,
#7608,#7609,#7610,#7611,#7612,#7613,#7614,#7615,#7616,#7617,#7618,#7619,
#7620,#7621,#7622,#7623,#7624,#7625,#7626),(#7627,#7628,#7629,#7630,#7631,
#7632,#7633,#7634,#7635,#7636,#7637,#7638,#7639,#7640,#7641,#7642,#7643,
#7644,#7645,#7646,#7647,#7648,#7649,#7650)),.UNSPECIFIED.,.F.,.F.,.F.,(2,
2),(4,1,1,1,1,1,1,1,1,1,1,1,1,1,1,1,1,1,1,1,1,4),(0.,1.),(0.,0.0483721405031778,
0.0967442810063556,0.145116421509533,0.193488562012711,0.241860702515889,
0.290232843019067,0.338604983522244,0.386977124025422,0.4353492645286,0.483721405031778,
0.532093545534956,0.580465686038133,0.628837826541311,0.677209967044489,
0.725582107547667,0.773954248050844,0.822326388554022,0.8706985290572,0.919070669560378,
0.967442810063556,1.),.UNSPECIFIED.);
#49=B_SPLINE_SURFACE_WITH_KNOTS('',1,3,((#7651,#7652,#7653,#7654,#7655,
#7656,#7657,#7658,#7659,#7660,#7661,#7662,#7663,#7664,#7665,#7666,#7667,
#7668,#7669,#7670,#7671,#7672,#7673,#7674),(#7675,#7676,#7677,#7678,#7679,
#7680,#7681,#7682,#7683,#7684,#7685,#7686,#7687,#7688,#7689,#7690,#7691,
#7692,#7693,#7694,#7695,#7696,#7697,#7698)),.UNSPECIFIED.,.F.,.F.,.F.,(2,
2),(4,1,1,1,1,1,1,1,1,1,1,1,1,1,1,1,1,1,1,1,1,4),(0.,1.),(0.,0.0483721405031778,
0.0967442810063556,0.145116421509533,0.193488562012711,0.241860702515889,
0.290232843019067,0.338604983522244,0.386977124025422,0.4353492645286,0.483721405031778,
0.532093545534956,0.580465686038133,0.628837826541311,0.677209967044489,
0.725582107547667,0.773954248050844,0.822326388554022,0.8706985290572,0.919070669560378,
0.967442810063556,1.),.UNSPECIFIED.);
#50=SURFACE_OF_LINEAR_EXTRUSION('',#916,#614);
#51=CONICAL_SURFACE('',#2192,0.,45.);
#52=CONICAL_SURFACE('',#2196,0.,45.);
#53=CONICAL_SURFACE('',#2200,0.,45.);
#54=CONICAL_SURFACE('',#2205,0.,45.);
#55=CONICAL_SURFACE('',#2209,0.,45.);
#56=CONICAL_SURFACE('',#2213,0.,45.);
#57=CONICAL_SURFACE('',#2218,0.,45.);
#58=CONICAL_SURFACE('',#2222,0.,45.);
#59=PLANE('',#2106);
#60=PLANE('',#2107);
#61=PLANE('',#2108);
#62=PLANE('',#2109);
#63=PLANE('',#2110);
#64=PLANE('',#2111);
#65=PLANE('',#2112);
#66=PLANE('',#2113);
#67=PLANE('',#2187);
#68=PLANE('',#2230);
#69=PLANE('',#2231);
#70=PLANE('',#2232);
#71=PLANE('',#2233);
#72=PLANE('',#2234);
#73=PLANE('',#2235);
#74=PLANE('',#2236);
#75=PLANE('',#2237);
#76=PLANE('',#2238);
#77=PLANE('',#2240);
#78=PLANE('',#2242);
#79=PLANE('',#2248);
#80=PLANE('',#2249);
#81=PLANE('',#2250);
#82=PLANE('',#2251);
#83=PLANE('',#2252);
#84=PLANE('',#2253);
#85=PLANE('',#2254);
#86=PLANE('',#2256);
#87=PLANE('',#2258);
#88=PLANE('',#2260);
#89=PLANE('',#2262);
#90=PLANE('',#2264);
#91=PLANE('',#2266);
#92=PLANE('',#2268);
#93=PLANE('',#2270);
#94=FACE_OUTER_BOUND('',#688,.T.);
#95=FACE_OUTER_BOUND('',#689,.T.);
#96=FACE_OUTER_BOUND('',#690,.T.);
#97=FACE_OUTER_BOUND('',#691,.T.);
#98=FACE_OUTER_BOUND('',#692,.T.);
#99=FACE_OUTER_BOUND('',#693,.T.);
#100=FACE_OUTER_BOUND('',#694,.T.);
#101=FACE_OUTER_BOUND('',#695,.T.);
#102=FACE_OUTER_BOUND('',#696,.T.);
#103=FACE_OUTER_BOUND('',#697,.T.);
#104=FACE_OUTER_BOUND('',#698,.T.);
#105=FACE_OUTER_BOUND('',#699,.T.);
#106=FACE_OUTER_BOUND('',#700,.T.);
#107=FACE_OUTER_BOUND('',#701,.T.);
#108=FACE_OUTER_BOUND('',#702,.T.);
#109=FACE_OUTER_BOUND('',#703,.T.);
#110=FACE_OUTER_BOUND('',#704,.T.);
#111=FACE_OUTER_BOUND('',#705,.T.);
#112=FACE_OUTER_BOUND('',#706,.T.);
#113=FACE_OUTER_BOUND('',#707,.T.);
#114=FACE_OUTER_BOUND('',#708,.T.);
#115=FACE_OUTER_BOUND('',#709,.T.);
#116=FACE_OUTER_BOUND('',#710,.T.);
#117=FACE_OUTER_BOUND('',#711,.T.);
#118=FACE_OUTER_BOUND('',#712,.T.);
#119=FACE_OUTER_BOUND('',#713,.T.);
#120=FACE_OUTER_BOUND('',#714,.T.);
#121=FACE_OUTER_BOUND('',#715,.T.);
#122=FACE_OUTER_BOUND('',#716,.T.);
#123=FACE_OUTER_BOUND('',#717,.T.);
#124=FACE_OUTER_BOUND('',#718,.T.);
#125=FACE_OUTER_BOUND('',#719,.T.);
#126=FACE_OUTER_BOUND('',#720,.T.);
#127=FACE_OUTER_BOUND('',#721,.T.);
#128=FACE_OUTER_BOUND('',#722,.T.);
#129=FACE_OUTER_BOUND('',#723,.T.);
#130=FACE_OUTER_BOUND('',#724,.T.);
#131=FACE_OUTER_BOUND('',#725,.T.);
#132=FACE_OUTER_BOUND('',#726,.T.);
#133=FACE_OUTER_BOUND('',#727,.T.);
#134=FACE_OUTER_BOUND('',#782,.T.);
#135=FACE_OUTER_BOUND('',#783,.T.);
#136=FACE_OUTER_BOUND('',#784,.T.);
#137=FACE_OUTER_BOUND('',#785,.T.);
#138=FACE_OUTER_BOUND('',#786,.T.);
#139=FACE_OUTER_BOUND('',#787,.T.);
#140=FACE_OUTER_BOUND('',#788,.T.);
#141=FACE_OUTER_BOUND('',#789,.T.);
#142=FACE_OUTER_BOUND('',#790,.T.);
#143=FACE_OUTER_BOUND('',#791,.T.);
#144=FACE_OUTER_BOUND('',#792,.T.);
#145=FACE_OUTER_BOUND('',#793,.T.);
#146=FACE_OUTER_BOUND('',#794,.T.);
#147=FACE_OUTER_BOUND('',#797,.T.);
#148=FACE_OUTER_BOUND('',#798,.T.);
#149=FACE_OUTER_BOUND('',#799,.T.);
#150=FACE_OUTER_BOUND('',#800,.T.);
#151=FACE_OUTER_BOUND('',#801,.T.);
#152=FACE_OUTER_BOUND('',#802,.T.);
#153=FACE_OUTER_BOUND('',#803,.T.);
#154=FACE_OUTER_BOUND('',#804,.T.);
#155=FACE_OUTER_BOUND('',#805,.T.);
#156=FACE_OUTER_BOUND('',#806,.T.);
#157=FACE_OUTER_BOUND('',#807,.T.);
#158=FACE_OUTER_BOUND('',#808,.T.);
#159=FACE_OUTER_BOUND('',#809,.T.);
#160=FACE_OUTER_BOUND('',#810,.T.);
#161=FACE_OUTER_BOUND('',#811,.T.);
#162=FACE_OUTER_BOUND('',#812,.T.);
#163=FACE_OUTER_BOUND('',#813,.T.);
#164=FACE_OUTER_BOUND('',#814,.T.);
#165=FACE_OUTER_BOUND('',#815,.T.);
#166=FACE_OUTER_BOUND('',#816,.T.);
#167=FACE_OUTER_BOUND('',#817,.T.);
#168=FACE_OUTER_BOUND('',#818,.T.);
#169=FACE_OUTER_BOUND('',#819,.T.);
#170=FACE_OUTER_BOUND('',#820,.T.);
#171=FACE_OUTER_BOUND('',#821,.T.);
#172=FACE_OUTER_BOUND('',#822,.T.);
#173=FACE_OUTER_BOUND('',#823,.T.);
#174=FACE_OUTER_BOUND('',#824,.T.);
#175=FACE_OUTER_BOUND('',#825,.T.);
#176=FACE_OUTER_BOUND('',#826,.T.);
#177=FACE_OUTER_BOUND('',#827,.T.);
#178=FACE_OUTER_BOUND('',#828,.T.);
#179=FACE_OUTER_BOUND('',#829,.T.);
#180=FACE_OUTER_BOUND('',#830,.T.);
#181=FACE_OUTER_BOUND('',#831,.T.);
#182=FACE_OUTER_BOUND('',#832,.T.);
#183=FACE_OUTER_BOUND('',#833,.T.);
#184=FACE_OUTER_BOUND('',#834,.T.);
#185=FACE_OUTER_BOUND('',#835,.T.);
#186=FACE_OUTER_BOUND('',#836,.T.);
#187=CIRCLE('',#2093,546.49543378);
#188=CIRCLE('',#2094,546.49543378);
#189=CIRCLE('',#2114,4.);
#190=CIRCLE('',#2116,4.);
#191=CIRCLE('',#2118,4.);
#192=CIRCLE('',#2120,4.);
#193=CIRCLE('',#2122,15.);
#194=CIRCLE('',#2124,15.);
#195=CIRCLE('',#2126,15.);
#196=CIRCLE('',#2128,15.);
#197=CIRCLE('',#2130,4.);
#198=CIRCLE('',#2132,4.);
#199=CIRCLE('',#2134,4.);
#200=CIRCLE('',#2136,4.);
#201=CIRCLE('',#2138,15.);
#202=CIRCLE('',#2140,15.);
#203=CIRCLE('',#2142,15.);
#204=CIRCLE('',#2144,15.);
#205=CIRCLE('',#2146,7.5);
#206=CIRCLE('',#2148,7.5);
#207=CIRCLE('',#2150,7.5);
#208=CIRCLE('',#2152,7.5);
#209=CIRCLE('',#2154,7.5);
#210=CIRCLE('',#2156,7.5);
#211=CIRCLE('',#2158,7.5);
#212=CIRCLE('',#2160,7.5);
#213=CIRCLE('',#2162,7.5);
#214=CIRCLE('',#2164,7.5);
#215=CIRCLE('',#2166,7.5);
#216=CIRCLE('',#2168,7.5);
#217=CIRCLE('',#2170,7.5);
#218=CIRCLE('',#2172,7.5);
#219=CIRCLE('',#2174,7.5);
#220=CIRCLE('',#2176,7.5);
#221=CIRCLE('',#2178,4.99999999999999);
#222=CIRCLE('',#2179,1.9);
#223=CIRCLE('',#2180,1.9);
#224=CIRCLE('',#2181,1.9);
#225=CIRCLE('',#2182,1.9);
#226=CIRCLE('',#2183,1.9);
#227=CIRCLE('',#2184,1.9);
#228=CIRCLE('',#2185,1.9);
#229=CIRCLE('',#2186,1.9);
#230=CIRCLE('',#2188,1.6);
#231=CIRCLE('',#2189,1.6);
#232=CIRCLE('',#2191,1.75);
#233=CIRCLE('',#2193,1.6);
#234=CIRCLE('',#2194,1.6);
#235=CIRCLE('',#2197,1.6);
#236=CIRCLE('',#2198,1.6);
#237=CIRCLE('',#2201,1.6);
#238=CIRCLE('',#2202,1.6);
#239=CIRCLE('',#2204,1.75);
#240=CIRCLE('',#2206,1.6);
#241=CIRCLE('',#2207,1.6);
#242=CIRCLE('',#2210,1.6);
#243=CIRCLE('',#2211,1.6);
#244=CIRCLE('',#2214,1.6);
#245=CIRCLE('',#2215,1.6);
#246=CIRCLE('',#2217,1.75);
#247=CIRCLE('',#2219,1.6);
#248=CIRCLE('',#2220,1.6);
#249=CIRCLE('',#2223,4.99999999999999);
#250=CIRCLE('',#2225,1.75);
#251=CIRCLE('',#2226,1.75);
#252=CIRCLE('',#2227,1.75);
#253=CIRCLE('',#2228,1.75);
#254=CIRCLE('',#2229,1.75);
#255=ADVANCED_FACE('',(#624,#625),#370,.F.);
#256=ADVANCED_FACE('',(#626,#627),#371,.F.);
#257=ADVANCED_FACE('',(#94),#59,.T.);
#258=ADVANCED_FACE('',(#95),#60,.T.);
#259=ADVANCED_FACE('',(#96),#61,.T.);
#260=ADVANCED_FACE('',(#97),#62,.T.);
#261=ADVANCED_FACE('',(#98),#63,.T.);
#262=ADVANCED_FACE('',(#99),#64,.T.);
#263=ADVANCED_FACE('',(#100),#65,.T.);
#264=ADVANCED_FACE('',(#101),#66,.T.);
#265=ADVANCED_FACE('',(#102),#372,.F.);
#266=ADVANCED_FACE('',(#103),#373,.F.);
#267=ADVANCED_FACE('',(#104),#374,.F.);
#268=ADVANCED_FACE('',(#105),#375,.F.);
#269=ADVANCED_FACE('',(#106),#376,.F.);
#270=ADVANCED_FACE('',(#107),#377,.F.);
#271=ADVANCED_FACE('',(#108),#378,.F.);
#272=ADVANCED_FACE('',(#109),#379,.F.);
#273=ADVANCED_FACE('',(#110),#380,.F.);
#274=ADVANCED_FACE('',(#111),#381,.F.);
#275=ADVANCED_FACE('',(#112),#382,.F.);
#276=ADVANCED_FACE('',(#113),#383,.F.);
#277=ADVANCED_FACE('',(#114),#384,.F.);
#278=ADVANCED_FACE('',(#115),#385,.F.);
#279=ADVANCED_FACE('',(#116),#386,.F.);
#280=ADVANCED_FACE('',(#117),#387,.F.);
#281=ADVANCED_FACE('',(#118),#388,.T.);
#282=ADVANCED_FACE('',(#119),#389,.T.);
#283=ADVANCED_FACE('',(#120),#390,.T.);
#284=ADVANCED_FACE('',(#121),#391,.T.);
#285=ADVANCED_FACE('',(#122),#392,.T.);
#286=ADVANCED_FACE('',(#123),#393,.T.);
#287=ADVANCED_FACE('',(#124),#394,.T.);
#288=ADVANCED_FACE('',(#125),#395,.T.);
#289=ADVANCED_FACE('',(#126),#396,.T.);
#290=ADVANCED_FACE('',(#127),#397,.T.);
#291=ADVANCED_FACE('',(#128),#398,.T.);
#292=ADVANCED_FACE('',(#129),#399,.T.);
#293=ADVANCED_FACE('',(#130),#400,.T.);
#294=ADVANCED_FACE('',(#131),#401,.T.);
#295=ADVANCED_FACE('',(#132),#402,.T.);
#296=ADVANCED_FACE('',(#133),#403,.T.);
#297=ADVANCED_FACE('',(#628,#629,#630,#631,#632,#633,#634,#635,#636,#637),
#67,.T.);
#298=ADVANCED_FACE('',(#638,#639),#404,.F.);
#299=ADVANCED_FACE('',(#640,#641),#51,.F.);
#300=ADVANCED_FACE('',(#642,#643),#405,.F.);
#301=ADVANCED_FACE('',(#644,#645),#52,.F.);
#302=ADVANCED_FACE('',(#646,#647),#406,.F.);
#303=ADVANCED_FACE('',(#648,#649),#53,.F.);
#304=ADVANCED_FACE('',(#650,#651),#407,.F.);
#305=ADVANCED_FACE('',(#652,#653),#54,.F.);
#306=ADVANCED_FACE('',(#654,#655),#408,.F.);
#307=ADVANCED_FACE('',(#656,#657),#55,.F.);
#308=ADVANCED_FACE('',(#658,#659),#409,.F.);
#309=ADVANCED_FACE('',(#660,#661),#56,.F.);
#310=ADVANCED_FACE('',(#662,#663),#410,.F.);
#311=ADVANCED_FACE('',(#664,#665),#57,.F.);
#312=ADVANCED_FACE('',(#666,#667),#411,.F.);
#313=ADVANCED_FACE('',(#668,#669),#58,.F.);
#314=ADVANCED_FACE('',(#670,#671),#412,.F.);
#315=ADVANCED_FACE('',(#672,#673,#674,#675,#676,#677,#678,#679,#680,#681),
#68,.F.);
#316=ADVANCED_FACE('',(#134),#69,.F.);
#317=ADVANCED_FACE('',(#135),#70,.F.);
#318=ADVANCED_FACE('',(#136),#71,.F.);
#319=ADVANCED_FACE('',(#137),#72,.F.);
#320=ADVANCED_FACE('',(#138),#73,.F.);
#321=ADVANCED_FACE('',(#139),#74,.F.);
#322=ADVANCED_FACE('',(#140),#75,.F.);
#323=ADVANCED_FACE('',(#141),#76,.F.);
#324=ADVANCED_FACE('',(#142),#413,.F.);
#325=ADVANCED_FACE('',(#143),#77,.F.);
#326=ADVANCED_FACE('',(#144),#414,.T.);
#327=ADVANCED_FACE('',(#145),#78,.F.);
#328=ADVANCED_FACE('',(#146),#415,.F.);
#329=ADVANCED_FACE('',(#682,#683),#416,.F.);
#330=ADVANCED_FACE('',(#147),#79,.F.);
#331=ADVANCED_FACE('',(#148),#80,.T.);
#332=ADVANCED_FACE('',(#149),#81,.F.);
#333=ADVANCED_FACE('',(#150),#50,.F.);
#334=ADVANCED_FACE('',(#151),#82,.F.);
#335=ADVANCED_FACE('',(#152),#83,.T.);
#336=ADVANCED_FACE('',(#153),#84,.F.);
#337=ADVANCED_FACE('',(#154),#85,.T.);
#338=ADVANCED_FACE('',(#155),#417,.F.);
#339=ADVANCED_FACE('',(#156),#34,.F.);
#340=ADVANCED_FACE('',(#157),#35,.F.);
#341=ADVANCED_FACE('',(#158),#86,.F.);
#342=ADVANCED_FACE('',(#159),#418,.F.);
#343=ADVANCED_FACE('',(#160),#36,.F.);
#344=ADVANCED_FACE('',(#161),#37,.F.);
#345=ADVANCED_FACE('',(#162),#87,.F.);
#346=ADVANCED_FACE('',(#163),#419,.F.);
#347=ADVANCED_FACE('',(#164),#38,.F.);
#348=ADVANCED_FACE('',(#165),#39,.F.);
#349=ADVANCED_FACE('',(#166),#88,.F.);
#350=ADVANCED_FACE('',(#167),#420,.F.);
#351=ADVANCED_FACE('',(#168),#40,.F.);
#352=ADVANCED_FACE('',(#169),#41,.F.);
#353=ADVANCED_FACE('',(#170),#89,.T.);
#354=ADVANCED_FACE('',(#171),#421,.F.);
#355=ADVANCED_FACE('',(#172),#42,.F.);
#356=ADVANCED_FACE('',(#173),#43,.F.);
#357=ADVANCED_FACE('',(#174),#90,.F.);
#358=ADVANCED_FACE('',(#175),#422,.F.);
#359=ADVANCED_FACE('',(#176),#44,.F.);
#360=ADVANCED_FACE('',(#177),#45,.F.);
#361=ADVANCED_FACE('',(#178),#91,.F.);
#362=ADVANCED_FACE('',(#179),#423,.F.);
#363=ADVANCED_FACE('',(#180),#46,.F.);
#364=ADVANCED_FACE('',(#181),#47,.F.);
#365=ADVANCED_FACE('',(#182),#92,.T.);
#366=ADVANCED_FACE('',(#183),#424,.F.);
#367=ADVANCED_FACE('',(#184),#48,.F.);
#368=ADVANCED_FACE('',(#185),#49,.F.);
#369=ADVANCED_FACE('',(#186),#93,.F.);
#370=CYLINDRICAL_SURFACE('',#2092,546.49543378);
#371=CYLINDRICAL_SURFACE('',#2105,546.49543378);
#372=CYLINDRICAL_SURFACE('',#2115,4.);
#373=CYLINDRICAL_SURFACE('',#2117,4.);
#374=CYLINDRICAL_SURFACE('',#2119,4.);
#375=CYLINDRICAL_SURFACE('',#2121,4.);
#376=CYLINDRICAL_SURFACE('',#2123,15.);
#377=CYLINDRICAL_SURFACE('',#2125,15.);
#378=CYLINDRICAL_SURFACE('',#2127,15.);
#379=CYLINDRICAL_SURFACE('',#2129,15.);
#380=CYLINDRICAL_SURFACE('',#2131,4.);
#381=CYLINDRICAL_SURFACE('',#2133,4.);
#382=CYLINDRICAL_SURFACE('',#2135,4.);
#383=CYLINDRICAL_SURFACE('',#2137,4.);
#384=CYLINDRICAL_SURFACE('',#2139,15.);
#385=CYLINDRICAL_SURFACE('',#2141,15.);
#386=CYLINDRICAL_SURFACE('',#2143,15.);
#387=CYLINDRICAL_SURFACE('',#2145,15.);
#388=CYLINDRICAL_SURFACE('',#2147,7.5);
#389=CYLINDRICAL_SURFACE('',#2149,7.5);
#390=CYLINDRICAL_SURFACE('',#2151,7.5);
#391=CYLINDRICAL_SURFACE('',#2153,7.5);
#392=CYLINDRICAL_SURFACE('',#2155,7.5);
#393=CYLINDRICAL_SURFACE('',#2157,7.5);
#394=CYLINDRICAL_SURFACE('',#2159,7.5);
#395=CYLINDRICAL_SURFACE('',#2161,7.5);
#396=CYLINDRICAL_SURFACE('',#2163,7.5);
#397=CYLINDRICAL_SURFACE('',#2165,7.5);
#398=CYLINDRICAL_SURFACE('',#2167,7.5);
#399=CYLINDRICAL_SURFACE('',#2169,7.5);
#400=CYLINDRICAL_SURFACE('',#2171,7.5);
#401=CYLINDRICAL_SURFACE('',#2173,7.5);
#402=CYLINDRICAL_SURFACE('',#2175,7.5);
#403=CYLINDRICAL_SURFACE('',#2177,7.5);
#404=CYLINDRICAL_SURFACE('',#2190,1.6);
#405=CYLINDRICAL_SURFACE('',#2195,1.6);
#406=CYLINDRICAL_SURFACE('',#2199,1.6);
#407=CYLINDRICAL_SURFACE('',#2203,1.6);
#408=CYLINDRICAL_SURFACE('',#2208,1.6);
#409=CYLINDRICAL_SURFACE('',#2212,1.6);
#410=CYLINDRICAL_SURFACE('',#2216,1.6);
#411=CYLINDRICAL_SURFACE('',#2221,1.6);
#412=CYLINDRICAL_SURFACE('',#2224,4.99999999999999);
#413=CYLINDRICAL_SURFACE('',#2239,78.);
#414=CYLINDRICAL_SURFACE('',#2241,30.);
#415=CYLINDRICAL_SURFACE('',#2243,78.);
#416=CYLINDRICAL_SURFACE('',#2247,3.75);
#417=CYLINDRICAL_SURFACE('',#2255,1.75);
#418=CYLINDRICAL_SURFACE('',#2257,1.75);
#419=CYLINDRICAL_SURFACE('',#2259,1.75);
#420=CYLINDRICAL_SURFACE('',#2261,1.75);
#421=CYLINDRICAL_SURFACE('',#2263,1.75);
#422=CYLINDRICAL_SURFACE('',#2265,1.75);
#423=CYLINDRICAL_SURFACE('',#2267,1.75);
#424=CYLINDRICAL_SURFACE('',#2269,1.75);
#425=LINE('',#2956,#524);
#426=LINE('',#2986,#525);
#427=LINE('',#3061,#526);
#428=LINE('',#3272,#527);
#429=LINE('',#3327,#528);
#430=LINE('',#3329,#529);
#431=LINE('',#3331,#530);
#432=LINE('',#3333,#531);
#433=LINE('',#3335,#532);
#434=LINE('',#3337,#533);
#435=LINE('',#3339,#534);
#436=LINE('',#3341,#535);
#437=LINE('',#3343,#536);
#438=LINE('',#3345,#537);
#439=LINE('',#3347,#538);
#440=LINE('',#3349,#539);
#441=LINE('',#3351,#540);
#442=LINE('',#3353,#541);
#443=LINE('',#3355,#542);
#444=LINE('',#3357,#543);
#445=LINE('',#3359,#544);
#446=LINE('',#3361,#545);
#447=LINE('',#3363,#546);
#448=LINE('',#3365,#547);
#449=LINE('',#3367,#548);
#450=LINE('',#3369,#549);
#451=LINE('',#3371,#550);
#452=LINE('',#3373,#551);
#453=LINE('',#3375,#552);
#454=LINE('',#3385,#553);
#455=LINE('',#3387,#554);
#456=LINE('',#3391,#555);
#457=LINE('',#3399,#556);
#458=LINE('',#3403,#557);
#459=LINE('',#3405,#558);
#460=LINE('',#3409,#559);
#461=LINE('',#3411,#560);
#462=LINE('',#3415,#561);
#463=LINE('',#3419,#562);
#464=LINE('',#3421,#563);
#465=LINE('',#3425,#564);
#466=LINE('',#3427,#565);
#467=LINE('',#3431,#566);
#468=LINE('',#3433,#567);
#469=LINE('',#3437,#568);
#470=LINE('',#3439,#569);
#471=LINE('',#3443,#570);
#472=LINE('',#3445,#571);
#473=LINE('',#3449,#572);
#474=LINE('',#3451,#573);
#475=LINE('',#3455,#574);
#476=LINE('',#3457,#575);
#477=LINE('',#3461,#576);
#478=LINE('',#3479,#577);
#479=LINE('',#3483,#578);
#480=LINE('',#3487,#579);
#481=LINE('',#3491,#580);
#482=LINE('',#3495,#581);
#483=LINE('',#3499,#582);
#484=LINE('',#3503,#583);
#485=LINE('',#3507,#584);
#486=LINE('',#3532,#585);
#487=LINE('',#3837,#586);
#488=LINE('',#3949,#587);
#489=LINE('',#4223,#588);
#490=LINE('',#4448,#589);
#491=LINE('',#4640,#590);
#492=LINE('',#4834,#591);
#493=LINE('',#5059,#592);
#494=LINE('',#5174,#593);
#495=LINE('',#5175,#594);
#496=LINE('',#5176,#595);
#497=LINE('',#5177,#596);
#498=LINE('',#5178,#597);
#499=LINE('',#5179,#598);
#500=LINE('',#5180,#599);
#501=LINE('',#5181,#600);
#502=LINE('',#5321,#601);
#503=LINE('',#5322,#602);
#504=LINE('',#5324,#603);
#505=LINE('',#5326,#604);
#506=LINE('',#5328,#605);
#507=LINE('',#5330,#606);
#508=LINE('',#5333,#607);
#509=LINE('',#5335,#608);
#510=LINE('',#5363,#609);
#511=LINE('',#5372,#610);
#512=LINE('',#5374,#611);
#513=LINE('',#5376,#612);
#514=LINE('',#5391,#613);
#515=LINE('',#5398,#615);
#516=LINE('',#5405,#616);
#517=LINE('',#5719,#617);
#518=LINE('',#5990,#618);
#519=LINE('',#6261,#619);
#520=LINE('',#6532,#620);
#521=LINE('',#6846,#621);
#522=LINE('',#7117,#622);
#523=LINE('',#7388,#623);
#524=VECTOR('',#2289,1.);
#525=VECTOR('',#2290,1.);
#526=VECTOR('',#2301,1.);
#527=VECTOR('',#2318,1.);
#528=VECTOR('',#2323,1.);
#529=VECTOR('',#2326,1.);
#530=VECTOR('',#2327,1.);
#531=VECTOR('',#2328,1.);
#532=VECTOR('',#2331,1.);
#533=VECTOR('',#2332,1.);
#534=VECTOR('',#2333,1.);
#535=VECTOR('',#2336,1.);
#536=VECTOR('',#2337,1.);
#537=VECTOR('',#2338,1.);
#538=VECTOR('',#2341,1.);
#539=VECTOR('',#2342,1.);
#540=VECTOR('',#2343,1.);
#541=VECTOR('',#2346,1.);
#542=VECTOR('',#2347,1.);
#543=VECTOR('',#2348,1.);
#544=VECTOR('',#2351,1.);
#545=VECTOR('',#2352,1.);
#546=VECTOR('',#2353,1.);
#547=VECTOR('',#2356,1.);
#548=VECTOR('',#2357,1.);
#549=VECTOR('',#2358,1.);
#550=VECTOR('',#2361,1.);
#551=VECTOR('',#2362,1.);
#552=VECTOR('',#2363,1.);
#553=VECTOR('',#2382,1.);
#554=VECTOR('',#2383,1.);
#555=VECTOR('',#2388,1.);
#556=VECTOR('',#2389,1.);
#557=VECTOR('',#2394,1.);
#558=VECTOR('',#2395,1.);
#559=VECTOR('',#2400,1.);
#560=VECTOR('',#2401,1.);
#561=VECTOR('',#2406,1.);
#562=VECTOR('',#2409,1.);
#563=VECTOR('',#2412,1.);
#564=VECTOR('',#2415,1.);
#565=VECTOR('',#2418,1.);
#566=VECTOR('',#2421,1.);
#567=VECTOR('',#2424,1.);
#568=VECTOR('',#2427,1.);
#569=VECTOR('',#2430,1.);
#570=VECTOR('',#2433,1.);
#571=VECTOR('',#2436,1.);
#572=VECTOR('',#2439,1.);
#573=VECTOR('',#2442,1.);
#574=VECTOR('',#2445,1.);
#575=VECTOR('',#2448,1.);
#576=VECTOR('',#2451,1.);
#577=VECTOR('',#2486,1.);
#578=VECTOR('',#2491,1.);
#579=VECTOR('',#2496,1.);
#580=VECTOR('',#2501,1.);
#581=VECTOR('',#2506,1.);
#582=VECTOR('',#2511,1.);
#583=VECTOR('',#2516,1.);
#584=VECTOR('',#2521,1.);
#585=VECTOR('',#2548,1.);
#586=VECTOR('',#2559,1.);
#587=VECTOR('',#2566,1.);
#588=VECTOR('',#2579,1.);
#589=VECTOR('',#2588,1.);
#590=VECTOR('',#2597,1.);
#591=VECTOR('',#2608,1.);
#592=VECTOR('',#2617,1.);
#593=VECTOR('',#2628,1.);
#594=VECTOR('',#2629,1.);
#595=VECTOR('',#2630,1.);
#596=VECTOR('',#2631,1.);
#597=VECTOR('',#2632,1.);
#598=VECTOR('',#2633,1.);
#599=VECTOR('',#2634,1.);
#600=VECTOR('',#2635,1.);
#601=VECTOR('',#2664,1.);
#602=VECTOR('',#2665,1.);
#603=VECTOR('',#2668,1.);
#604=VECTOR('',#2671,1.);
#605=VECTOR('',#2674,1.);
#606=VECTOR('',#2677,1.);
#607=VECTOR('',#2682,1.);
#608=VECTOR('',#2683,1.);
#609=VECTOR('',#2690,1.);
#610=VECTOR('',#2693,1.);
#611=VECTOR('',#2696,1.);
#612=VECTOR('',#2697,1.);
#613=VECTOR('',#2700,1.);
#614=VECTOR('',#2701,1.);
#615=VECTOR('',#2702,1.);
#616=VECTOR('',#2709,1.);
#617=VECTOR('',#2714,1.);
#618=VECTOR('',#2719,1.);
#619=VECTOR('',#2724,1.);
#620=VECTOR('',#2729,1.);
#621=VECTOR('',#2734,1.);
#622=VECTOR('',#2739,1.);
#623=VECTOR('',#2744,1.);
#624=FACE_BOUND('',#684,.T.);
#625=FACE_BOUND('',#685,.T.);
#626=FACE_BOUND('',#686,.T.);
#627=FACE_BOUND('',#687,.T.);
#628=FACE_BOUND('',#728,.T.);
#629=FACE_BOUND('',#729,.T.);
#630=FACE_BOUND('',#730,.T.);
#631=FACE_BOUND('',#731,.T.);
#632=FACE_BOUND('',#732,.T.);
#633=FACE_BOUND('',#733,.T.);
#634=FACE_BOUND('',#734,.T.);
#635=FACE_BOUND('',#735,.T.);
#636=FACE_BOUND('',#736,.T.);
#637=FACE_BOUND('',#737,.T.);
#638=FACE_BOUND('',#738,.T.);
#639=FACE_BOUND('',#739,.T.);
#640=FACE_BOUND('',#740,.T.);
#641=FACE_BOUND('',#741,.T.);
#642=FACE_BOUND('',#742,.T.);
#643=FACE_BOUND('',#743,.T.);
#644=FACE_BOUND('',#744,.T.);
#645=FACE_BOUND('',#745,.T.);
#646=FACE_BOUND('',#746,.T.);
#647=FACE_BOUND('',#747,.T.);
#648=FACE_BOUND('',#748,.T.);
#649=FACE_BOUND('',#749,.T.);
#650=FACE_BOUND('',#750,.T.);
#651=FACE_BOUND('',#751,.T.);
#652=FACE_BOUND('',#752,.T.);
#653=FACE_BOUND('',#753,.T.);
#654=FACE_BOUND('',#754,.T.);
#655=FACE_BOUND('',#755,.T.);
#656=FACE_BOUND('',#756,.T.);
#657=FACE_BOUND('',#757,.T.);
#658=FACE_BOUND('',#758,.T.);
#659=FACE_BOUND('',#759,.T.);
#660=FACE_BOUND('',#760,.T.);
#661=FACE_BOUND('',#761,.T.);
#662=FACE_BOUND('',#762,.T.);
#663=FACE_BOUND('',#763,.T.);
#664=FACE_BOUND('',#764,.T.);
#665=FACE_BOUND('',#765,.T.);
#666=FACE_BOUND('',#766,.T.);
#667=FACE_BOUND('',#767,.T.);
#668=FACE_BOUND('',#768,.T.);
#669=FACE_BOUND('',#769,.T.);
#670=FACE_BOUND('',#770,.T.);
#671=FACE_BOUND('',#771,.T.);
#672=FACE_BOUND('',#772,.T.);
#673=FACE_BOUND('',#773,.T.);
#674=FACE_BOUND('',#774,.T.);
#675=FACE_BOUND('',#775,.T.);
#676=FACE_BOUND('',#776,.T.);
#677=FACE_BOUND('',#777,.T.);
#678=FACE_BOUND('',#778,.T.);
#679=FACE_BOUND('',#779,.T.);
#680=FACE_BOUND('',#780,.T.);
#681=FACE_BOUND('',#781,.T.);
#682=FACE_BOUND('',#795,.T.);
#683=FACE_BOUND('',#796,.T.);
#684=EDGE_LOOP('',(#949,#950,#951,#952,#953,#954,#955,#956,#957,#958,#959,
#960,#961,#962,#963,#964,#965,#966,#967,#968,#969,#970,#971,#972));
#685=EDGE_LOOP('',(#973,#974,#975,#976,#977,#978,#979,#980));
#686=EDGE_LOOP('',(#981,#982,#983,#984,#985,#986,#987,#988,#989,#990,#991,
#992,#993,#994,#995,#996,#997,#998,#999,#1000,#1001,#1002,#1003,#1004,#1005,
#1006,#1007,#1008,#1009,#1010));
#687=EDGE_LOOP('',(#1011,#1012,#1013,#1014,#1015,#1016));
#688=EDGE_LOOP('',(#1017,#1018,#1019,#1020));
#689=EDGE_LOOP('',(#1021,#1022,#1023,#1024));
#690=EDGE_LOOP('',(#1025,#1026,#1027,#1028));
#691=EDGE_LOOP('',(#1029,#1030,#1031,#1032));
#692=EDGE_LOOP('',(#1033,#1034,#1035,#1036));
#693=EDGE_LOOP('',(#1037,#1038,#1039,#1040));
#694=EDGE_LOOP('',(#1041,#1042,#1043,#1044));
#695=EDGE_LOOP('',(#1045,#1046,#1047,#1048));
#696=EDGE_LOOP('',(#1049,#1050,#1051,#1052));
#697=EDGE_LOOP('',(#1053,#1054,#1055,#1056));
#698=EDGE_LOOP('',(#1057,#1058,#1059,#1060));
#699=EDGE_LOOP('',(#1061,#1062,#1063,#1064));
#700=EDGE_LOOP('',(#1065,#1066,#1067,#1068));
#701=EDGE_LOOP('',(#1069,#1070,#1071,#1072,#1073,#1074));
#702=EDGE_LOOP('',(#1075,#1076,#1077,#1078));
#703=EDGE_LOOP('',(#1079,#1080,#1081,#1082));
#704=EDGE_LOOP('',(#1083,#1084,#1085,#1086));
#705=EDGE_LOOP('',(#1087,#1088,#1089,#1090));
#706=EDGE_LOOP('',(#1091,#1092,#1093,#1094));
#707=EDGE_LOOP('',(#1095,#1096,#1097,#1098));
#708=EDGE_LOOP('',(#1099,#1100,#1101,#1102));
#709=EDGE_LOOP('',(#1103,#1104,#1105,#1106));
#710=EDGE_LOOP('',(#1107,#1108,#1109,#1110));
#711=EDGE_LOOP('',(#1111,#1112,#1113,#1114));
#712=EDGE_LOOP('',(#1115,#1116,#1117,#1118));
#713=EDGE_LOOP('',(#1119,#1120,#1121,#1122));
#714=EDGE_LOOP('',(#1123,#1124,#1125,#1126));
#715=EDGE_LOOP('',(#1127,#1128,#1129,#1130));
#716=EDGE_LOOP('',(#1131,#1132,#1133,#1134));
#717=EDGE_LOOP('',(#1135,#1136,#1137,#1138));
#718=EDGE_LOOP('',(#1139,#1140,#1141,#1142));
#719=EDGE_LOOP('',(#1143,#1144,#1145,#1146));
#720=EDGE_LOOP('',(#1147,#1148,#1149,#1150));
#721=EDGE_LOOP('',(#1151,#1152,#1153,#1154));
#722=EDGE_LOOP('',(#1155,#1156,#1157,#1158));
#723=EDGE_LOOP('',(#1159,#1160,#1161,#1162));
#724=EDGE_LOOP('',(#1163,#1164,#1165,#1166));
#725=EDGE_LOOP('',(#1167,#1168,#1169,#1170));
#726=EDGE_LOOP('',(#1171,#1172,#1173,#1174));
#727=EDGE_LOOP('',(#1175,#1176,#1177,#1178));
#728=EDGE_LOOP('',(#1179,#1180,#1181,#1182,#1183,#1184,#1185,#1186,#1187,
#1188,#1189,#1190,#1191,#1192,#1193,#1194,#1195,#1196,#1197,#1198,#1199,
#1200,#1201,#1202));
#729=EDGE_LOOP('',(#1203));
#730=EDGE_LOOP('',(#1204));
#731=EDGE_LOOP('',(#1205));
#732=EDGE_LOOP('',(#1206));
#733=EDGE_LOOP('',(#1207));
#734=EDGE_LOOP('',(#1208));
#735=EDGE_LOOP('',(#1209));
#736=EDGE_LOOP('',(#1210));
#737=EDGE_LOOP('',(#1211));
#738=EDGE_LOOP('',(#1212));
#739=EDGE_LOOP('',(#1213,#1214,#1215,#1216));
#740=EDGE_LOOP('',(#1217));
#741=EDGE_LOOP('',(#1218,#1219,#1220,#1221));
#742=EDGE_LOOP('',(#1222,#1223,#1224,#1225));
#743=EDGE_LOOP('',(#1226));
#744=EDGE_LOOP('',(#1227));
#745=EDGE_LOOP('',(#1228));
#746=EDGE_LOOP('',(#1229,#1230,#1231,#1232));
#747=EDGE_LOOP('',(#1233));
#748=EDGE_LOOP('',(#1234));
#749=EDGE_LOOP('',(#1235));
#750=EDGE_LOOP('',(#1236));
#751=EDGE_LOOP('',(#1237,#1238,#1239,#1240));
#752=EDGE_LOOP('',(#1241));
#753=EDGE_LOOP('',(#1242,#1243,#1244,#1245));
#754=EDGE_LOOP('',(#1246,#1247,#1248,#1249));
#755=EDGE_LOOP('',(#1250));
#756=EDGE_LOOP('',(#1251));
#757=EDGE_LOOP('',(#1252));
#758=EDGE_LOOP('',(#1253,#1254,#1255,#1256));
#759=EDGE_LOOP('',(#1257));
#760=EDGE_LOOP('',(#1258));
#761=EDGE_LOOP('',(#1259));
#762=EDGE_LOOP('',(#1260));
#763=EDGE_LOOP('',(#1261,#1262,#1263,#1264));
#764=EDGE_LOOP('',(#1265));
#765=EDGE_LOOP('',(#1266,#1267,#1268,#1269));
#766=EDGE_LOOP('',(#1270,#1271,#1272,#1273));
#767=EDGE_LOOP('',(#1274));
#768=EDGE_LOOP('',(#1275));
#769=EDGE_LOOP('',(#1276));
#770=EDGE_LOOP('',(#1277));
#771=EDGE_LOOP('',(#1278));
#772=EDGE_LOOP('',(#1279,#1280,#1281,#1282,#1283,#1284,#1285,#1286,#1287,
#1288,#1289,#1290,#1291,#1292,#1293,#1294,#1295,#1296,#1297,#1298,#1299,
#1300,#1301,#1302));
#773=EDGE_LOOP('',(#1303,#1304,#1305,#1306));
#774=EDGE_LOOP('',(#1307,#1308,#1309,#1310));
#775=EDGE_LOOP('',(#1311));
#776=EDGE_LOOP('',(#1312));
#777=EDGE_LOOP('',(#1313,#1314,#1315,#1316));
#778=EDGE_LOOP('',(#1317));
#779=EDGE_LOOP('',(#1318));
#780=EDGE_LOOP('',(#1319,#1320,#1321,#1322));
#781=EDGE_LOOP('',(#1323,#1324,#1325,#1326));
#782=EDGE_LOOP('',(#1327,#1328,#1329,#1330));
#783=EDGE_LOOP('',(#1331,#1332,#1333,#1334));
#784=EDGE_LOOP('',(#1335,#1336,#1337,#1338));
#785=EDGE_LOOP('',(#1339,#1340,#1341,#1342));
#786=EDGE_LOOP('',(#1343,#1344,#1345,#1346));
#787=EDGE_LOOP('',(#1347,#1348,#1349,#1350));
#788=EDGE_LOOP('',(#1351,#1352,#1353,#1354));
#789=EDGE_LOOP('',(#1355,#1356,#1357,#1358));
#790=EDGE_LOOP('',(#1359,#1360,#1361,#1362));
#791=EDGE_LOOP('',(#1363,#1364,#1365,#1366));
#792=EDGE_LOOP('',(#1367,#1368,#1369,#1370));
#793=EDGE_LOOP('',(#1371,#1372,#1373,#1374));
#794=EDGE_LOOP('',(#1375,#1376,#1377,#1378));
#795=EDGE_LOOP('',(#1379,#1380));
#796=EDGE_LOOP('',(#1381,#1382,#1383,#1384,#1385,#1386));
#797=EDGE_LOOP('',(#1387,#1388,#1389));
#798=EDGE_LOOP('',(#1390,#1391,#1392));
#799=EDGE_LOOP('',(#1393,#1394,#1395,#1396,#1397));
#800=EDGE_LOOP('',(#1398,#1399,#1400,#1401,#1402,#1403,#1404,#1405));
#801=EDGE_LOOP('',(#1406,#1407,#1408,#1409,#1410));
#802=EDGE_LOOP('',(#1411,#1412,#1413));
#803=EDGE_LOOP('',(#1414,#1415,#1416));
#804=EDGE_LOOP('',(#1417,#1418,#1419,#1420));
#805=EDGE_LOOP('',(#1421,#1422,#1423,#1424));
#806=EDGE_LOOP('',(#1425,#1426,#1427,#1428));
#807=EDGE_LOOP('',(#1429,#1430,#1431,#1432));
#808=EDGE_LOOP('',(#1433,#1434,#1435,#1436));
#809=EDGE_LOOP('',(#1437,#1438,#1439,#1440));
#810=EDGE_LOOP('',(#1441,#1442,#1443,#1444));
#811=EDGE_LOOP('',(#1445,#1446,#1447,#1448));
#812=EDGE_LOOP('',(#1449,#1450,#1451,#1452));
#813=EDGE_LOOP('',(#1453,#1454,#1455,#1456));
#814=EDGE_LOOP('',(#1457,#1458,#1459,#1460));
#815=EDGE_LOOP('',(#1461,#1462,#1463,#1464));
#816=EDGE_LOOP('',(#1465,#1466,#1467,#1468));
#817=EDGE_LOOP('',(#1469,#1470,#1471,#1472));
#818=EDGE_LOOP('',(#1473,#1474,#1475,#1476));
#819=EDGE_LOOP('',(#1477,#1478,#1479,#1480));
#820=EDGE_LOOP('',(#1481,#1482,#1483,#1484));
#821=EDGE_LOOP('',(#1485,#1486,#1487,#1488));
#822=EDGE_LOOP('',(#1489,#1490,#1491,#1492));
#823=EDGE_LOOP('',(#1493,#1494,#1495,#1496));
#824=EDGE_LOOP('',(#1497,#1498,#1499,#1500));
#825=EDGE_LOOP('',(#1501,#1502,#1503,#1504));
#826=EDGE_LOOP('',(#1505,#1506,#1507,#1508));
#827=EDGE_LOOP('',(#1509,#1510,#1511,#1512));
#828=EDGE_LOOP('',(#1513,#1514,#1515,#1516));
#829=EDGE_LOOP('',(#1517,#1518,#1519,#1520));
#830=EDGE_LOOP('',(#1521,#1522,#1523,#1524));
#831=EDGE_LOOP('',(#1525,#1526,#1527,#1528));
#832=EDGE_LOOP('',(#1529,#1530,#1531,#1532));
#833=EDGE_LOOP('',(#1533,#1534,#1535,#1536));
#834=EDGE_LOOP('',(#1537,#1538,#1539,#1540));
#835=EDGE_LOOP('',(#1541,#1542,#1543,#1544));
#836=EDGE_LOOP('',(#1545,#1546,#1547,#1548,#1549,#1550));
#837=B_SPLINE_CURVE_WITH_KNOTS('',3,(#2755,#2756,#2757,#2758,#2759,#2760,
#2761,#2762,#2763,#2764,#2765,#2766,#2767,#2768,#2769,#2770,#2771,#2772,
#2773,#2774,#2775,#2776,#2777,#2778,#2779,#2780,#2781,#2782,#2783,#2784,
#2785),.UNSPECIFIED.,.F.,.F.,(4,3,3,3,3,3,3,3,3,3,4),(0.,0.107615682605073,
0.215216409165648,0.323030824864417,0.4309919617761,0.538856273260224,0.646394733782662,
0.753523142368732,0.86036747661268,0.967206112521805,1.),.UNSPECIFIED.);
#838=B_SPLINE_CURVE_WITH_KNOTS('',3,(#2789,#2790,#2791,#2792),
 .UNSPECIFIED.,.F.,.F.,(4,4),(0.,1.),.UNSPECIFIED.);
#839=B_SPLINE_CURVE_WITH_KNOTS('',3,(#2794,#2795,#2796,#2797),
 .UNSPECIFIED.,.F.,.F.,(4,4),(0.,1.),.UNSPECIFIED.);
#840=B_SPLINE_CURVE_WITH_KNOTS('',3,(#2799,#2800,#2801,#2802),
 .UNSPECIFIED.,.F.,.F.,(4,4),(0.,1.),.UNSPECIFIED.);
#841=B_SPLINE_CURVE_WITH_KNOTS('',3,(#2806,#2807,#2808,#2809,#2810,#2811,
#2812,#2813,#2814,#2815,#2816,#2817,#2818,#2819,#2820,#2821,#2822,#2823,
#2824,#2825,#2826,#2827,#2828,#2829,#2830,#2831,#2832,#2833,#2834,#2835,
#2836),.UNSPECIFIED.,.F.,.F.,(4,3,3,3,3,3,3,3,3,3,4),(0.,0.107154414617426,
0.214326698828742,0.32124968412314,0.428057807560995,0.535049681585046,
0.64242326254454,0.750178151397925,0.858133533863155,0.966037212154442,
1.),.UNSPECIFIED.);
#842=B_SPLINE_CURVE_WITH_KNOTS('',3,(#2840,#2841,#2842,#2843),
 .UNSPECIFIED.,.F.,.F.,(4,4),(0.,1.),.UNSPECIFIED.);
#843=B_SPLINE_CURVE_WITH_KNOTS('',3,(#2845,#2846,#2847,#2848),
 .UNSPECIFIED.,.F.,.F.,(4,4),(0.,1.),.UNSPECIFIED.);
#844=B_SPLINE_CURVE_WITH_KNOTS('',3,(#2850,#2851,#2852,#2853),
 .UNSPECIFIED.,.F.,.F.,(4,4),(0.,1.),.UNSPECIFIED.);
#845=B_SPLINE_CURVE_WITH_KNOTS('',3,(#2857,#2858,#2859,#2860,#2861,#2862,
#2863,#2864,#2865,#2866,#2867,#2868,#2869,#2870,#2871,#2872,#2873,#2874,
#2875,#2876,#2877,#2878,#2879,#2880,#2881,#2882,#2883,#2884,#2885,#2886,
#2887),.UNSPECIFIED.,.F.,.F.,(4,3,3,3,3,3,3,3,3,3,4),(0.,0.107469749955412,
0.214938079405555,0.3224244061533,0.429900310872903,0.537344612469251,0.644756177973718,
0.752145020880466,0.859523013709271,0.966900668666377,1.),.UNSPECIFIED.);
#846=B_SPLINE_CURVE_WITH_KNOTS('',3,(#2891,#2892,#2893,#2894),
 .UNSPECIFIED.,.F.,.F.,(4,4),(0.,1.),.UNSPECIFIED.);
#847=B_SPLINE_CURVE_WITH_KNOTS('',3,(#2896,#2897,#2898,#2899),
 .UNSPECIFIED.,.F.,.F.,(4,4),(0.,1.),.UNSPECIFIED.);
#848=B_SPLINE_CURVE_WITH_KNOTS('',3,(#2901,#2902,#2903,#2904),
 .UNSPECIFIED.,.F.,.F.,(4,4),(0.,1.),.UNSPECIFIED.);
#849=B_SPLINE_CURVE_WITH_KNOTS('',3,(#2908,#2909,#2910,#2911,#2912,#2913,
#2914,#2915,#2916,#2917,#2918,#2919,#2920,#2921,#2922,#2923,#2924,#2925,
#2926,#2927,#2928,#2929,#2930,#2931,#2932,#2933,#2934,#2935,#2936,#2937,
#2938),.UNSPECIFIED.,.F.,.F.,(4,3,3,3,3,3,3,3,3,3,4),(0.,0.107390684290648,
0.214782135951091,0.322163137228993,0.429540284974042,0.536923806309809,
0.644325112821345,0.751755862857281,0.859220850761626,0.96670749654864,
1.),.UNSPECIFIED.);
#850=B_SPLINE_CURVE_WITH_KNOTS('',3,(#2942,#2943,#2944,#2945),
 .UNSPECIFIED.,.F.,.F.,(4,4),(0.,1.),.UNSPECIFIED.);
#851=B_SPLINE_CURVE_WITH_KNOTS('',3,(#2947,#2948,#2949,#2950),
 .UNSPECIFIED.,.F.,.F.,(4,4),(0.,1.),.UNSPECIFIED.);
#852=B_SPLINE_CURVE_WITH_KNOTS('',3,(#2952,#2953,#2954,#2955),
 .UNSPECIFIED.,.F.,.F.,(4,4),(0.,1.),.UNSPECIFIED.);
#853=B_SPLINE_CURVE_WITH_KNOTS('',3,(#2959,#2960,#2961,#2962,#2963,#2964,
#2965,#2966,#2967,#2968,#2969,#2970,#2971,#2972,#2973,#2974,#2975,#2976,
#2977,#2978,#2979,#2980,#2981,#2982,#2983,#2984),.UNSPECIFIED.,.F.,.F.,
(4,2,2,2,2,2,2,2,2,2,2,2,4),(0.,0.0624999999999995,0.124999999999999,0.25,
0.375000000000001,0.437500000000002,0.500000000000002,0.562500000000003,
0.625000000000003,0.750000000000002,0.875000000000001,0.937500000000001,
1.),.UNSPECIFIED.);
#854=B_SPLINE_CURVE_WITH_KNOTS('',3,(#2988,#2989,#2990,#2991,#2992,#2993),
 .UNSPECIFIED.,.F.,.F.,(4,2,4),(0.,0.5,1.),.UNSPECIFIED.);
#855=B_SPLINE_CURVE_WITH_KNOTS('',3,(#2997,#2998,#2999,#3000,#3001,#3002,
#3003,#3004,#3005,#3006,#3007,#3008,#3009,#3010,#3011,#3012,#3013,#3014,
#3015,#3016,#3017,#3018,#3019,#3020,#3021,#3022,#3023,#3024,#3025,#3026,
#3027,#3028,#3029,#3030),.UNSPECIFIED.,.F.,.F.,(4,2,2,2,2,2,2,2,2,2,2,2,
2,2,2,2,4),(0.,0.0625000000000002,0.125,0.187500000000001,0.250000000000001,
0.312500000000001,0.375000000000001,0.437500000000002,0.500000000000002,
0.562500000000002,0.625000000000002,0.687500000000002,0.750000000000002,
0.812500000000001,0.875000000000001,0.9375,1.),.UNSPECIFIED.);
#856=B_SPLINE_CURVE_WITH_KNOTS('',3,(#3034,#3035,#3036,#3037,#3038,#3039),
 .UNSPECIFIED.,.F.,.F.,(4,2,4),(0.,0.5,1.),.UNSPECIFIED.);
#857=B_SPLINE_CURVE_WITH_KNOTS('',3,(#3044,#3045,#3046,#3047,#3048,#3049,
#3050,#3051,#3052,#3053,#3054,#3055,#3056,#3057),.UNSPECIFIED.,.F.,.F.,
(4,2,2,2,2,2,4),(0.,0.250000000000001,0.375000000000002,0.500000000000002,
0.625000000000003,0.750000000000003,1.),.UNSPECIFIED.);
#858=B_SPLINE_CURVE_WITH_KNOTS('',3,(#3063,#3064,#3065,#3066),
 .UNSPECIFIED.,.F.,.F.,(4,4),(0.,1.),.UNSPECIFIED.);
#859=B_SPLINE_CURVE_WITH_KNOTS('',3,(#3068,#3069,#3070,#3071),
 .UNSPECIFIED.,.F.,.F.,(4,4),(0.,1.),.UNSPECIFIED.);
#860=B_SPLINE_CURVE_WITH_KNOTS('',3,(#3075,#3076,#3077,#3078,#3079,#3080,
#3081,#3082,#3083,#3084,#3085,#3086,#3087,#3088,#3089,#3090,#3091,#3092,
#3093,#3094,#3095,#3096,#3097,#3098,#3099,#3100,#3101,#3102,#3103,#3104,
#3105),.UNSPECIFIED.,.F.,.F.,(4,3,3,3,3,3,3,3,3,3,4),(0.,0.107615682605071,
0.215216409165642,0.323030824864414,0.430991961776094,0.538856273260216,
0.646394733782655,0.753523142368726,0.860367476612676,0.967206112521801,
1.),.UNSPECIFIED.);
#861=B_SPLINE_CURVE_WITH_KNOTS('',3,(#3109,#3110,#3111,#3112),
 .UNSPECIFIED.,.F.,.F.,(4,4),(0.,1.),.UNSPECIFIED.);
#862=B_SPLINE_CURVE_WITH_KNOTS('',3,(#3114,#3115,#3116,#3117),
 .UNSPECIFIED.,.F.,.F.,(4,4),(0.,1.),.UNSPECIFIED.);
#863=B_SPLINE_CURVE_WITH_KNOTS('',3,(#3119,#3120,#3121,#3122),
 .UNSPECIFIED.,.F.,.F.,(4,4),(0.,1.),.UNSPECIFIED.);
#864=B_SPLINE_CURVE_WITH_KNOTS('',3,(#3126,#3127,#3128,#3129,#3130,#3131,
#3132,#3133,#3134,#3135,#3136,#3137,#3138,#3139,#3140,#3141,#3142,#3143,
#3144,#3145,#3146,#3147,#3148,#3149,#3150,#3151,#3152,#3153,#3154,#3155,
#3156),.UNSPECIFIED.,.F.,.F.,(4,3,3,3,3,3,3,3,3,3,4),(0.,0.107390684290648,
0.214782135951091,0.322163137228994,0.429540284974043,0.536923806309809,
0.644325112821345,0.751755862857282,0.859220850761629,0.966707496548641,
1.),.UNSPECIFIED.);
#865=B_SPLINE_CURVE_WITH_KNOTS('',3,(#3160,#3161,#3162,#3163),
 .UNSPECIFIED.,.F.,.F.,(4,4),(0.,1.),.UNSPECIFIED.);
#866=B_SPLINE_CURVE_WITH_KNOTS('',3,(#3165,#3166,#3167,#3168),
 .UNSPECIFIED.,.F.,.F.,(4,4),(0.,1.),.UNSPECIFIED.);
#867=B_SPLINE_CURVE_WITH_KNOTS('',3,(#3170,#3171,#3172,#3173),
 .UNSPECIFIED.,.F.,.F.,(4,4),(0.,1.),.UNSPECIFIED.);
#868=B_SPLINE_CURVE_WITH_KNOTS('',3,(#3177,#3178,#3179,#3180,#3181,#3182,
#3183,#3184,#3185,#3186,#3187,#3188,#3189,#3190,#3191,#3192,#3193,#3194,
#3195,#3196,#3197,#3198,#3199,#3200,#3201,#3202,#3203,#3204,#3205,#3206,
#3207),.UNSPECIFIED.,.F.,.F.,(4,3,3,3,3,3,3,3,3,3,4),(0.,0.107469749955412,
0.214938079405554,0.322424406153299,0.429900310872902,0.537344612469251,
0.644756177973717,0.752145020880466,0.859523013709271,0.966900668666377,
1.),.UNSPECIFIED.);
#869=B_SPLINE_CURVE_WITH_KNOTS('',3,(#3211,#3212,#3213,#3214),
 .UNSPECIFIED.,.F.,.F.,(4,4),(0.,1.),.UNSPECIFIED.);
#870=B_SPLINE_CURVE_WITH_KNOTS('',3,(#3216,#3217,#3218,#3219),
 .UNSPECIFIED.,.F.,.F.,(4,4),(0.,1.),.UNSPECIFIED.);
#871=B_SPLINE_CURVE_WITH_KNOTS('',3,(#3221,#3222,#3223,#3224),
 .UNSPECIFIED.,.F.,.F.,(4,4),(0.,1.),.UNSPECIFIED.);
#872=B_SPLINE_CURVE_WITH_KNOTS('',3,(#3228,#3229,#3230,#3231,#3232,#3233,
#3234,#3235,#3236,#3237,#3238,#3239,#3240,#3241,#3242,#3243,#3244,#3245,
#3246,#3247,#3248,#3249,#3250,#3251,#3252,#3253,#3254,#3255,#3256,#3257,
#3258),.UNSPECIFIED.,.F.,.F.,(4,3,3,3,3,3,3,3,3,3,4),(0.,0.107154414617426,
0.214326698828742,0.321249684123142,0.428057807560997,0.535049681585049,
0.642423262544543,0.750178151397926,0.858133533863155,0.966037212154442,
1.),.UNSPECIFIED.);
#873=B_SPLINE_CURVE_WITH_KNOTS('',3,(#3262,#3263,#3264,#3265),
 .UNSPECIFIED.,.F.,.F.,(4,4),(0.,1.),.UNSPECIFIED.);
#874=B_SPLINE_CURVE_WITH_KNOTS('',3,(#3267,#3268,#3269,#3270),
 .UNSPECIFIED.,.F.,.F.,(4,4),(0.,1.),.UNSPECIFIED.);
#875=B_SPLINE_CURVE_WITH_KNOTS('',3,(#3273,#3274,#3275,#3276,#3277,#3278),
 .UNSPECIFIED.,.F.,.F.,(4,2,4),(0.,0.5,1.),.UNSPECIFIED.);
#876=B_SPLINE_CURVE_WITH_KNOTS('',3,(#3283,#3284,#3285,#3286,#3287,#3288,
#3289,#3290,#3291,#3292,#3293,#3294,#3295,#3296,#3297,#3298,#3299,#3300,
#3301,#3302,#3303,#3304,#3305,#3306,#3307,#3308,#3309,#3310,#3311,#3312,
#3313,#3314,#3315,#3316),.UNSPECIFIED.,.F.,.F.,(4,2,2,2,2,2,2,2,2,2,2,2,
2,2,2,2,4),(0.,0.0624999999999999,0.125,0.1875,0.25,0.3125,0.375,0.4375,
0.5,0.5625,0.625,0.6875,0.75,0.8125,0.875,0.9375,1.),.UNSPECIFIED.);
#877=B_SPLINE_CURVE_WITH_KNOTS('',3,(#3320,#3321,#3322,#3323,#3324,#3325),
 .UNSPECIFIED.,.F.,.F.,(4,2,4),(0.,0.5,1.),.UNSPECIFIED.);
#878=B_SPLINE_CURVE_WITH_KNOTS('',3,(#3393,#3394,#3395,#3396,#3397,#3398),
 .UNSPECIFIED.,.F.,.F.,(4,2,4),(0.,0.5,1.),.UNSPECIFIED.);
#879=B_SPLINE_CURVE_WITH_KNOTS('',3,(#3535,#3536,#3537,#3538,#3539,#3540,
#3541,#3542,#3543,#3544,#3545,#3546,#3547,#3548,#3549,#3550,#3551,#3552,
#3553,#3554,#3555,#3556,#3557,#3558,#3559,#3560,#3561,#3562,#3563,#3564,
#3565,#3566,#3567,#3568,#3569,#3570,#3571,#3572,#3573,#3574,#3575,#3576,
#3577,#3578,#3579,#3580,#3581,#3582,#3583,#3584,#3585,#3586,#3587,#3588,
#3589,#3590,#3591,#3592,#3593,#3594,#3595,#3596,#3597,#3598,#3599,#3600,
#3601,#3602,#3603,#3604,#3605,#3606,#3607,#3608,#3609,#3610,#3611,#3612,
#3613,#3614,#3615,#3616,#3617,#3618,#3619,#3620,#3621,#3622,#3623,#3624,
#3625,#3626,#3627,#3628,#3629,#3630,#3631,#3632,#3633,#3634,#3635,#3636,
#3637,#3638,#3639,#3640),.UNSPECIFIED.,.F.,.F.,(4,3,3,3,3,3,3,3,3,3,3,3,
3,3,3,3,3,3,3,3,3,3,3,3,3,3,3,3,3,3,3,3,3,3,3,4),(0.,0.0291488118335291,
0.058295545700085,0.0874422162871611,0.116595636029879,0.145741082735212,
0.174896887122493,0.204041649358506,0.233194444040024,0.262342420829686,
0.291490573221559,0.320641653580885,0.349785736201913,0.378942917785889,
0.408088829478146,0.437241971817761,0.4663881621436,0.495535666565977,0.524688086771028,
0.553833644704466,0.582989109180292,0.612133754398254,0.641287610295397,
0.670435026452222,0.699583908906412,0.728734024747629,0.757878287162663,
0.7870351409746,0.816180947303466,0.845334895032276,0.874480651068587,0.903629067517405,
0.932780512370217,0.96192632726168,0.991081229058373,1.),.UNSPECIFIED.);
#880=B_SPLINE_CURVE_WITH_KNOTS('',3,(#3644,#3645,#3646,#3647,#3648,#3649,
#3650,#3651,#3652,#3653,#3654,#3655,#3656,#3657,#3658,#3659,#3660,#3661,
#3662,#3663,#3664,#3665,#3666,#3667,#3668,#3669,#3670,#3671,#3672,#3673,
#3674,#3675,#3676,#3677,#3678,#3679,#3680,#3681,#3682,#3683,#3684,#3685,
#3686,#3687,#3688,#3689,#3690,#3691,#3692,#3693,#3694,#3695,#3696,#3697,
#3698,#3699,#3700,#3701,#3702,#3703,#3704,#3705,#3706,#3707,#3708,#3709,
#3710,#3711,#3712,#3713,#3714,#3715,#3716,#3717,#3718,#3719),
 .UNSPECIFIED.,.F.,.F.,(4,3,3,3,3,3,3,3,3,3,3,3,3,3,3,3,3,3,3,3,3,3,3,3,
3,4),(0.,0.0406754745938156,0.0813468239705782,0.12200289087185,0.162670601712912,
0.203326506682146,0.243986556508894,0.284650207566447,0.325306428778428,
0.36597499138948,0.406629283230803,0.447298396223409,0.487955982620202,
0.528617713816098,0.569278267263403,0.609932840217814,0.650603347994408,
0.6912592927772,0.731928042957478,0.772583511031237,0.813244934229394,0.853907315334982,
0.894564125101625,0.935231620615869,0.975885726566012,1.),.UNSPECIFIED.);
#881=B_SPLINE_CURVE_WITH_KNOTS('',3,(#3721,#3722,#3723,#3724,#3725,#3726,
#3727),.UNSPECIFIED.,.F.,.F.,(4,3,4),(0.,0.491824670323399,1.),
 .UNSPECIFIED.);
#882=B_SPLINE_CURVE_WITH_KNOTS('',3,(#3731,#3732,#3733,#3734,#3735,#3736,
#3737,#3738,#3739,#3740,#3741,#3742,#3743,#3744,#3745,#3746,#3747,#3748,
#3749,#3750,#3751,#3752,#3753,#3754,#3755),.UNSPECIFIED.,.F.,.F.,(4,3,3,
3,3,3,3,3,4),(0.,0.111971458818302,0.252383498438998,0.393840468944722,
0.530828226168404,0.66840335189489,0.803111455290193,0.936326630824203,
1.),.UNSPECIFIED.);
#883=B_SPLINE_CURVE_WITH_KNOTS('',3,(#3760,#3761,#3762,#3763,#3764,#3765,
#3766,#3767,#3768,#3769,#3770,#3771,#3772,#3773,#3774,#3775,#3776,#3777,
#3778,#3779,#3780,#3781,#3782,#3783,#3784,#3785,#3786,#3787,#3788,#3789,
#3790,#3791,#3792,#3793,#3794,#3795,#3796,#3797,#3798,#3799,#3800,#3801,
#3802,#3803,#3804,#3805,#3806,#3807,#3808,#3809,#3810,#3811,#3812,#3813,
#3814,#3815,#3816,#3817,#3818,#3819,#3820,#3821,#3822,#3823,#3824,#3825,
#3826,#3827,#3828,#3829,#3830,#3831,#3832,#3833,#3834,#3835),
 .UNSPECIFIED.,.F.,.F.,(4,3,3,3,3,3,3,3,3,3,3,3,3,3,3,3,3,3,3,3,3,3,3,3,
3,4),(0.,0.0406754745938143,0.0813468239705715,0.122002890871848,0.16267060171291,
0.203326506682144,0.243986556508889,0.284650207566442,0.325306428778429,
0.36597499138948,0.406629283230797,0.447298396223402,0.487955982620198,
0.528617713816093,0.569278267263398,0.609932840217806,0.650603347994401,
0.691259292777189,0.731928042957464,0.772583511031235,0.813244934229387,
0.853907315334969,0.894564125101617,0.935231620615859,0.975885726566001,
1.),.UNSPECIFIED.);
#884=B_SPLINE_CURVE_WITH_KNOTS('',3,(#3839,#3840,#3841,#3842,#3843,#3844,
#3845,#3846,#3847,#3848,#3849,#3850,#3851,#3852,#3853,#3854,#3855,#3856,
#3857,#3858,#3859,#3860,#3861,#3862,#3863,#3864,#3865,#3866,#3867,#3868,
#3869,#3870,#3871,#3872,#3873,#3874,#3875,#3876,#3877,#3878,#3879,#3880,
#3881,#3882,#3883,#3884,#3885,#3886,#3887,#3888,#3889,#3890,#3891,#3892,
#3893,#3894,#3895,#3896,#3897,#3898,#3899,#3900,#3901,#3902,#3903,#3904,
#3905,#3906,#3907,#3908,#3909,#3910,#3911,#3912,#3913,#3914,#3915,#3916,
#3917,#3918,#3919,#3920,#3921,#3922,#3923,#3924,#3925,#3926,#3927,#3928,
#3929,#3930,#3931,#3932,#3933,#3934,#3935,#3936,#3937,#3938,#3939,#3940,
#3941,#3942,#3943,#3944),.UNSPECIFIED.,.F.,.F.,(4,3,3,3,3,3,3,3,3,3,3,3,
3,3,3,3,3,3,3,3,3,3,3,3,3,3,3,3,3,3,3,3,3,3,3,4),(0.,0.0291488089485351,
0.0582955399303058,0.0874422076326017,0.116595624489873,0.145741068310548,
0.17489686981215,0.204041629163567,0.233194420959698,0.262342394864453,
0.291490544371402,0.320641621845513,0.349785701582017,0.378942880280175,
0.408088789087728,0.43724192854192,0.466388115983032,0.495535617520548,
0.524688034840253,0.55383358988902,0.582989051479198,0.612133693812581,
0.641287546824234,0.670434960096205,0.699583839665395,0.728733952621485,
0.757878212151988,0.787035063078136,0.816180866522312,0.845334811365623,
0.874480564517245,0.903628978081111,0.932780420048676,0.961926232055443,
0.991081130966538,1.),.UNSPECIFIED.);
#885=B_SPLINE_CURVE_WITH_KNOTS('',3,(#3952,#3953,#3954,#3955,#3956,#3957,
#3958,#3959,#3960,#3961,#3962,#3963,#3964,#3965,#3966,#3967,#3968,#3969,
#3970,#3971,#3972,#3973,#3974,#3975,#3976,#3977,#3978,#3979,#3980,#3981,
#3982,#3983,#3984,#3985,#3986,#3987,#3988,#3989,#3990,#3991,#3992,#3993,
#3994,#3995,#3996,#3997,#3998,#3999,#4000,#4001,#4002,#4003,#4004,#4005,
#4006,#4007,#4008,#4009,#4010,#4011,#4012,#4013,#4014,#4015,#4016,#4017,
#4018,#4019,#4020,#4021,#4022,#4023,#4024,#4025,#4026,#4027,#4028,#4029,
#4030,#4031,#4032,#4033,#4034,#4035,#4036,#4037,#4038,#4039,#4040,#4041,
#4042,#4043,#4044,#4045,#4046,#4047,#4048,#4049,#4050,#4051,#4052,#4053,
#4054,#4055,#4056,#4057),.UNSPECIFIED.,.F.,.F.,(4,3,3,3,3,3,3,3,3,3,3,3,
3,3,3,3,3,3,3,3,3,3,3,3,3,3,3,3,3,3,3,3,3,3,3,4),(0.,0.0291488089485365,
0.0582955399303069,0.0874422076326034,0.116595624489876,0.145741068310551,
0.174896869812151,0.204041629163569,0.233194420959699,0.262342394864453,
0.291490544371404,0.320641621845514,0.349785701582018,0.378942880280178,
0.408088789087727,0.437241928541921,0.466388115983035,0.49553561752055,
0.52468803484025,0.55383358988902,0.582989051479196,0.612133693812578,0.64128754682423,
0.6704349600962,0.699583839665394,0.728733952621484,0.757878212151988,0.787035063078136,
0.816180866522307,0.845334811365619,0.874480564517241,0.903628978081106,
0.93278042004867,0.961926232055437,0.991081130966535,1.),.UNSPECIFIED.);
#886=B_SPLINE_CURVE_WITH_KNOTS('',3,(#4061,#4062,#4063,#4064,#4065,#4066,
#4067,#4068,#4069,#4070,#4071,#4072,#4073,#4074,#4075,#4076,#4077,#4078,
#4079,#4080,#4081,#4082,#4083,#4084,#4085,#4086,#4087,#4088,#4089,#4090,
#4091,#4092,#4093,#4094,#4095,#4096,#4097,#4098,#4099,#4100,#4101,#4102,
#4103,#4104,#4105,#4106,#4107,#4108,#4109,#4110,#4111,#4112,#4113,#4114,
#4115,#4116,#4117,#4118,#4119,#4120,#4121,#4122,#4123,#4124,#4125,#4126,
#4127,#4128,#4129,#4130,#4131,#4132,#4133,#4134,#4135,#4136),
 .UNSPECIFIED.,.F.,.F.,(4,3,3,3,3,3,3,3,3,3,3,3,3,3,3,3,3,3,3,3,3,3,3,3,
3,4),(0.,0.0406754745938075,0.0813468239705669,0.122002890871843,0.162670601712903,
0.203326506682137,0.243986556508883,0.284650207566437,0.325306428778422,
0.365974991389471,0.406629283230792,0.447298396223401,0.487955982620193,
0.528617713816084,0.569278267263389,0.609932840217797,0.650603347994396,
0.691259292777183,0.731928042957461,0.772583511031224,0.813244934229379,
0.853907315334963,0.894564125101609,0.935231620615852,0.975885726565995,
1.),.UNSPECIFIED.);
#887=B_SPLINE_CURVE_WITH_KNOTS('',3,(#4146,#4147,#4148,#4149,#4150,#4151,
#4152,#4153,#4154,#4155,#4156,#4157,#4158,#4159,#4160,#4161,#4162,#4163,
#4164,#4165,#4166,#4167,#4168,#4169,#4170,#4171,#4172,#4173,#4174,#4175,
#4176,#4177,#4178,#4179,#4180,#4181,#4182,#4183,#4184,#4185,#4186,#4187,
#4188,#4189,#4190,#4191,#4192,#4193,#4194,#4195,#4196,#4197,#4198,#4199,
#4200,#4201,#4202,#4203,#4204,#4205,#4206,#4207,#4208,#4209,#4210,#4211,
#4212,#4213,#4214,#4215,#4216,#4217,#4218,#4219,#4220,#4221),
 .UNSPECIFIED.,.F.,.F.,(4,3,3,3,3,3,3,3,3,3,3,3,3,3,3,3,3,3,3,3,3,3,3,3,
3,4),(0.,0.0406754745862363,0.0813468239629765,0.122002890864254,0.162670601705309,
0.203326506674542,0.24398655650128,0.28465020755884,0.32530642877082,0.365974991381873,
0.406629283223187,0.447298396215783,0.487955982612581,0.528617713808469,
0.569278267255776,0.609932840210182,0.650603347986776,0.691259292769564,
0.73192804294984,0.772583511023599,0.813244934221744,0.853907315327332,
0.894564125093971,0.935231620608219,0.97588572655836,1.),.UNSPECIFIED.);
#888=B_SPLINE_CURVE_WITH_KNOTS('',3,(#4225,#4226,#4227,#4228,#4229,#4230,
#4231,#4232,#4233,#4234,#4235,#4236,#4237,#4238,#4239,#4240,#4241,#4242,
#4243,#4244,#4245,#4246,#4247,#4248,#4249,#4250,#4251,#4252,#4253,#4254,
#4255,#4256,#4257,#4258,#4259,#4260,#4261,#4262,#4263,#4264,#4265,#4266,
#4267,#4268,#4269,#4270,#4271,#4272,#4273,#4274,#4275,#4276,#4277,#4278,
#4279,#4280,#4281,#4282,#4283,#4284,#4285,#4286,#4287,#4288,#4289,#4290,
#4291,#4292,#4293,#4294,#4295,#4296,#4297,#4298,#4299,#4300,#4301,#4302,
#4303,#4304,#4305,#4306,#4307,#4308,#4309,#4310,#4311,#4312,#4313,#4314,
#4315,#4316,#4317,#4318,#4319,#4320,#4321,#4322,#4323,#4324,#4325,#4326,
#4327,#4328,#4329,#4330),.UNSPECIFIED.,.F.,.F.,(4,3,3,3,3,3,3,3,3,3,3,3,
3,3,3,3,3,3,3,3,3,3,3,3,3,3,3,3,3,3,3,3,3,3,3,4),(0.,0.0291488118335273,
0.0582955457000835,0.0874422162871584,0.116595636029874,0.14574108273521,
0.174896887122492,0.204041649358502,0.233194444040019,0.262342420829685,
0.291490573221556,0.320641653580882,0.349785736201908,0.378942917785886,
0.408088829478141,0.437241971817753,0.466388162143599,0.495535666565976,
0.524688086771028,0.553833644704462,0.582989109180288,0.612133754398249,
0.641287610295394,0.670435026452215,0.699583908906406,0.728734024747621,
0.75787828716266,0.787035140974593,0.816180947303461,0.845334895032271,
0.874480651068583,0.903629067517399,0.932780512370214,0.961926327261678,
0.991081229058364,1.),.UNSPECIFIED.);
#889=B_SPLINE_CURVE_WITH_KNOTS('',3,(#4332,#4333,#4334,#4335,#4336,#4337,
#4338),.UNSPECIFIED.,.F.,.F.,(4,3,4),(0.,0.491824670315902,1.),
 .UNSPECIFIED.);
#890=B_SPLINE_CURVE_WITH_KNOTS('',3,(#4342,#4343,#4344,#4345,#4346,#4347,
#4348,#4349,#4350,#4351,#4352,#4353,#4354,#4355,#4356,#4357,#4358,#4359,
#4360,#4361,#4362,#4363,#4364,#4365,#4366),.UNSPECIFIED.,.F.,.F.,(4,3,3,
3,3,3,3,3,4),(0.,0.111971458818703,0.252383498439318,0.393840468944964,
0.53082822616856,0.668403351894962,0.80311145529018,0.936326630824134,1.),
 .UNSPECIFIED.);
#891=B_SPLINE_CURVE_WITH_KNOTS('',3,(#4371,#4372,#4373,#4374,#4375,#4376,
#4377,#4378,#4379,#4380,#4381,#4382,#4383,#4384,#4385,#4386,#4387,#4388,
#4389,#4390,#4391,#4392,#4393,#4394,#4395,#4396,#4397,#4398,#4399,#4400,
#4401,#4402,#4403,#4404,#4405,#4406,#4407,#4408,#4409,#4410,#4411,#4412,
#4413,#4414,#4415,#4416,#4417,#4418,#4419,#4420,#4421,#4422,#4423,#4424,
#4425,#4426,#4427,#4428,#4429,#4430,#4431,#4432,#4433,#4434,#4435,#4436,
#4437,#4438,#4439,#4440,#4441,#4442,#4443,#4444,#4445,#4446),
 .UNSPECIFIED.,.F.,.F.,(4,3,3,3,3,3,3,3,3,3,3,3,3,3,3,3,3,3,3,3,3,3,3,3,
3,4),(0.,0.0406754745938164,0.081346823970575,0.122002890871853,0.16267060171291,
0.203326506682145,0.24398655650889,0.284650207566447,0.325306428778428,
0.365974991389481,0.4066292832308,0.447298396223404,0.487955982620202,0.528617713816093,
0.569278267263399,0.609932840217805,0.650603347994402,0.691259292777189,
0.731928042957472,0.772583511031237,0.813244934229389,0.853907315334973,
0.894564125101617,0.935231620615862,0.975885726566004,1.),.UNSPECIFIED.);
#892=B_SPLINE_CURVE_WITH_KNOTS('',3,(#4450,#4451,#4452,#4453,#4454,#4455,
#4456,#4457,#4458,#4459,#4460,#4461,#4462,#4463,#4464,#4465,#4466,#4467,
#4468,#4469,#4470,#4471,#4472,#4473,#4474,#4475,#4476,#4477,#4478,#4479,
#4480,#4481,#4482,#4483,#4484,#4485,#4486,#4487,#4488,#4489,#4490,#4491,
#4492,#4493,#4494,#4495,#4496,#4497,#4498,#4499,#4500,#4501,#4502,#4503,
#4504,#4505,#4506,#4507,#4508,#4509,#4510,#4511,#4512,#4513,#4514,#4515,
#4516,#4517,#4518,#4519,#4520,#4521,#4522,#4523,#4524,#4525,#4526,#4527,
#4528,#4529,#4530,#4531,#4532,#4533,#4534,#4535,#4536,#4537,#4538,#4539,
#4540,#4541,#4542,#4543,#4544,#4545,#4546,#4547,#4548,#4549,#4550,#4551,
#4552,#4553,#4554,#4555),.UNSPECIFIED.,.F.,.F.,(4,3,3,3,3,3,3,3,3,3,3,3,
3,3,3,3,3,3,3,3,3,3,3,3,3,3,3,3,3,3,3,3,3,3,3,4),(0.,0.0291488089485376,
0.058295539930309,0.0874422076326053,0.116595624489875,0.145741068310552,
0.174896869812152,0.204041629163573,0.233194420959707,0.262342394864458,
0.291490544371407,0.320641621845518,0.349785701582022,0.37894288028018,
0.408088789087732,0.437241928541926,0.466388115983037,0.49553561752055,
0.524688034840256,0.553833589889025,0.582989051479202,0.612133693812586,
0.641287546824238,0.670434960096213,0.699583839665404,0.728733952621497,
0.757878212151993,0.787035063078143,0.816180866522316,0.845334811365627,
0.87448056451725,0.903628978081115,0.932780420048684,0.961926232055449,
0.991081130966543,1.),.UNSPECIFIED.);
#893=B_SPLINE_CURVE_WITH_KNOTS('',3,(#4563,#4564,#4565,#4566,#4567,#4568,
#4569,#4570,#4571,#4572,#4573,#4574,#4575,#4576,#4577,#4578,#4579,#4580,
#4581,#4582,#4583,#4584,#4585,#4586,#4587,#4588,#4589,#4590,#4591,#4592,
#4593,#4594,#4595,#4596,#4597,#4598,#4599,#4600,#4601,#4602,#4603,#4604,
#4605,#4606,#4607,#4608,#4609,#4610,#4611,#4612,#4613,#4614,#4615,#4616,
#4617,#4618,#4619,#4620,#4621,#4622,#4623,#4624,#4625,#4626,#4627,#4628,
#4629,#4630,#4631,#4632,#4633,#4634,#4635,#4636,#4637,#4638),
 .UNSPECIFIED.,.F.,.F.,(4,3,3,3,3,3,3,3,3,3,3,3,3,3,3,3,3,3,3,3,3,3,3,3,
3,4),(0.,0.0406754745938182,0.0813468239705826,0.122002890871856,0.162670601712916,
0.203326506682151,0.243986556508897,0.284650207566448,0.32530642877844,
0.365974991389482,0.406629283230804,0.447298396223416,0.487955982620206,
0.5286177138161,0.569278267263405,0.609932840217817,0.650603347994408,0.691259292777197,
0.731928042957481,0.772583511031246,0.813244934229396,0.85390731533498,
0.894564125101626,0.93523162061587,0.97588572656601,1.),.UNSPECIFIED.);
#894=B_SPLINE_CURVE_WITH_KNOTS('',3,(#4642,#4643,#4644,#4645,#4646,#4647,
#4648,#4649,#4650,#4651,#4652,#4653,#4654,#4655,#4656,#4657,#4658,#4659,
#4660,#4661,#4662,#4663,#4664,#4665,#4666,#4667,#4668,#4669,#4670,#4671,
#4672,#4673,#4674,#4675,#4676,#4677,#4678,#4679,#4680,#4681,#4682,#4683,
#4684,#4685,#4686,#4687,#4688,#4689,#4690,#4691,#4692,#4693,#4694,#4695,
#4696,#4697,#4698,#4699,#4700,#4701,#4702,#4703,#4704,#4705,#4706,#4707,
#4708,#4709,#4710,#4711,#4712,#4713,#4714,#4715,#4716,#4717,#4718,#4719,
#4720,#4721,#4722,#4723,#4724,#4725,#4726,#4727,#4728,#4729,#4730,#4731,
#4732,#4733,#4734,#4735,#4736,#4737,#4738,#4739,#4740,#4741,#4742,#4743,
#4744,#4745,#4746,#4747),.UNSPECIFIED.,.F.,.F.,(4,3,3,3,3,3,3,3,3,3,3,3,
3,3,3,3,3,3,3,3,3,3,3,3,3,3,3,3,3,3,3,3,3,3,3,4),(0.,0.029148808948536,
0.058295539930307,0.0874422076326051,0.116595624489874,0.145741068310549,
0.174896869812152,0.204041629163571,0.233194420959699,0.262342394864455,
0.291490544371404,0.320641621845514,0.349785701582019,0.378942880280175,
0.408088789087727,0.437241928541923,0.466388115983032,0.495535617520553,
0.524688034840252,0.553833589889021,0.582989051479197,0.61213369381258,
0.64128754682423,0.670434960096204,0.699583839665394,0.728733952621489,
0.757878212151988,0.787035063078133,0.816180866522309,0.84533481136562,
0.874480564517242,0.903628978081107,0.932780420048673,0.96192623205544,
0.991081130966535,1.),.UNSPECIFIED.);
#895=B_SPLINE_CURVE_WITH_KNOTS('',3,(#4757,#4758,#4759,#4760,#4761,#4762,
#4763,#4764,#4765,#4766,#4767,#4768,#4769,#4770,#4771,#4772,#4773,#4774,
#4775,#4776,#4777,#4778,#4779,#4780,#4781,#4782,#4783,#4784,#4785,#4786,
#4787,#4788,#4789,#4790,#4791,#4792,#4793,#4794,#4795,#4796,#4797,#4798,
#4799,#4800,#4801,#4802,#4803,#4804,#4805,#4806,#4807,#4808,#4809,#4810,
#4811,#4812,#4813,#4814,#4815,#4816,#4817,#4818,#4819,#4820,#4821,#4822,
#4823,#4824,#4825,#4826,#4827,#4828,#4829,#4830,#4831,#4832),
 .UNSPECIFIED.,.F.,.F.,(4,3,3,3,3,3,3,3,3,3,3,3,3,3,3,3,3,3,3,3,3,3,3,3,
3,4),(0.,0.0406754745907729,0.0813468239673245,0.122002890868405,0.162670601709268,
0.203326506678309,0.243986556504857,0.28465020756222,0.325306428774005,
0.365974991384869,0.406629283225994,0.447298396218397,0.487955982614998,
0.528617713810693,0.569278267257809,0.609932840212019,0.650603347988423,
0.691259292771015,0.731928042951102,0.772583511024669,0.813244934222624,
0.853907315328018,0.894564125094465,0.935231620608518,0.975885726558465,
1.),.UNSPECIFIED.);
#896=B_SPLINE_CURVE_WITH_KNOTS('',3,(#4836,#4837,#4838,#4839,#4840,#4841,
#4842,#4843,#4844,#4845,#4846,#4847,#4848,#4849,#4850,#4851,#4852,#4853,
#4854,#4855,#4856,#4857,#4858,#4859,#4860,#4861,#4862,#4863,#4864,#4865,
#4866,#4867,#4868,#4869,#4870,#4871,#4872,#4873,#4874,#4875,#4876,#4877,
#4878,#4879,#4880,#4881,#4882,#4883,#4884,#4885,#4886,#4887,#4888,#4889,
#4890,#4891,#4892,#4893,#4894,#4895,#4896,#4897,#4898,#4899,#4900,#4901,
#4902,#4903,#4904,#4905,#4906,#4907,#4908,#4909,#4910,#4911,#4912,#4913,
#4914,#4915,#4916,#4917,#4918,#4919,#4920,#4921,#4922,#4923,#4924,#4925,
#4926,#4927,#4928,#4929,#4930,#4931,#4932,#4933,#4934,#4935,#4936,#4937,
#4938,#4939,#4940,#4941),.UNSPECIFIED.,.F.,.F.,(4,3,3,3,3,3,3,3,3,3,3,3,
3,3,3,3,3,3,3,3,3,3,3,3,3,3,3,3,3,3,3,3,3,3,3,4),(0.,0.0291488118335258,
0.0582955457000813,0.0874422162871582,0.116595636029874,0.145741082735207,
0.174896887122492,0.2040416493585,0.233194444040021,0.262342420829682,0.291490573221554,
0.32064165358088,0.349785736201906,0.378942917785886,0.408088829478141,
0.437241971817754,0.466388162143596,0.495535666565976,0.524688086771024,
0.553833644704461,0.582989109180288,0.61213375439825,0.64128761029539,0.670435026452214,
0.699583908906405,0.728734024747619,0.757878287162657,0.787035140974588,
0.816180947303459,0.84533489503227,0.874480651068581,0.9036290675174,0.932780512370215,
0.961926327261674,0.991081229058365,1.),.UNSPECIFIED.);
#897=B_SPLINE_CURVE_WITH_KNOTS('',3,(#4943,#4944,#4945,#4946,#4947,#4948,
#4949),.UNSPECIFIED.,.F.,.F.,(4,3,4),(0.,0.491824670310962,1.),
 .UNSPECIFIED.);
#898=B_SPLINE_CURVE_WITH_KNOTS('',3,(#4953,#4954,#4955,#4956,#4957,#4958,
#4959,#4960,#4961,#4962,#4963,#4964,#4965,#4966,#4967,#4968,#4969,#4970,
#4971,#4972,#4973,#4974,#4975,#4976,#4977),.UNSPECIFIED.,.F.,.F.,(4,3,3,
3,3,3,3,3,4),(0.,0.111971458822435,0.25238349844782,0.393840468958239,0.530828226186492,
0.668403351917543,0.80311145531731,0.936326630855781,1.),.UNSPECIFIED.);
#899=B_SPLINE_CURVE_WITH_KNOTS('',3,(#4982,#4983,#4984,#4985,#4986,#4987,
#4988,#4989,#4990,#4991,#4992,#4993,#4994,#4995,#4996,#4997,#4998,#4999,
#5000,#5001,#5002,#5003,#5004,#5005,#5006,#5007,#5008,#5009,#5010,#5011,
#5012,#5013,#5014,#5015,#5016,#5017,#5018,#5019,#5020,#5021,#5022,#5023,
#5024,#5025,#5026,#5027,#5028,#5029,#5030,#5031,#5032,#5033,#5034,#5035,
#5036,#5037,#5038,#5039,#5040,#5041,#5042,#5043,#5044,#5045,#5046,#5047,
#5048,#5049,#5050,#5051,#5052,#5053,#5054,#5055,#5056,#5057),
 .UNSPECIFIED.,.F.,.F.,(4,3,3,3,3,3,3,3,3,3,3,3,3,3,3,3,3,3,3,3,3,3,3,3,
3,4),(0.,0.0406754745938234,0.0813468239705807,0.122002890871856,0.162670601712917,
0.203326506682151,0.243986556508898,0.284650207566451,0.325306428778434,
0.36597499138949,0.406629283230809,0.447298396223412,0.487955982620204,
0.5286177138161,0.569278267263405,0.609932840217814,0.65060334799441,0.691259292777196,
0.73192804295748,0.772583511031241,0.813244934229395,0.853907315334979,
0.894564125101627,0.93523162061587,0.975885726566013,1.),.UNSPECIFIED.);
#900=B_SPLINE_CURVE_WITH_KNOTS('',3,(#5061,#5062,#5063,#5064,#5065,#5066,
#5067,#5068,#5069,#5070,#5071,#5072,#5073,#5074,#5075,#5076,#5077,#5078,
#5079,#5080,#5081,#5082,#5083,#5084,#5085,#5086,#5087,#5088,#5089,#5090,
#5091,#5092,#5093,#5094,#5095,#5096,#5097,#5098,#5099,#5100,#5101,#5102,
#5103,#5104,#5105,#5106,#5107,#5108,#5109,#5110,#5111,#5112,#5113,#5114,
#5115,#5116,#5117,#5118,#5119,#5120,#5121,#5122,#5123,#5124,#5125,#5126,
#5127,#5128,#5129,#5130,#5131,#5132,#5133,#5134,#5135,#5136,#5137,#5138,
#5139,#5140,#5141,#5142,#5143,#5144,#5145,#5146,#5147,#5148,#5149,#5150,
#5151,#5152,#5153,#5154,#5155,#5156,#5157,#5158,#5159,#5160,#5161,#5162,
#5163,#5164,#5165,#5166),.UNSPECIFIED.,.F.,.F.,(4,3,3,3,3,3,3,3,3,3,3,3,
3,3,3,3,3,3,3,3,3,3,3,3,3,3,3,3,3,3,3,3,3,3,3,4),(0.,0.0291488089485374,
0.0582955399303068,0.0874422076326057,0.116595624489875,0.145741068310552,
0.174896869812148,0.204041629163571,0.233194420959702,0.262342394864456,
0.291490544371403,0.320641621845514,0.349785701582018,0.378942880280176,
0.408088789087728,0.43724192854192,0.466388115983036,0.495535617520545,
0.524688034840253,0.553833589889019,0.582989051479196,0.612133693812579,
0.641287546824231,0.670434960096204,0.699583839665395,0.728733952621487,
0.757878212151986,0.787035063078133,0.81618086652231,0.845334811365619,
0.874480564517241,0.903628978081107,0.932780420048671,0.961926232055435,
0.991081130966532,1.),.UNSPECIFIED.);
#901=B_SPLINE_CURVE_WITH_KNOTS('',3,(#5185,#5186,#5187,#5188,#5189,#5190,
#5191,#5192,#5193,#5194),.UNSPECIFIED.,.F.,.F.,(4,3,3,4),(0.,0.339429665074092,
0.711069177647527,1.),.UNSPECIFIED.);
#902=B_SPLINE_CURVE_WITH_KNOTS('',3,(#5195,#5196,#5197,#5198,#5199,#5200,
#5201,#5202,#5203,#5204,#5205,#5206,#5207),.UNSPECIFIED.,.F.,.F.,(4,3,3,
3,4),(0.,0.226314842423329,0.56862528571037,0.939647059728134,1.),
 .UNSPECIFIED.);
#903=B_SPLINE_CURVE_WITH_KNOTS('',3,(#5211,#5212,#5213,#5214,#5215,#5216,
#5217,#5218,#5219,#5220),.UNSPECIFIED.,.F.,.F.,(4,3,3,4),(0.,0.339429665074132,
0.71106917764776,1.),.UNSPECIFIED.);
#904=B_SPLINE_CURVE_WITH_KNOTS('',3,(#5221,#5222,#5223,#5224,#5225,#5226,
#5227,#5228,#5229,#5230,#5231,#5232,#5233),.UNSPECIFIED.,.F.,.F.,(4,3,3,
3,4),(0.,0.226314842422006,0.568625285709665,0.939647059727987,1.),
 .UNSPECIFIED.);
#905=B_SPLINE_CURVE_WITH_KNOTS('',3,(#5237,#5238,#5239,#5240,#5241,#5242,
#5243,#5244,#5245,#5246),.UNSPECIFIED.,.F.,.F.,(4,3,3,4),(0.,0.33942966506492,
0.711069177643857,1.),.UNSPECIFIED.);
#906=B_SPLINE_CURVE_WITH_KNOTS('',3,(#5247,#5248,#5249,#5250,#5251,#5252,
#5253,#5254,#5255,#5256,#5257,#5258,#5259),.UNSPECIFIED.,.F.,.F.,(4,3,3,
3,4),(0.,0.226314842422605,0.568625285710391,0.939647059728925,1.),
 .UNSPECIFIED.);
#907=B_SPLINE_CURVE_WITH_KNOTS('',3,(#5263,#5264,#5265,#5266,#5267,#5268,
#5269,#5270,#5271,#5272),.UNSPECIFIED.,.F.,.F.,(4,3,3,4),(0.,0.339429665067404,
0.71106917764498,1.),.UNSPECIFIED.);
#908=B_SPLINE_CURVE_WITH_KNOTS('',3,(#5273,#5274,#5275,#5276,#5277,#5278,
#5279,#5280,#5281,#5282,#5283,#5284,#5285),.UNSPECIFIED.,.F.,.F.,(4,3,3,
3,4),(0.,0.226314842423562,0.568625285710456,0.939647059727856,1.),
 .UNSPECIFIED.);
#909=B_SPLINE_CURVE_WITH_KNOTS('',3,(#5289,#5290,#5291,#5292,#5293,#5294,
#5295,#5296,#5297,#5298),.UNSPECIFIED.,.F.,.F.,(4,3,3,4),(0.,0.339429665074442,
0.711069177647873,1.),.UNSPECIFIED.);
#910=B_SPLINE_CURVE_WITH_KNOTS('',3,(#5299,#5300,#5301,#5302,#5303,#5304,
#5305,#5306,#5307,#5308,#5309,#5310,#5311),.UNSPECIFIED.,.F.,.F.,(4,3,3,
3,4),(0.,0.22631484242046,0.568625285708556,0.939647059727355,1.),
 .UNSPECIFIED.);
#911=B_SPLINE_CURVE_WITH_KNOTS('',3,(#5339,#5340,#5341,#5342,#5343,#5344,
#5345,#5346,#5347,#5348,#5349,#5350,#5351,#5352),.UNSPECIFIED.,.F.,.F.,
(4,2,2,2,2,2,4),(0.,0.249999999999996,0.374999999999997,0.499999999999998,
0.624999999999998,0.749999999999999,1.),.UNSPECIFIED.);
#912=B_SPLINE_CURVE_WITH_KNOTS('',3,(#5356,#5357,#5358,#5359,#5360,#5361),
 .UNSPECIFIED.,.F.,.F.,(4,2,4),(0.,0.5,1.),.UNSPECIFIED.);
#913=B_SPLINE_CURVE_WITH_KNOTS('',3,(#5365,#5366,#5367,#5368,#5369,#5370),
 .UNSPECIFIED.,.F.,.F.,(4,2,4),(0.,0.5,1.),.UNSPECIFIED.);
#914=B_SPLINE_CURVE_WITH_KNOTS('',3,(#5378,#5379,#5380,#5381,#5382,#5383),
 .UNSPECIFIED.,.F.,.F.,(4,2,4),(0.,0.5,1.),.UNSPECIFIED.);
#915=B_SPLINE_CURVE_WITH_KNOTS('',3,(#5384,#5385,#5386,#5387,#5388,#5389),
 .UNSPECIFIED.,.F.,.F.,(4,2,4),(0.,0.5,1.),.UNSPECIFIED.);
#916=B_SPLINE_CURVE_WITH_KNOTS('',3,(#5392,#5393,#5394,#5395,#5396,#5397),
 .UNSPECIFIED.,.F.,.F.,(4,2,4),(0.,0.5,1.),.UNSPECIFIED.);
#917=B_SPLINE_CURVE_WITH_KNOTS('',1,(#5402,#5403),.UNSPECIFIED.,.F.,.F.,
(2,2),(0.,1.),.UNSPECIFIED.);
#918=B_SPLINE_CURVE_WITH_KNOTS('',1,(#5407,#5408),.UNSPECIFIED.,.F.,.F.,
(2,2),(0.,1.),.UNSPECIFIED.);
#919=B_SPLINE_CURVE_WITH_KNOTS('',3,(#5410,#5411,#5412,#5413,#5414,#5415,
#5416,#5417,#5418,#5419,#5420,#5421,#5422,#5423,#5424,#5425,#5426,#5427,
#5428,#5429,#5430,#5431,#5432,#5433,#5434,#5435,#5436,#5437,#5438,#5439,
#5440,#5441,#5442,#5443,#5444,#5445,#5446,#5447,#5448,#5449,#5450,#5451,
#5452,#5453,#5454,#5455,#5456,#5457,#5458,#5459,#5460,#5461,#5462,#5463,
#5464,#5465,#5466,#5467,#5468,#5469,#5470,#5471,#5472,#5473,#5474,#5475,
#5476,#5477,#5478,#5479,#5480,#5481,#5482,#5483,#5484,#5485,#5486,#5487,
#5488,#5489,#5490,#5491,#5492,#5493,#5494,#5495,#5496,#5497,#5498,#5499,
#5500,#5501,#5502,#5503,#5504,#5505,#5506,#5507,#5508,#5509,#5510,#5511,
#5512,#5513,#5514,#5515,#5516,#5517,#5518,#5519,#5520,#5521),
 .UNSPECIFIED.,.F.,.F.,(4,3,3,3,3,3,3,3,3,3,3,3,3,3,3,3,3,3,3,3,3,3,3,3,
3,3,3,3,3,3,3,3,3,3,3,3,3,4),(0.,0.0292320725549854,0.0567987752637528,
0.0843602866532299,0.111929959786068,0.139490151560102,0.167058560689423,
0.194620562770945,0.222184811367002,0.249749422995642,0.277309906220416,
0.304880925221211,0.33244211781338,0.360010480354494,0.3875710841341,0.415134944954108,
0.442700771716236,0.470262505875853,0.497831692996491,0.525391943932599,
0.552961194022031,0.580522854031478,0.608087675707886,0.635651479823562,
0.66321224221136,0.690782775009122,0.718344035365044,0.745913012345068,
0.773473390848173,0.801037981228122,0.828602975882973,0.856165019174581,
0.883733580099718,0.911293874510821,0.938863932148676,0.966425349499392,
0.993990766669328,1.),.UNSPECIFIED.);
#920=B_SPLINE_CURVE_WITH_KNOTS('',3,(#5522,#5523,#5524,#5525,#5526,#5527,
#5528,#5529,#5530,#5531,#5532,#5533,#5534,#5535,#5536,#5537,#5538,#5539,
#5540,#5541,#5542,#5543,#5544,#5545,#5546,#5547,#5548,#5549,#5550,#5551,
#5552,#5553,#5554,#5555,#5556,#5557,#5558,#5559,#5560,#5561,#5562,#5563,
#5564,#5565,#5566,#5567,#5568,#5569,#5570,#5571,#5572,#5573,#5574,#5575,
#5576,#5577,#5578,#5579,#5580,#5581,#5582,#5583,#5584,#5585,#5586,#5587,
#5588,#5589,#5590,#5591,#5592,#5593,#5594,#5595,#5596,#5597,#5598,#5599,
#5600,#5601,#5602,#5603,#5604,#5605,#5606,#5607,#5608,#5609,#5610,#5611,
#5612,#5613,#5614,#5615,#5616,#5617,#5618),.UNSPECIFIED.,.F.,.F.,(4,3,3,
3,3,3,3,3,3,3,3,3,3,3,3,3,3,3,3,3,3,3,3,3,3,3,3,3,3,3,3,3,4),(0.,0.0295539624200667,
0.0608568859654485,0.0921649090451364,0.123466289539161,0.154777292255366,
0.186077244068903,0.217385962453047,0.248688313872413,0.279992517875821,
0.311298130700149,0.342598312485995,0.373910837851897,0.405211921519147,
0.436520737066422,0.467821411939832,0.499125071691564,0.530432080867302,
0.561733649058359,0.59304422137896,0.624344233903094,0.65565390955376,0.686955795319045,
0.718260627876933,0.749565288306283,0.780865710701406,0.812177812881625,
0.843478965471615,0.874788495825245,0.906088844166009,0.937393300495798,
0.968699331212635,1.),.UNSPECIFIED.);
#921=B_SPLINE_CURVE_WITH_KNOTS('',1,(#5716,#5717),.UNSPECIFIED.,.F.,.F.,
(2,2),(0.,1.),.UNSPECIFIED.);
#922=B_SPLINE_CURVE_WITH_KNOTS('',1,(#5721,#5722),.UNSPECIFIED.,.F.,.F.,
(2,2),(0.,1.),.UNSPECIFIED.);
#923=B_SPLINE_CURVE_WITH_KNOTS('',3,(#5724,#5725,#5726,#5727,#5728,#5729,
#5730,#5731,#5732,#5733,#5734,#5735,#5736,#5737,#5738,#5739,#5740,#5741,
#5742,#5743,#5744,#5745,#5746,#5747,#5748,#5749,#5750,#5751,#5752,#5753,
#5754,#5755,#5756,#5757,#5758,#5759,#5760,#5761,#5762,#5763,#5764,#5765,
#5766,#5767,#5768,#5769,#5770,#5771,#5772,#5773,#5774,#5775,#5776,#5777,
#5778,#5779,#5780,#5781,#5782,#5783,#5784,#5785,#5786,#5787,#5788,#5789,
#5790,#5791,#5792,#5793,#5794,#5795,#5796,#5797,#5798,#5799,#5800,#5801,
#5802,#5803,#5804,#5805,#5806,#5807,#5808,#5809,#5810,#5811,#5812,#5813,
#5814,#5815,#5816,#5817,#5818,#5819,#5820),.UNSPECIFIED.,.F.,.F.,(4,3,3,
3,3,3,3,3,3,3,3,3,3,3,3,3,3,3,3,3,3,3,3,3,3,3,3,3,3,3,3,3,4),(0.,0.0239450181844827,
0.0555714876679824,0.0871866853659701,0.118810107648314,0.150424629924675,
0.18204288832297,0.213663401835892,0.245279220761061,0.276903588911204,
0.308517706443941,0.340142146825025,0.371757880693197,0.403377241281278,
0.43499543463454,0.466610138848938,0.498236050613282,0.529851326042467,
0.561475453142192,0.59308971700589,0.624708812275871,0.656328371285981,
0.687944544813693,0.719568194660573,0.751182362063087,0.782807728775749,
0.814423184292258,0.846043227965642,0.877660564091687,0.909275700566813,
0.940900880363432,0.972516215440018,1.),.UNSPECIFIED.);
#924=B_SPLINE_CURVE_WITH_KNOTS('',3,(#5821,#5822,#5823,#5824,#5825,#5826,
#5827,#5828,#5829,#5830,#5831,#5832,#5833,#5834,#5835,#5836,#5837,#5838,
#5839,#5840,#5841,#5842,#5843,#5844,#5845,#5846,#5847,#5848,#5849,#5850,
#5851,#5852,#5853,#5854,#5855,#5856,#5857,#5858,#5859,#5860,#5861,#5862,
#5863,#5864,#5865,#5866,#5867,#5868,#5869,#5870,#5871,#5872,#5873,#5874,
#5875,#5876,#5877,#5878,#5879,#5880,#5881,#5882,#5883,#5884,#5885,#5886,
#5887,#5888,#5889,#5890,#5891,#5892,#5893,#5894,#5895,#5896,#5897,#5898,
#5899,#5900,#5901,#5902,#5903,#5904,#5905),.UNSPECIFIED.,.F.,.F.,(4,3,3,
3,3,3,3,3,3,3,3,3,3,3,3,3,3,3,3,3,3,3,3,3,3,3,3,3,4),(0.,0.0107546732122273,
0.0473880134863534,0.0840316141201702,0.120667762883499,0.157306079903892,
0.193946045802737,0.230579655235545,0.267227711545811,0.303862376537059,
0.340506090890219,0.377140277430776,0.413777957461148,0.450419557644182,
0.487054789720181,0.523700560193922,0.560333971523491,0.596978692538276,
0.633614296301903,0.670253348979983,0.706892200199501,0.743526091240451,
0.780173652255869,0.816808397914016,0.853452948873721,0.89008675324175,
0.926725365583944,0.963365820582535,1.),.UNSPECIFIED.);
#925=B_SPLINE_CURVE_WITH_KNOTS('',1,(#5987,#5988),.UNSPECIFIED.,.F.,.F.,
(2,2),(0.,1.),.UNSPECIFIED.);
#926=B_SPLINE_CURVE_WITH_KNOTS('',1,(#5992,#5993),.UNSPECIFIED.,.F.,.F.,
(2,2),(0.,1.),.UNSPECIFIED.);
#927=B_SPLINE_CURVE_WITH_KNOTS('',3,(#5995,#5996,#5997,#5998,#5999,#6000,
#6001,#6002,#6003,#6004,#6005,#6006,#6007,#6008,#6009,#6010,#6011,#6012,
#6013,#6014,#6015,#6016,#6017,#6018,#6019,#6020,#6021,#6022,#6023,#6024,
#6025,#6026,#6027,#6028,#6029,#6030,#6031,#6032,#6033,#6034,#6035,#6036,
#6037,#6038,#6039,#6040,#6041,#6042,#6043,#6044,#6045,#6046,#6047,#6048,
#6049,#6050,#6051,#6052,#6053,#6054,#6055,#6056,#6057,#6058,#6059,#6060,
#6061,#6062,#6063,#6064,#6065,#6066,#6067,#6068,#6069,#6070,#6071,#6072,
#6073,#6074,#6075,#6076,#6077,#6078,#6079,#6080,#6081,#6082,#6083,#6084,
#6085,#6086,#6087,#6088,#6089,#6090,#6091),.UNSPECIFIED.,.F.,.F.,(4,3,3,
3,3,3,3,3,3,3,3,3,3,3,3,3,3,3,3,3,3,3,3,3,3,3,3,3,3,3,3,3,4),(0.,0.0239450181844826,
0.0555714876679827,0.0871866853659718,0.118810107648315,0.150424629924673,
0.182042888322969,0.213663401835899,0.245279220761061,0.276903588911206,
0.308517706443942,0.340142146825027,0.371757880693197,0.40337724128128,
0.434995434634542,0.466610138848945,0.498236050613287,0.529851326042468,
0.561475453142197,0.593089717005892,0.624708812275874,0.656328371285983,
0.687944544813693,0.719568194660578,0.751182362063088,0.782807728775757,
0.814423184292259,0.846043227965648,0.87766056409169,0.909275700566815,
0.940900880363436,0.972516215440023,1.),.UNSPECIFIED.);
#928=B_SPLINE_CURVE_WITH_KNOTS('',3,(#6092,#6093,#6094,#6095,#6096,#6097,
#6098,#6099,#6100,#6101,#6102,#6103,#6104,#6105,#6106,#6107,#6108,#6109,
#6110,#6111,#6112,#6113,#6114,#6115,#6116,#6117,#6118,#6119,#6120,#6121,
#6122,#6123,#6124,#6125,#6126,#6127,#6128,#6129,#6130,#6131,#6132,#6133,
#6134,#6135,#6136,#6137,#6138,#6139,#6140,#6141,#6142,#6143,#6144,#6145,
#6146,#6147,#6148,#6149,#6150,#6151,#6152,#6153,#6154,#6155,#6156,#6157,
#6158,#6159,#6160,#6161,#6162,#6163,#6164,#6165,#6166,#6167,#6168,#6169,
#6170,#6171,#6172,#6173,#6174,#6175,#6176),.UNSPECIFIED.,.F.,.F.,(4,3,3,
3,3,3,3,3,3,3,3,3,3,3,3,3,3,3,3,3,3,3,3,3,3,3,3,3,4),(0.,0.0107546732132394,
0.0473880134873225,0.0840316141211099,0.120667762884404,0.157306079904754,
0.193946045803562,0.230579655236332,0.267227711546561,0.30386237653777,
0.340506090890896,0.37714027743141,0.413777957461748,0.450419557644743,
0.487054789720702,0.523700560194409,0.56033397152394,0.596978692538686,
0.633614296302277,0.670253348980316,0.706892200199797,0.743526091240708,
0.780173652256089,0.816808397914197,0.85345294887387,0.890086753241861,
0.926725365584015,0.963365820582566,1.),.UNSPECIFIED.);
#929=B_SPLINE_CURVE_WITH_KNOTS('',1,(#6258,#6259),.UNSPECIFIED.,.F.,.F.,
(2,2),(0.,1.),.UNSPECIFIED.);
#930=B_SPLINE_CURVE_WITH_KNOTS('',1,(#6263,#6264),.UNSPECIFIED.,.F.,.F.,
(2,2),(0.,1.),.UNSPECIFIED.);
#931=B_SPLINE_CURVE_WITH_KNOTS('',3,(#6266,#6267,#6268,#6269,#6270,#6271,
#6272,#6273,#6274,#6275,#6276,#6277,#6278,#6279,#6280,#6281,#6282,#6283,
#6284,#6285,#6286,#6287,#6288,#6289,#6290,#6291,#6292,#6293,#6294,#6295,
#6296,#6297,#6298,#6299,#6300,#6301,#6302,#6303,#6304,#6305,#6306,#6307,
#6308,#6309,#6310,#6311,#6312,#6313,#6314,#6315,#6316,#6317,#6318,#6319,
#6320,#6321,#6322,#6323,#6324,#6325,#6326,#6327,#6328,#6329,#6330,#6331,
#6332,#6333,#6334,#6335,#6336,#6337,#6338,#6339,#6340,#6341,#6342,#6343,
#6344,#6345,#6346,#6347,#6348,#6349,#6350,#6351,#6352,#6353,#6354,#6355,
#6356,#6357,#6358,#6359,#6360,#6361,#6362),.UNSPECIFIED.,.F.,.F.,(4,3,3,
3,3,3,3,3,3,3,3,3,3,3,3,3,3,3,3,3,3,3,3,3,3,3,3,3,3,3,3,3,4),(0.,0.0239450181844824,
0.0555714876679819,0.0871866853659697,0.118810107648315,0.150424629924677,
0.182042888322964,0.213663401835894,0.24527922076106,0.276903588911207,
0.308517706443941,0.340142146825026,0.371757880693196,0.403377241281279,
0.43499543463454,0.466610138848941,0.498236050613283,0.529851326042467,
0.561475453142194,0.593089717005889,0.624708812275872,0.656328371285982,
0.687944544813694,0.719568194660576,0.751182362063084,0.782807728775755,
0.814423184292259,0.846043227965648,0.877660564091689,0.909275700566815,
0.940900880363435,0.972516215440021,1.),.UNSPECIFIED.);
#932=B_SPLINE_CURVE_WITH_KNOTS('',3,(#6363,#6364,#6365,#6366,#6367,#6368,
#6369,#6370,#6371,#6372,#6373,#6374,#6375,#6376,#6377,#6378,#6379,#6380,
#6381,#6382,#6383,#6384,#6385,#6386,#6387,#6388,#6389,#6390,#6391,#6392,
#6393,#6394,#6395,#6396,#6397,#6398,#6399,#6400,#6401,#6402,#6403,#6404,
#6405,#6406,#6407,#6408,#6409,#6410,#6411,#6412,#6413,#6414,#6415,#6416,
#6417,#6418,#6419,#6420,#6421,#6422,#6423,#6424,#6425,#6426,#6427,#6428,
#6429,#6430,#6431,#6432,#6433,#6434,#6435,#6436,#6437,#6438,#6439,#6440,
#6441,#6442,#6443,#6444,#6445,#6446,#6447),.UNSPECIFIED.,.F.,.F.,(4,3,3,
3,3,3,3,3,3,3,3,3,3,3,3,3,3,3,3,3,3,3,3,3,3,3,3,3,4),(0.,0.0107546732132382,
0.0473880134873189,0.0840316141211033,0.120667762884394,0.157306079904748,
0.193946045803559,0.230579655236329,0.267227711546556,0.303862376537768,
0.340506090890894,0.377140277431408,0.413777957461743,0.450419557644742,
0.487054789720704,0.523700560194406,0.560333971523938,0.596978692538685,
0.633614296302273,0.670253348980315,0.706892200199793,0.743526091240712,
0.780173652256092,0.816808397914202,0.853452948873868,0.890086753241858,
0.926725365584015,0.963365820582567,1.),.UNSPECIFIED.);
#933=B_SPLINE_CURVE_WITH_KNOTS('',1,(#6529,#6530),.UNSPECIFIED.,.F.,.F.,
(2,2),(0.,1.),.UNSPECIFIED.);
#934=B_SPLINE_CURVE_WITH_KNOTS('',1,(#6534,#6535),.UNSPECIFIED.,.F.,.F.,
(2,2),(0.,1.),.UNSPECIFIED.);
#935=B_SPLINE_CURVE_WITH_KNOTS('',3,(#6537,#6538,#6539,#6540,#6541,#6542,
#6543,#6544,#6545,#6546,#6547,#6548,#6549,#6550,#6551,#6552,#6553,#6554,
#6555,#6556,#6557,#6558,#6559,#6560,#6561,#6562,#6563,#6564,#6565,#6566,
#6567,#6568,#6569,#6570,#6571,#6572,#6573,#6574,#6575,#6576,#6577,#6578,
#6579,#6580,#6581,#6582,#6583,#6584,#6585,#6586,#6587,#6588,#6589,#6590,
#6591,#6592,#6593,#6594,#6595,#6596,#6597,#6598,#6599,#6600,#6601,#6602,
#6603,#6604,#6605,#6606,#6607,#6608,#6609,#6610,#6611,#6612,#6613,#6614,
#6615,#6616,#6617,#6618,#6619,#6620,#6621,#6622,#6623,#6624,#6625,#6626,
#6627,#6628,#6629,#6630,#6631,#6632,#6633,#6634,#6635,#6636,#6637,#6638,
#6639,#6640,#6641,#6642,#6643,#6644,#6645,#6646,#6647,#6648),
 .UNSPECIFIED.,.F.,.F.,(4,3,3,3,3,3,3,3,3,3,3,3,3,3,3,3,3,3,3,3,3,3,3,3,
3,3,3,3,3,3,3,3,3,3,3,3,3,4),(0.,0.02923207255501,0.0567987752638002,0.0843602866532998,
0.111929959786164,0.139490151560221,0.167058560689563,0.19462056277111,
0.222184811367188,0.249749422995855,0.277309906220652,0.30488092522147,
0.332442117813664,0.360010480354803,0.387571084134436,0.415134944954464,
0.442700771716613,0.470262505876254,0.497831692996915,0.525391943933047,
0.552961194022502,0.580522854031973,0.608087675708403,0.635651479824104,
0.663212242211925,0.690782775009711,0.718344035365656,0.745913012345706,
0.773473390848834,0.801037981228804,0.828602975883679,0.85616501917531,
0.883733580100473,0.911293874511596,0.938863932149481,0.966425349500213,
0.993990766670174,1.),.UNSPECIFIED.);
#936=B_SPLINE_CURVE_WITH_KNOTS('',3,(#6649,#6650,#6651,#6652,#6653,#6654,
#6655,#6656,#6657,#6658,#6659,#6660,#6661,#6662,#6663,#6664,#6665,#6666,
#6667,#6668,#6669,#6670,#6671,#6672,#6673,#6674,#6675,#6676,#6677,#6678,
#6679,#6680,#6681,#6682,#6683,#6684,#6685,#6686,#6687,#6688,#6689,#6690,
#6691,#6692,#6693,#6694,#6695,#6696,#6697,#6698,#6699,#6700,#6701,#6702,
#6703,#6704,#6705,#6706,#6707,#6708,#6709,#6710,#6711,#6712,#6713,#6714,
#6715,#6716,#6717,#6718,#6719,#6720,#6721,#6722,#6723,#6724,#6725,#6726,
#6727,#6728,#6729,#6730,#6731,#6732,#6733,#6734,#6735,#6736,#6737,#6738,
#6739,#6740,#6741,#6742,#6743,#6744,#6745),.UNSPECIFIED.,.F.,.F.,(4,3,3,
3,3,3,3,3,3,3,3,3,3,3,3,3,3,3,3,3,3,3,3,3,3,3,3,3,3,3,3,3,4),(0.,0.0295539624199355,
0.0608568859653215,0.0921649090450118,0.123466289539042,0.154777292255248,
0.186077244068788,0.21738596245294,0.248688313872311,0.279992517875721,
0.311298130700055,0.342598312485906,0.37391083785181,0.405211921519063,
0.436520737066344,0.467821411939762,0.499125071691497,0.530432080867232,
0.561733649058296,0.593044221378898,0.624344233903041,0.655653909553711,
0.686955795318998,0.71826062787689,0.749565288306247,0.780865710701368,
0.812177812881597,0.843478965471588,0.874788495825223,0.906088844165995,
0.937393300495787,0.968699331212628,1.),.UNSPECIFIED.);
#937=B_SPLINE_CURVE_WITH_KNOTS('',1,(#6843,#6844),.UNSPECIFIED.,.F.,.F.,
(2,2),(0.,1.),.UNSPECIFIED.);
#938=B_SPLINE_CURVE_WITH_KNOTS('',1,(#6848,#6849),.UNSPECIFIED.,.F.,.F.,
(2,2),(0.,1.),.UNSPECIFIED.);
#939=B_SPLINE_CURVE_WITH_KNOTS('',3,(#6851,#6852,#6853,#6854,#6855,#6856,
#6857,#6858,#6859,#6860,#6861,#6862,#6863,#6864,#6865,#6866,#6867,#6868,
#6869,#6870,#6871,#6872,#6873,#6874,#6875,#6876,#6877,#6878,#6879,#6880,
#6881,#6882,#6883,#6884,#6885,#6886,#6887,#6888,#6889,#6890,#6891,#6892,
#6893,#6894,#6895,#6896,#6897,#6898,#6899,#6900,#6901,#6902,#6903,#6904,
#6905,#6906,#6907,#6908,#6909,#6910,#6911,#6912,#6913,#6914,#6915,#6916,
#6917,#6918,#6919,#6920,#6921,#6922,#6923,#6924,#6925,#6926,#6927,#6928,
#6929,#6930,#6931,#6932,#6933,#6934,#6935,#6936,#6937,#6938,#6939,#6940,
#6941,#6942,#6943,#6944,#6945,#6946,#6947),.UNSPECIFIED.,.F.,.F.,(4,3,3,
3,3,3,3,3,3,3,3,3,3,3,3,3,3,3,3,3,3,3,3,3,3,3,3,3,3,3,3,3,4),(0.,0.023945018184481,
0.0555714876679814,0.087186685365969,0.11881010764831,0.150424629924672,
0.182042888322966,0.213663401835893,0.245279220761057,0.276903588911205,
0.308517706443939,0.340142146825023,0.371757880693194,0.403377241281276,
0.434995434634538,0.466610138848933,0.498236050613278,0.529851326042463,
0.561475453142192,0.593089717005887,0.624708812275867,0.656328371285976,
0.687944544813688,0.719568194660569,0.751182362063079,0.782807728775747,
0.814423184292254,0.846043227965638,0.87766056409168,0.909275700566806,
0.940900880363425,0.972516215440013,1.),.UNSPECIFIED.);
#940=B_SPLINE_CURVE_WITH_KNOTS('',3,(#6948,#6949,#6950,#6951,#6952,#6953,
#6954,#6955,#6956,#6957,#6958,#6959,#6960,#6961,#6962,#6963,#6964,#6965,
#6966,#6967,#6968,#6969,#6970,#6971,#6972,#6973,#6974,#6975,#6976,#6977,
#6978,#6979,#6980,#6981,#6982,#6983,#6984,#6985,#6986,#6987,#6988,#6989,
#6990,#6991,#6992,#6993,#6994,#6995,#6996,#6997,#6998,#6999,#7000,#7001,
#7002,#7003,#7004,#7005,#7006,#7007,#7008,#7009,#7010,#7011,#7012,#7013,
#7014,#7015,#7016,#7017,#7018,#7019,#7020,#7021,#7022,#7023,#7024,#7025,
#7026,#7027,#7028,#7029,#7030,#7031,#7032),.UNSPECIFIED.,.F.,.F.,(4,3,3,
3,3,3,3,3,3,3,3,3,3,3,3,3,3,3,3,3,3,3,3,3,3,3,3,3,4),(0.,0.010754673211858,
0.0473880134859885,0.0840316141198239,0.120667762883169,0.157306079903571,
0.193946045802434,0.230579655235253,0.267227711545534,0.303862376536797,
0.340506090889974,0.377140277430539,0.413777957460927,0.450419557643973,
0.487054789719987,0.523700560193741,0.560333971523322,0.596978692538121,
0.633614296301762,0.670253348979855,0.706892200199384,0.743526091240356,
0.780173652255775,0.816808397913941,0.853452948873665,0.890086753241704,
0.926725365583912,0.963365820582517,1.),.UNSPECIFIED.);
#941=B_SPLINE_CURVE_WITH_KNOTS('',1,(#7114,#7115),.UNSPECIFIED.,.F.,.F.,
(2,2),(0.,1.),.UNSPECIFIED.);
#942=B_SPLINE_CURVE_WITH_KNOTS('',1,(#7119,#7120),.UNSPECIFIED.,.F.,.F.,
(2,2),(0.,1.),.UNSPECIFIED.);
#943=B_SPLINE_CURVE_WITH_KNOTS('',3,(#7122,#7123,#7124,#7125,#7126,#7127,
#7128,#7129,#7130,#7131,#7132,#7133,#7134,#7135,#7136,#7137,#7138,#7139,
#7140,#7141,#7142,#7143,#7144,#7145,#7146,#7147,#7148,#7149,#7150,#7151,
#7152,#7153,#7154,#7155,#7156,#7157,#7158,#7159,#7160,#7161,#7162,#7163,
#7164,#7165,#7166,#7167,#7168,#7169,#7170,#7171,#7172,#7173,#7174,#7175,
#7176,#7177,#7178,#7179,#7180,#7181,#7182,#7183,#7184,#7185,#7186,#7187,
#7188,#7189,#7190,#7191,#7192,#7193,#7194,#7195,#7196,#7197,#7198,#7199,
#7200,#7201,#7202,#7203,#7204,#7205,#7206,#7207,#7208,#7209,#7210,#7211,
#7212,#7213,#7214,#7215,#7216,#7217,#7218),.UNSPECIFIED.,.F.,.F.,(4,3,3,
3,3,3,3,3,3,3,3,3,3,3,3,3,3,3,3,3,3,3,3,3,3,3,3,3,3,3,3,3,4),(0.,0.0239450181844824,
0.0555714876679822,0.0871866853659694,0.118810107648316,0.150424629924677,
0.182042888322969,0.213663401835896,0.245279220761059,0.276903588911206,
0.30851770644394,0.340142146825025,0.371757880693194,0.403377241281275,
0.434995434634538,0.466610138848935,0.498236050613281,0.529851326042465,
0.561475453142193,0.593089717005887,0.62470881227587,0.656328371285979,
0.687944544813689,0.719568194660573,0.751182362063082,0.78280772877575,
0.814423184292256,0.846043227965644,0.877660564091684,0.909275700566809,
0.940900880363429,0.972516215440016,1.),.UNSPECIFIED.);
#944=B_SPLINE_CURVE_WITH_KNOTS('',3,(#7219,#7220,#7221,#7222,#7223,#7224,
#7225,#7226,#7227,#7228,#7229,#7230,#7231,#7232,#7233,#7234,#7235,#7236,
#7237,#7238,#7239,#7240,#7241,#7242,#7243,#7244,#7245,#7246,#7247,#7248,
#7249,#7250,#7251,#7252,#7253,#7254,#7255,#7256,#7257,#7258,#7259,#7260,
#7261,#7262,#7263,#7264,#7265,#7266,#7267,#7268,#7269,#7270,#7271,#7272,
#7273,#7274,#7275,#7276,#7277,#7278,#7279,#7280,#7281,#7282,#7283,#7284,
#7285,#7286,#7287,#7288,#7289,#7290,#7291,#7292,#7293,#7294,#7295,#7296,
#7297,#7298,#7299,#7300,#7301,#7302,#7303),.UNSPECIFIED.,.F.,.F.,(4,3,3,
3,3,3,3,3,3,3,3,3,3,3,3,3,3,3,3,3,3,3,3,3,3,3,3,3,4),(0.,0.0107546732132314,
0.0473880134873164,0.0840316141210973,0.12066776288439,0.157306079904745,
0.193946045803555,0.230579655236325,0.267227711546554,0.303862376537763,
0.340506090890892,0.377140277431404,0.413777957461744,0.450419557644737,
0.487054789720699,0.523700560194404,0.560333971523933,0.596978692538683,
0.633614296302272,0.670253348980316,0.706892200199795,0.743526091240709,
0.780173652256088,0.816808397914198,0.853452948873867,0.890086753241858,
0.926725365584015,0.963365820582567,1.),.UNSPECIFIED.);
#945=B_SPLINE_CURVE_WITH_KNOTS('',1,(#7385,#7386),.UNSPECIFIED.,.F.,.F.,
(2,2),(0.,1.),.UNSPECIFIED.);
#946=B_SPLINE_CURVE_WITH_KNOTS('',1,(#7390,#7391),.UNSPECIFIED.,.F.,.F.,
(2,2),(0.,1.),.UNSPECIFIED.);
#947=B_SPLINE_CURVE_WITH_KNOTS('',3,(#7393,#7394,#7395,#7396,#7397,#7398,
#7399,#7400,#7401,#7402,#7403,#7404,#7405,#7406,#7407,#7408,#7409,#7410,
#7411,#7412,#7413,#7414,#7415,#7416,#7417,#7418,#7419,#7420,#7421,#7422,
#7423,#7424,#7425,#7426,#7427,#7428,#7429,#7430,#7431,#7432,#7433,#7434,
#7435,#7436,#7437,#7438,#7439,#7440,#7441,#7442,#7443,#7444,#7445,#7446,
#7447,#7448,#7449,#7450,#7451,#7452,#7453,#7454,#7455,#7456,#7457,#7458,
#7459,#7460,#7461,#7462,#7463,#7464,#7465,#7466,#7467,#7468,#7469,#7470,
#7471,#7472,#7473,#7474,#7475,#7476,#7477,#7478,#7479,#7480,#7481,#7482,
#7483,#7484,#7485,#7486,#7487,#7488,#7489,#7490,#7491,#7492,#7493,#7494,
#7495,#7496,#7497,#7498,#7499,#7500,#7501,#7502,#7503,#7504),
 .UNSPECIFIED.,.F.,.F.,(4,3,3,3,3,3,3,3,3,3,3,3,3,3,3,3,3,3,3,3,3,3,3,3,
3,3,3,3,3,3,3,3,3,3,3,3,3,4),(0.,0.0292320725549696,0.0567987752637229,
0.0843602866531856,0.111929959786009,0.139490151560028,0.167058560689335,
0.194620562770841,0.222184811366881,0.249749422995511,0.277309906220269,
0.304880925221049,0.332442117813203,0.360010480354306,0.3875710841339,0.415134944953888,
0.442700771716,0.470262505875604,0.497831692996225,0.525391943932319,0.552961194021736,
0.580522854031168,0.60808767570756,0.635651479823224,0.663212242211005,
0.690782775008752,0.718344035364659,0.745913012344671,0.773473390847759,
0.801037981227693,0.828602975882529,0.856165019174123,0.883733580099245,
0.911293874510328,0.938863932148174,0.966425349498874,0.993990766668796,
1.),.UNSPECIFIED.);
#948=B_SPLINE_CURVE_WITH_KNOTS('',3,(#7505,#7506,#7507,#7508,#7509,#7510,
#7511,#7512,#7513,#7514,#7515,#7516,#7517,#7518,#7519,#7520,#7521,#7522,
#7523,#7524,#7525,#7526,#7527,#7528,#7529,#7530,#7531,#7532,#7533,#7534,
#7535,#7536,#7537,#7538,#7539,#7540,#7541,#7542,#7543,#7544,#7545,#7546,
#7547,#7548,#7549,#7550,#7551,#7552,#7553,#7554,#7555,#7556,#7557,#7558,
#7559,#7560,#7561,#7562,#7563,#7564,#7565,#7566,#7567,#7568,#7569,#7570,
#7571,#7572,#7573,#7574,#7575,#7576,#7577,#7578,#7579,#7580,#7581,#7582,
#7583,#7584,#7585,#7586,#7587,#7588,#7589,#7590,#7591,#7592,#7593,#7594,
#7595,#7596,#7597,#7598,#7599,#7600,#7601),.UNSPECIFIED.,.F.,.F.,(4,3,3,
3,3,3,3,3,3,3,3,3,3,3,3,3,3,3,3,3,3,3,3,3,3,3,3,3,3,3,3,3,4),(0.,0.0295539624200221,
0.0608568859654061,0.0921649090450952,0.123466289539123,0.154777292255325,
0.186077244068861,0.217385962453011,0.248688313872378,0.279992517875786,
0.311298130700116,0.342598312485965,0.373910837851867,0.405211921519119,
0.436520737066395,0.467821411939811,0.499125071691542,0.530432080867283,
0.561733649058337,0.593044221378939,0.624344233903075,0.655653909553743,
0.686955795319027,0.718260627876916,0.749565288306271,0.78086571070139,
0.812177812881613,0.843478965471604,0.874788495825235,0.906088844166003,
0.937393300495793,0.968699331212629,1.),.UNSPECIFIED.);
#949=ORIENTED_EDGE('',*,*,#1757,.T.);
#950=ORIENTED_EDGE('',*,*,#1758,.T.);
#951=ORIENTED_EDGE('',*,*,#1759,.T.);
#952=ORIENTED_EDGE('',*,*,#1760,.F.);
#953=ORIENTED_EDGE('',*,*,#1761,.T.);
#954=ORIENTED_EDGE('',*,*,#1762,.F.);
#955=ORIENTED_EDGE('',*,*,#1763,.T.);
#956=ORIENTED_EDGE('',*,*,#1764,.T.);
#957=ORIENTED_EDGE('',*,*,#1765,.T.);
#958=ORIENTED_EDGE('',*,*,#1766,.F.);
#959=ORIENTED_EDGE('',*,*,#1767,.T.);
#960=ORIENTED_EDGE('',*,*,#1768,.F.);
#961=ORIENTED_EDGE('',*,*,#1769,.T.);
#962=ORIENTED_EDGE('',*,*,#1770,.T.);
#963=ORIENTED_EDGE('',*,*,#1771,.T.);
#964=ORIENTED_EDGE('',*,*,#1772,.F.);
#965=ORIENTED_EDGE('',*,*,#1773,.T.);
#966=ORIENTED_EDGE('',*,*,#1774,.F.);
#967=ORIENTED_EDGE('',*,*,#1775,.T.);
#968=ORIENTED_EDGE('',*,*,#1776,.T.);
#969=ORIENTED_EDGE('',*,*,#1777,.T.);
#970=ORIENTED_EDGE('',*,*,#1778,.F.);
#971=ORIENTED_EDGE('',*,*,#1779,.T.);
#972=ORIENTED_EDGE('',*,*,#1780,.F.);
#973=ORIENTED_EDGE('',*,*,#1781,.T.);
#974=ORIENTED_EDGE('',*,*,#1782,.T.);
#975=ORIENTED_EDGE('',*,*,#1783,.T.);
#976=ORIENTED_EDGE('',*,*,#1784,.T.);
#977=ORIENTED_EDGE('',*,*,#1785,.T.);
#978=ORIENTED_EDGE('',*,*,#1786,.T.);
#979=ORIENTED_EDGE('',*,*,#1787,.T.);
#980=ORIENTED_EDGE('',*,*,#1788,.T.);
#981=ORIENTED_EDGE('',*,*,#1789,.F.);
#982=ORIENTED_EDGE('',*,*,#1790,.T.);
#983=ORIENTED_EDGE('',*,*,#1791,.F.);
#984=ORIENTED_EDGE('',*,*,#1792,.F.);
#985=ORIENTED_EDGE('',*,*,#1793,.F.);
#986=ORIENTED_EDGE('',*,*,#1794,.F.);
#987=ORIENTED_EDGE('',*,*,#1795,.F.);
#988=ORIENTED_EDGE('',*,*,#1796,.F.);
#989=ORIENTED_EDGE('',*,*,#1797,.F.);
#990=ORIENTED_EDGE('',*,*,#1798,.F.);
#991=ORIENTED_EDGE('',*,*,#1799,.F.);
#992=ORIENTED_EDGE('',*,*,#1800,.F.);
#993=ORIENTED_EDGE('',*,*,#1801,.F.);
#994=ORIENTED_EDGE('',*,*,#1802,.F.);
#995=ORIENTED_EDGE('',*,*,#1803,.F.);
#996=ORIENTED_EDGE('',*,*,#1804,.F.);
#997=ORIENTED_EDGE('',*,*,#1805,.F.);
#998=ORIENTED_EDGE('',*,*,#1806,.F.);
#999=ORIENTED_EDGE('',*,*,#1807,.F.);
#1000=ORIENTED_EDGE('',*,*,#1808,.F.);
#1001=ORIENTED_EDGE('',*,*,#1809,.F.);
#1002=ORIENTED_EDGE('',*,*,#1810,.F.);
#1003=ORIENTED_EDGE('',*,*,#1811,.F.);
#1004=ORIENTED_EDGE('',*,*,#1812,.F.);
#1005=ORIENTED_EDGE('',*,*,#1813,.F.);
#1006=ORIENTED_EDGE('',*,*,#1814,.F.);
#1007=ORIENTED_EDGE('',*,*,#1815,.F.);
#1008=ORIENTED_EDGE('',*,*,#1816,.F.);
#1009=ORIENTED_EDGE('',*,*,#1817,.F.);
#1010=ORIENTED_EDGE('',*,*,#1818,.F.);
#1011=ORIENTED_EDGE('',*,*,#1819,.T.);
#1012=ORIENTED_EDGE('',*,*,#1820,.T.);
#1013=ORIENTED_EDGE('',*,*,#1821,.T.);
#1014=ORIENTED_EDGE('',*,*,#1822,.T.);
#1015=ORIENTED_EDGE('',*,*,#1823,.T.);
#1016=ORIENTED_EDGE('',*,*,#1824,.F.);
#1017=ORIENTED_EDGE('',*,*,#1825,.T.);
#1018=ORIENTED_EDGE('',*,*,#1809,.T.);
#1019=ORIENTED_EDGE('',*,*,#1826,.F.);
#1020=ORIENTED_EDGE('',*,*,#1827,.T.);
#1021=ORIENTED_EDGE('',*,*,#1828,.T.);
#1022=ORIENTED_EDGE('',*,*,#1807,.T.);
#1023=ORIENTED_EDGE('',*,*,#1829,.T.);
#1024=ORIENTED_EDGE('',*,*,#1830,.T.);
#1025=ORIENTED_EDGE('',*,*,#1831,.T.);
#1026=ORIENTED_EDGE('',*,*,#1803,.T.);
#1027=ORIENTED_EDGE('',*,*,#1832,.F.);
#1028=ORIENTED_EDGE('',*,*,#1833,.T.);
#1029=ORIENTED_EDGE('',*,*,#1834,.T.);
#1030=ORIENTED_EDGE('',*,*,#1801,.T.);
#1031=ORIENTED_EDGE('',*,*,#1835,.T.);
#1032=ORIENTED_EDGE('',*,*,#1836,.T.);
#1033=ORIENTED_EDGE('',*,*,#1837,.T.);
#1034=ORIENTED_EDGE('',*,*,#1797,.T.);
#1035=ORIENTED_EDGE('',*,*,#1838,.F.);
#1036=ORIENTED_EDGE('',*,*,#1839,.T.);
#1037=ORIENTED_EDGE('',*,*,#1840,.T.);
#1038=ORIENTED_EDGE('',*,*,#1795,.T.);
#1039=ORIENTED_EDGE('',*,*,#1841,.T.);
#1040=ORIENTED_EDGE('',*,*,#1842,.T.);
#1041=ORIENTED_EDGE('',*,*,#1843,.T.);
#1042=ORIENTED_EDGE('',*,*,#1815,.T.);
#1043=ORIENTED_EDGE('',*,*,#1844,.F.);
#1044=ORIENTED_EDGE('',*,*,#1845,.T.);
#1045=ORIENTED_EDGE('',*,*,#1846,.T.);
#1046=ORIENTED_EDGE('',*,*,#1813,.T.);
#1047=ORIENTED_EDGE('',*,*,#1847,.T.);
#1048=ORIENTED_EDGE('',*,*,#1848,.T.);
#1049=ORIENTED_EDGE('',*,*,#1826,.T.);
#1050=ORIENTED_EDGE('',*,*,#1808,.T.);
#1051=ORIENTED_EDGE('',*,*,#1828,.F.);
#1052=ORIENTED_EDGE('',*,*,#1849,.T.);
#1053=ORIENTED_EDGE('',*,*,#1832,.T.);
#1054=ORIENTED_EDGE('',*,*,#1802,.T.);
#1055=ORIENTED_EDGE('',*,*,#1834,.F.);
#1056=ORIENTED_EDGE('',*,*,#1850,.T.);
#1057=ORIENTED_EDGE('',*,*,#1838,.T.);
#1058=ORIENTED_EDGE('',*,*,#1796,.T.);
#1059=ORIENTED_EDGE('',*,*,#1840,.F.);
#1060=ORIENTED_EDGE('',*,*,#1851,.T.);
#1061=ORIENTED_EDGE('',*,*,#1844,.T.);
#1062=ORIENTED_EDGE('',*,*,#1814,.T.);
#1063=ORIENTED_EDGE('',*,*,#1846,.F.);
#1064=ORIENTED_EDGE('',*,*,#1852,.T.);
#1065=ORIENTED_EDGE('',*,*,#1853,.T.);
#1066=ORIENTED_EDGE('',*,*,#1811,.T.);
#1067=ORIENTED_EDGE('',*,*,#1854,.T.);
#1068=ORIENTED_EDGE('',*,*,#1855,.F.);
#1069=ORIENTED_EDGE('',*,*,#1856,.T.);
#1070=ORIENTED_EDGE('',*,*,#1793,.T.);
#1071=ORIENTED_EDGE('',*,*,#1857,.F.);
#1072=ORIENTED_EDGE('',*,*,#1817,.T.);
#1073=ORIENTED_EDGE('',*,*,#1858,.T.);
#1074=ORIENTED_EDGE('',*,*,#1859,.F.);
#1075=ORIENTED_EDGE('',*,*,#1860,.T.);
#1076=ORIENTED_EDGE('',*,*,#1799,.T.);
#1077=ORIENTED_EDGE('',*,*,#1861,.T.);
#1078=ORIENTED_EDGE('',*,*,#1862,.F.);
#1079=ORIENTED_EDGE('',*,*,#1863,.T.);
#1080=ORIENTED_EDGE('',*,*,#1805,.T.);
#1081=ORIENTED_EDGE('',*,*,#1864,.T.);
#1082=ORIENTED_EDGE('',*,*,#1865,.F.);
#1083=ORIENTED_EDGE('',*,*,#1770,.F.);
#1084=ORIENTED_EDGE('',*,*,#1866,.F.);
#1085=ORIENTED_EDGE('',*,*,#1867,.F.);
#1086=ORIENTED_EDGE('',*,*,#1868,.T.);
#1087=ORIENTED_EDGE('',*,*,#1776,.F.);
#1088=ORIENTED_EDGE('',*,*,#1869,.F.);
#1089=ORIENTED_EDGE('',*,*,#1870,.F.);
#1090=ORIENTED_EDGE('',*,*,#1871,.T.);
#1091=ORIENTED_EDGE('',*,*,#1758,.F.);
#1092=ORIENTED_EDGE('',*,*,#1872,.F.);
#1093=ORIENTED_EDGE('',*,*,#1873,.F.);
#1094=ORIENTED_EDGE('',*,*,#1874,.T.);
#1095=ORIENTED_EDGE('',*,*,#1764,.F.);
#1096=ORIENTED_EDGE('',*,*,#1875,.F.);
#1097=ORIENTED_EDGE('',*,*,#1876,.F.);
#1098=ORIENTED_EDGE('',*,*,#1877,.T.);
#1099=ORIENTED_EDGE('',*,*,#1767,.F.);
#1100=ORIENTED_EDGE('',*,*,#1878,.T.);
#1101=ORIENTED_EDGE('',*,*,#1879,.T.);
#1102=ORIENTED_EDGE('',*,*,#1880,.T.);
#1103=ORIENTED_EDGE('',*,*,#1761,.F.);
#1104=ORIENTED_EDGE('',*,*,#1881,.T.);
#1105=ORIENTED_EDGE('',*,*,#1882,.T.);
#1106=ORIENTED_EDGE('',*,*,#1883,.T.);
#1107=ORIENTED_EDGE('',*,*,#1779,.F.);
#1108=ORIENTED_EDGE('',*,*,#1884,.T.);
#1109=ORIENTED_EDGE('',*,*,#1885,.T.);
#1110=ORIENTED_EDGE('',*,*,#1886,.T.);
#1111=ORIENTED_EDGE('',*,*,#1773,.F.);
#1112=ORIENTED_EDGE('',*,*,#1887,.T.);
#1113=ORIENTED_EDGE('',*,*,#1888,.T.);
#1114=ORIENTED_EDGE('',*,*,#1889,.T.);
#1115=ORIENTED_EDGE('',*,*,#1858,.F.);
#1116=ORIENTED_EDGE('',*,*,#1816,.T.);
#1117=ORIENTED_EDGE('',*,*,#1843,.F.);
#1118=ORIENTED_EDGE('',*,*,#1890,.F.);
#1119=ORIENTED_EDGE('',*,*,#1841,.F.);
#1120=ORIENTED_EDGE('',*,*,#1794,.T.);
#1121=ORIENTED_EDGE('',*,*,#1856,.F.);
#1122=ORIENTED_EDGE('',*,*,#1891,.F.);
#1123=ORIENTED_EDGE('',*,*,#1861,.F.);
#1124=ORIENTED_EDGE('',*,*,#1798,.T.);
#1125=ORIENTED_EDGE('',*,*,#1837,.F.);
#1126=ORIENTED_EDGE('',*,*,#1892,.F.);
#1127=ORIENTED_EDGE('',*,*,#1835,.F.);
#1128=ORIENTED_EDGE('',*,*,#1800,.T.);
#1129=ORIENTED_EDGE('',*,*,#1860,.F.);
#1130=ORIENTED_EDGE('',*,*,#1893,.F.);
#1131=ORIENTED_EDGE('',*,*,#1864,.F.);
#1132=ORIENTED_EDGE('',*,*,#1804,.T.);
#1133=ORIENTED_EDGE('',*,*,#1831,.F.);
#1134=ORIENTED_EDGE('',*,*,#1894,.F.);
#1135=ORIENTED_EDGE('',*,*,#1829,.F.);
#1136=ORIENTED_EDGE('',*,*,#1806,.T.);
#1137=ORIENTED_EDGE('',*,*,#1863,.F.);
#1138=ORIENTED_EDGE('',*,*,#1895,.F.);
#1139=ORIENTED_EDGE('',*,*,#1847,.F.);
#1140=ORIENTED_EDGE('',*,*,#1812,.T.);
#1141=ORIENTED_EDGE('',*,*,#1853,.F.);
#1142=ORIENTED_EDGE('',*,*,#1896,.F.);
#1143=ORIENTED_EDGE('',*,*,#1854,.F.);
#1144=ORIENTED_EDGE('',*,*,#1810,.T.);
#1145=ORIENTED_EDGE('',*,*,#1825,.F.);
#1146=ORIENTED_EDGE('',*,*,#1897,.F.);
#1147=ORIENTED_EDGE('',*,*,#1898,.F.);
#1148=ORIENTED_EDGE('',*,*,#1768,.T.);
#1149=ORIENTED_EDGE('',*,*,#1880,.F.);
#1150=ORIENTED_EDGE('',*,*,#1899,.F.);
#1151=ORIENTED_EDGE('',*,*,#1878,.F.);
#1152=ORIENTED_EDGE('',*,*,#1766,.T.);
#1153=ORIENTED_EDGE('',*,*,#1900,.F.);
#1154=ORIENTED_EDGE('',*,*,#1901,.F.);
#1155=ORIENTED_EDGE('',*,*,#1902,.F.);
#1156=ORIENTED_EDGE('',*,*,#1762,.T.);
#1157=ORIENTED_EDGE('',*,*,#1883,.F.);
#1158=ORIENTED_EDGE('',*,*,#1903,.F.);
#1159=ORIENTED_EDGE('',*,*,#1881,.F.);
#1160=ORIENTED_EDGE('',*,*,#1760,.T.);
#1161=ORIENTED_EDGE('',*,*,#1904,.F.);
#1162=ORIENTED_EDGE('',*,*,#1905,.F.);
#1163=ORIENTED_EDGE('',*,*,#1906,.F.);
#1164=ORIENTED_EDGE('',*,*,#1780,.T.);
#1165=ORIENTED_EDGE('',*,*,#1886,.F.);
#1166=ORIENTED_EDGE('',*,*,#1907,.F.);
#1167=ORIENTED_EDGE('',*,*,#1884,.F.);
#1168=ORIENTED_EDGE('',*,*,#1778,.T.);
#1169=ORIENTED_EDGE('',*,*,#1908,.F.);
#1170=ORIENTED_EDGE('',*,*,#1909,.F.);
#1171=ORIENTED_EDGE('',*,*,#1910,.F.);
#1172=ORIENTED_EDGE('',*,*,#1774,.T.);
#1173=ORIENTED_EDGE('',*,*,#1889,.F.);
#1174=ORIENTED_EDGE('',*,*,#1911,.F.);
#1175=ORIENTED_EDGE('',*,*,#1887,.F.);
#1176=ORIENTED_EDGE('',*,*,#1772,.T.);
#1177=ORIENTED_EDGE('',*,*,#1912,.F.);
#1178=ORIENTED_EDGE('',*,*,#1913,.F.);
#1179=ORIENTED_EDGE('',*,*,#1830,.F.);
#1180=ORIENTED_EDGE('',*,*,#1895,.T.);
#1181=ORIENTED_EDGE('',*,*,#1865,.T.);
#1182=ORIENTED_EDGE('',*,*,#1894,.T.);
#1183=ORIENTED_EDGE('',*,*,#1833,.F.);
#1184=ORIENTED_EDGE('',*,*,#1850,.F.);
#1185=ORIENTED_EDGE('',*,*,#1836,.F.);
#1186=ORIENTED_EDGE('',*,*,#1893,.T.);
#1187=ORIENTED_EDGE('',*,*,#1862,.T.);
#1188=ORIENTED_EDGE('',*,*,#1892,.T.);
#1189=ORIENTED_EDGE('',*,*,#1839,.F.);
#1190=ORIENTED_EDGE('',*,*,#1851,.F.);
#1191=ORIENTED_EDGE('',*,*,#1842,.F.);
#1192=ORIENTED_EDGE('',*,*,#1891,.T.);
#1193=ORIENTED_EDGE('',*,*,#1859,.T.);
#1194=ORIENTED_EDGE('',*,*,#1890,.T.);
#1195=ORIENTED_EDGE('',*,*,#1845,.F.);
#1196=ORIENTED_EDGE('',*,*,#1852,.F.);
#1197=ORIENTED_EDGE('',*,*,#1848,.F.);
#1198=ORIENTED_EDGE('',*,*,#1896,.T.);
#1199=ORIENTED_EDGE('',*,*,#1855,.T.);
#1200=ORIENTED_EDGE('',*,*,#1897,.T.);
#1201=ORIENTED_EDGE('',*,*,#1827,.F.);
#1202=ORIENTED_EDGE('',*,*,#1849,.F.);
#1203=ORIENTED_EDGE('',*,*,#1914,.F.);
#1204=ORIENTED_EDGE('',*,*,#1915,.F.);
#1205=ORIENTED_EDGE('',*,*,#1916,.F.);
#1206=ORIENTED_EDGE('',*,*,#1917,.F.);
#1207=ORIENTED_EDGE('',*,*,#1918,.F.);
#1208=ORIENTED_EDGE('',*,*,#1919,.F.);
#1209=ORIENTED_EDGE('',*,*,#1920,.F.);
#1210=ORIENTED_EDGE('',*,*,#1921,.F.);
#1211=ORIENTED_EDGE('',*,*,#1922,.F.);
#1212=ORIENTED_EDGE('',*,*,#1923,.T.);
#1213=ORIENTED_EDGE('',*,*,#1924,.F.);
#1214=ORIENTED_EDGE('',*,*,#1925,.T.);
#1215=ORIENTED_EDGE('',*,*,#1926,.T.);
#1216=ORIENTED_EDGE('',*,*,#1927,.T.);
#1217=ORIENTED_EDGE('',*,*,#1918,.T.);
#1218=ORIENTED_EDGE('',*,*,#1926,.F.);
#1219=ORIENTED_EDGE('',*,*,#1928,.T.);
#1220=ORIENTED_EDGE('',*,*,#1929,.T.);
#1221=ORIENTED_EDGE('',*,*,#1930,.T.);
#1222=ORIENTED_EDGE('',*,*,#1931,.T.);
#1223=ORIENTED_EDGE('',*,*,#1932,.T.);
#1224=ORIENTED_EDGE('',*,*,#1933,.T.);
#1225=ORIENTED_EDGE('',*,*,#1934,.T.);
#1226=ORIENTED_EDGE('',*,*,#1935,.T.);
#1227=ORIENTED_EDGE('',*,*,#1917,.T.);
#1228=ORIENTED_EDGE('',*,*,#1935,.F.);
#1229=ORIENTED_EDGE('',*,*,#1936,.T.);
#1230=ORIENTED_EDGE('',*,*,#1937,.T.);
#1231=ORIENTED_EDGE('',*,*,#1938,.T.);
#1232=ORIENTED_EDGE('',*,*,#1939,.T.);
#1233=ORIENTED_EDGE('',*,*,#1940,.T.);
#1234=ORIENTED_EDGE('',*,*,#1921,.T.);
#1235=ORIENTED_EDGE('',*,*,#1940,.F.);
#1236=ORIENTED_EDGE('',*,*,#1941,.T.);
#1237=ORIENTED_EDGE('',*,*,#1942,.T.);
#1238=ORIENTED_EDGE('',*,*,#1943,.T.);
#1239=ORIENTED_EDGE('',*,*,#1944,.F.);
#1240=ORIENTED_EDGE('',*,*,#1945,.T.);
#1241=ORIENTED_EDGE('',*,*,#1920,.T.);
#1242=ORIENTED_EDGE('',*,*,#1942,.F.);
#1243=ORIENTED_EDGE('',*,*,#1946,.T.);
#1244=ORIENTED_EDGE('',*,*,#1947,.T.);
#1245=ORIENTED_EDGE('',*,*,#1948,.T.);
#1246=ORIENTED_EDGE('',*,*,#1949,.T.);
#1247=ORIENTED_EDGE('',*,*,#1950,.T.);
#1248=ORIENTED_EDGE('',*,*,#1951,.T.);
#1249=ORIENTED_EDGE('',*,*,#1952,.T.);
#1250=ORIENTED_EDGE('',*,*,#1953,.T.);
#1251=ORIENTED_EDGE('',*,*,#1916,.T.);
#1252=ORIENTED_EDGE('',*,*,#1953,.F.);
#1253=ORIENTED_EDGE('',*,*,#1954,.T.);
#1254=ORIENTED_EDGE('',*,*,#1955,.T.);
#1255=ORIENTED_EDGE('',*,*,#1956,.T.);
#1256=ORIENTED_EDGE('',*,*,#1957,.T.);
#1257=ORIENTED_EDGE('',*,*,#1958,.T.);
#1258=ORIENTED_EDGE('',*,*,#1919,.T.);
#1259=ORIENTED_EDGE('',*,*,#1958,.F.);
#1260=ORIENTED_EDGE('',*,*,#1959,.T.);
#1261=ORIENTED_EDGE('',*,*,#1960,.T.);
#1262=ORIENTED_EDGE('',*,*,#1961,.T.);
#1263=ORIENTED_EDGE('',*,*,#1962,.F.);
#1264=ORIENTED_EDGE('',*,*,#1963,.T.);
#1265=ORIENTED_EDGE('',*,*,#1915,.T.);
#1266=ORIENTED_EDGE('',*,*,#1960,.F.);
#1267=ORIENTED_EDGE('',*,*,#1964,.T.);
#1268=ORIENTED_EDGE('',*,*,#1965,.T.);
#1269=ORIENTED_EDGE('',*,*,#1966,.T.);
#1270=ORIENTED_EDGE('',*,*,#1967,.T.);
#1271=ORIENTED_EDGE('',*,*,#1968,.T.);
#1272=ORIENTED_EDGE('',*,*,#1969,.T.);
#1273=ORIENTED_EDGE('',*,*,#1970,.T.);
#1274=ORIENTED_EDGE('',*,*,#1971,.T.);
#1275=ORIENTED_EDGE('',*,*,#1922,.T.);
#1276=ORIENTED_EDGE('',*,*,#1971,.F.);
#1277=ORIENTED_EDGE('',*,*,#1972,.T.);
#1278=ORIENTED_EDGE('',*,*,#1914,.T.);
#1279=ORIENTED_EDGE('',*,*,#1879,.F.);
#1280=ORIENTED_EDGE('',*,*,#1901,.T.);
#1281=ORIENTED_EDGE('',*,*,#1973,.T.);
#1282=ORIENTED_EDGE('',*,*,#1876,.T.);
#1283=ORIENTED_EDGE('',*,*,#1974,.T.);
#1284=ORIENTED_EDGE('',*,*,#1903,.T.);
#1285=ORIENTED_EDGE('',*,*,#1882,.F.);
#1286=ORIENTED_EDGE('',*,*,#1905,.T.);
#1287=ORIENTED_EDGE('',*,*,#1975,.T.);
#1288=ORIENTED_EDGE('',*,*,#1873,.T.);
#1289=ORIENTED_EDGE('',*,*,#1976,.T.);
#1290=ORIENTED_EDGE('',*,*,#1907,.T.);
#1291=ORIENTED_EDGE('',*,*,#1885,.F.);
#1292=ORIENTED_EDGE('',*,*,#1909,.T.);
#1293=ORIENTED_EDGE('',*,*,#1977,.T.);
#1294=ORIENTED_EDGE('',*,*,#1870,.T.);
#1295=ORIENTED_EDGE('',*,*,#1978,.T.);
#1296=ORIENTED_EDGE('',*,*,#1911,.T.);
#1297=ORIENTED_EDGE('',*,*,#1888,.F.);
#1298=ORIENTED_EDGE('',*,*,#1913,.T.);
#1299=ORIENTED_EDGE('',*,*,#1979,.T.);
#1300=ORIENTED_EDGE('',*,*,#1867,.T.);
#1301=ORIENTED_EDGE('',*,*,#1980,.T.);
#1302=ORIENTED_EDGE('',*,*,#1899,.T.);
#1303=ORIENTED_EDGE('',*,*,#1981,.T.);
#1304=ORIENTED_EDGE('',*,*,#1982,.T.);
#1305=ORIENTED_EDGE('',*,*,#1954,.F.);
#1306=ORIENTED_EDGE('',*,*,#1983,.T.);
#1307=ORIENTED_EDGE('',*,*,#1984,.T.);
#1308=ORIENTED_EDGE('',*,*,#1985,.T.);
#1309=ORIENTED_EDGE('',*,*,#1931,.F.);
#1310=ORIENTED_EDGE('',*,*,#1986,.T.);
#1311=ORIENTED_EDGE('',*,*,#1972,.F.);
#1312=ORIENTED_EDGE('',*,*,#1959,.F.);
#1313=ORIENTED_EDGE('',*,*,#1987,.T.);
#1314=ORIENTED_EDGE('',*,*,#1988,.T.);
#1315=ORIENTED_EDGE('',*,*,#1949,.F.);
#1316=ORIENTED_EDGE('',*,*,#1989,.T.);
#1317=ORIENTED_EDGE('',*,*,#1923,.F.);
#1318=ORIENTED_EDGE('',*,*,#1941,.F.);
#1319=ORIENTED_EDGE('',*,*,#1990,.T.);
#1320=ORIENTED_EDGE('',*,*,#1991,.T.);
#1321=ORIENTED_EDGE('',*,*,#1938,.F.);
#1322=ORIENTED_EDGE('',*,*,#1992,.T.);
#1323=ORIENTED_EDGE('',*,*,#1993,.T.);
#1324=ORIENTED_EDGE('',*,*,#1994,.T.);
#1325=ORIENTED_EDGE('',*,*,#1967,.F.);
#1326=ORIENTED_EDGE('',*,*,#1995,.T.);
#1327=ORIENTED_EDGE('',*,*,#1769,.F.);
#1328=ORIENTED_EDGE('',*,*,#1898,.T.);
#1329=ORIENTED_EDGE('',*,*,#1980,.F.);
#1330=ORIENTED_EDGE('',*,*,#1866,.T.);
#1331=ORIENTED_EDGE('',*,*,#1771,.F.);
#1332=ORIENTED_EDGE('',*,*,#1868,.F.);
#1333=ORIENTED_EDGE('',*,*,#1979,.F.);
#1334=ORIENTED_EDGE('',*,*,#1912,.T.);
#1335=ORIENTED_EDGE('',*,*,#1775,.F.);
#1336=ORIENTED_EDGE('',*,*,#1910,.T.);
#1337=ORIENTED_EDGE('',*,*,#1978,.F.);
#1338=ORIENTED_EDGE('',*,*,#1869,.T.);
#1339=ORIENTED_EDGE('',*,*,#1777,.F.);
#1340=ORIENTED_EDGE('',*,*,#1871,.F.);
#1341=ORIENTED_EDGE('',*,*,#1977,.F.);
#1342=ORIENTED_EDGE('',*,*,#1908,.T.);
#1343=ORIENTED_EDGE('',*,*,#1757,.F.);
#1344=ORIENTED_EDGE('',*,*,#1906,.T.);
#1345=ORIENTED_EDGE('',*,*,#1976,.F.);
#1346=ORIENTED_EDGE('',*,*,#1872,.T.);
#1347=ORIENTED_EDGE('',*,*,#1759,.F.);
#1348=ORIENTED_EDGE('',*,*,#1874,.F.);
#1349=ORIENTED_EDGE('',*,*,#1975,.F.);
#1350=ORIENTED_EDGE('',*,*,#1904,.T.);
#1351=ORIENTED_EDGE('',*,*,#1763,.F.);
#1352=ORIENTED_EDGE('',*,*,#1902,.T.);
#1353=ORIENTED_EDGE('',*,*,#1974,.F.);
#1354=ORIENTED_EDGE('',*,*,#1875,.T.);
#1355=ORIENTED_EDGE('',*,*,#1765,.F.);
#1356=ORIENTED_EDGE('',*,*,#1877,.F.);
#1357=ORIENTED_EDGE('',*,*,#1973,.F.);
#1358=ORIENTED_EDGE('',*,*,#1900,.T.);
#1359=ORIENTED_EDGE('',*,*,#1784,.F.);
#1360=ORIENTED_EDGE('',*,*,#1996,.F.);
#1361=ORIENTED_EDGE('',*,*,#1823,.F.);
#1362=ORIENTED_EDGE('',*,*,#1997,.T.);
#1363=ORIENTED_EDGE('',*,*,#1785,.F.);
#1364=ORIENTED_EDGE('',*,*,#1997,.F.);
#1365=ORIENTED_EDGE('',*,*,#1822,.F.);
#1366=ORIENTED_EDGE('',*,*,#1998,.T.);
#1367=ORIENTED_EDGE('',*,*,#1786,.F.);
#1368=ORIENTED_EDGE('',*,*,#1998,.F.);
#1369=ORIENTED_EDGE('',*,*,#1821,.F.);
#1370=ORIENTED_EDGE('',*,*,#1999,.T.);
#1371=ORIENTED_EDGE('',*,*,#1787,.F.);
#1372=ORIENTED_EDGE('',*,*,#1999,.F.);
#1373=ORIENTED_EDGE('',*,*,#1820,.F.);
#1374=ORIENTED_EDGE('',*,*,#2000,.T.);
#1375=ORIENTED_EDGE('',*,*,#1788,.F.);
#1376=ORIENTED_EDGE('',*,*,#2000,.F.);
#1377=ORIENTED_EDGE('',*,*,#1819,.F.);
#1378=ORIENTED_EDGE('',*,*,#2001,.T.);
#1379=ORIENTED_EDGE('',*,*,#2002,.F.);
#1380=ORIENTED_EDGE('',*,*,#1782,.F.);
#1381=ORIENTED_EDGE('',*,*,#2003,.F.);
#1382=ORIENTED_EDGE('',*,*,#1790,.F.);
#1383=ORIENTED_EDGE('',*,*,#2004,.F.);
#1384=ORIENTED_EDGE('',*,*,#2005,.T.);
#1385=ORIENTED_EDGE('',*,*,#2006,.F.);
#1386=ORIENTED_EDGE('',*,*,#2007,.T.);
#1387=ORIENTED_EDGE('',*,*,#1818,.T.);
#1388=ORIENTED_EDGE('',*,*,#2008,.T.);
#1389=ORIENTED_EDGE('',*,*,#2009,.T.);
#1390=ORIENTED_EDGE('',*,*,#2010,.F.);
#1391=ORIENTED_EDGE('',*,*,#2011,.F.);
#1392=ORIENTED_EDGE('',*,*,#2007,.F.);
#1393=ORIENTED_EDGE('',*,*,#1789,.T.);
#1394=ORIENTED_EDGE('',*,*,#2009,.F.);
#1395=ORIENTED_EDGE('',*,*,#2012,.T.);
#1396=ORIENTED_EDGE('',*,*,#2013,.T.);
#1397=ORIENTED_EDGE('',*,*,#2004,.T.);
#1398=ORIENTED_EDGE('',*,*,#2006,.T.);
#1399=ORIENTED_EDGE('',*,*,#2014,.T.);
#1400=ORIENTED_EDGE('',*,*,#2012,.F.);
#1401=ORIENTED_EDGE('',*,*,#2008,.F.);
#1402=ORIENTED_EDGE('',*,*,#1857,.T.);
#1403=ORIENTED_EDGE('',*,*,#2015,.F.);
#1404=ORIENTED_EDGE('',*,*,#2016,.T.);
#1405=ORIENTED_EDGE('',*,*,#2010,.T.);
#1406=ORIENTED_EDGE('',*,*,#1791,.T.);
#1407=ORIENTED_EDGE('',*,*,#2003,.T.);
#1408=ORIENTED_EDGE('',*,*,#2011,.T.);
#1409=ORIENTED_EDGE('',*,*,#2016,.F.);
#1410=ORIENTED_EDGE('',*,*,#2017,.F.);
#1411=ORIENTED_EDGE('',*,*,#2013,.F.);
#1412=ORIENTED_EDGE('',*,*,#2014,.F.);
#1413=ORIENTED_EDGE('',*,*,#2005,.F.);
#1414=ORIENTED_EDGE('',*,*,#1792,.T.);
#1415=ORIENTED_EDGE('',*,*,#2017,.T.);
#1416=ORIENTED_EDGE('',*,*,#2015,.T.);
#1417=ORIENTED_EDGE('',*,*,#1944,.T.);
#1418=ORIENTED_EDGE('',*,*,#2018,.F.);
#1419=ORIENTED_EDGE('',*,*,#2019,.F.);
#1420=ORIENTED_EDGE('',*,*,#2020,.F.);
#1421=ORIENTED_EDGE('',*,*,#2021,.F.);
#1422=ORIENTED_EDGE('',*,*,#2019,.T.);
#1423=ORIENTED_EDGE('',*,*,#2022,.F.);
#1424=ORIENTED_EDGE('',*,*,#1947,.F.);
#1425=ORIENTED_EDGE('',*,*,#2020,.T.);
#1426=ORIENTED_EDGE('',*,*,#2021,.T.);
#1427=ORIENTED_EDGE('',*,*,#1946,.F.);
#1428=ORIENTED_EDGE('',*,*,#1945,.F.);
#1429=ORIENTED_EDGE('',*,*,#1948,.F.);
#1430=ORIENTED_EDGE('',*,*,#2022,.T.);
#1431=ORIENTED_EDGE('',*,*,#2018,.T.);
#1432=ORIENTED_EDGE('',*,*,#1943,.F.);
#1433=ORIENTED_EDGE('',*,*,#2023,.F.);
#1434=ORIENTED_EDGE('',*,*,#2024,.T.);
#1435=ORIENTED_EDGE('',*,*,#2025,.F.);
#1436=ORIENTED_EDGE('',*,*,#1936,.F.);
#1437=ORIENTED_EDGE('',*,*,#2026,.F.);
#1438=ORIENTED_EDGE('',*,*,#2024,.F.);
#1439=ORIENTED_EDGE('',*,*,#2027,.F.);
#1440=ORIENTED_EDGE('',*,*,#1990,.F.);
#1441=ORIENTED_EDGE('',*,*,#1991,.F.);
#1442=ORIENTED_EDGE('',*,*,#2027,.T.);
#1443=ORIENTED_EDGE('',*,*,#2023,.T.);
#1444=ORIENTED_EDGE('',*,*,#1939,.F.);
#1445=ORIENTED_EDGE('',*,*,#2025,.T.);
#1446=ORIENTED_EDGE('',*,*,#2026,.T.);
#1447=ORIENTED_EDGE('',*,*,#1992,.F.);
#1448=ORIENTED_EDGE('',*,*,#1937,.F.);
#1449=ORIENTED_EDGE('',*,*,#2028,.F.);
#1450=ORIENTED_EDGE('',*,*,#2029,.T.);
#1451=ORIENTED_EDGE('',*,*,#2030,.F.);
#1452=ORIENTED_EDGE('',*,*,#1969,.F.);
#1453=ORIENTED_EDGE('',*,*,#2031,.F.);
#1454=ORIENTED_EDGE('',*,*,#2029,.F.);
#1455=ORIENTED_EDGE('',*,*,#2032,.F.);
#1456=ORIENTED_EDGE('',*,*,#1993,.F.);
#1457=ORIENTED_EDGE('',*,*,#1994,.F.);
#1458=ORIENTED_EDGE('',*,*,#2032,.T.);
#1459=ORIENTED_EDGE('',*,*,#2028,.T.);
#1460=ORIENTED_EDGE('',*,*,#1968,.F.);
#1461=ORIENTED_EDGE('',*,*,#2030,.T.);
#1462=ORIENTED_EDGE('',*,*,#2031,.T.);
#1463=ORIENTED_EDGE('',*,*,#1995,.F.);
#1464=ORIENTED_EDGE('',*,*,#1970,.F.);
#1465=ORIENTED_EDGE('',*,*,#2033,.F.);
#1466=ORIENTED_EDGE('',*,*,#2034,.T.);
#1467=ORIENTED_EDGE('',*,*,#2035,.F.);
#1468=ORIENTED_EDGE('',*,*,#1956,.F.);
#1469=ORIENTED_EDGE('',*,*,#2036,.F.);
#1470=ORIENTED_EDGE('',*,*,#2034,.F.);
#1471=ORIENTED_EDGE('',*,*,#2037,.F.);
#1472=ORIENTED_EDGE('',*,*,#1981,.F.);
#1473=ORIENTED_EDGE('',*,*,#1982,.F.);
#1474=ORIENTED_EDGE('',*,*,#2037,.T.);
#1475=ORIENTED_EDGE('',*,*,#2033,.T.);
#1476=ORIENTED_EDGE('',*,*,#1955,.F.);
#1477=ORIENTED_EDGE('',*,*,#2035,.T.);
#1478=ORIENTED_EDGE('',*,*,#2036,.T.);
#1479=ORIENTED_EDGE('',*,*,#1983,.F.);
#1480=ORIENTED_EDGE('',*,*,#1957,.F.);
#1481=ORIENTED_EDGE('',*,*,#1924,.T.);
#1482=ORIENTED_EDGE('',*,*,#2038,.F.);
#1483=ORIENTED_EDGE('',*,*,#2039,.F.);
#1484=ORIENTED_EDGE('',*,*,#2040,.F.);
#1485=ORIENTED_EDGE('',*,*,#2041,.F.);
#1486=ORIENTED_EDGE('',*,*,#2039,.T.);
#1487=ORIENTED_EDGE('',*,*,#2042,.F.);
#1488=ORIENTED_EDGE('',*,*,#1929,.F.);
#1489=ORIENTED_EDGE('',*,*,#2040,.T.);
#1490=ORIENTED_EDGE('',*,*,#2041,.T.);
#1491=ORIENTED_EDGE('',*,*,#1928,.F.);
#1492=ORIENTED_EDGE('',*,*,#1925,.F.);
#1493=ORIENTED_EDGE('',*,*,#1930,.F.);
#1494=ORIENTED_EDGE('',*,*,#2042,.T.);
#1495=ORIENTED_EDGE('',*,*,#2038,.T.);
#1496=ORIENTED_EDGE('',*,*,#1927,.F.);
#1497=ORIENTED_EDGE('',*,*,#2043,.F.);
#1498=ORIENTED_EDGE('',*,*,#2044,.T.);
#1499=ORIENTED_EDGE('',*,*,#2045,.F.);
#1500=ORIENTED_EDGE('',*,*,#1951,.F.);
#1501=ORIENTED_EDGE('',*,*,#2046,.F.);
#1502=ORIENTED_EDGE('',*,*,#2044,.F.);
#1503=ORIENTED_EDGE('',*,*,#2047,.F.);
#1504=ORIENTED_EDGE('',*,*,#1987,.F.);
#1505=ORIENTED_EDGE('',*,*,#1988,.F.);
#1506=ORIENTED_EDGE('',*,*,#2047,.T.);
#1507=ORIENTED_EDGE('',*,*,#2043,.T.);
#1508=ORIENTED_EDGE('',*,*,#1950,.F.);
#1509=ORIENTED_EDGE('',*,*,#2045,.T.);
#1510=ORIENTED_EDGE('',*,*,#2046,.T.);
#1511=ORIENTED_EDGE('',*,*,#1989,.F.);
#1512=ORIENTED_EDGE('',*,*,#1952,.F.);
#1513=ORIENTED_EDGE('',*,*,#2048,.F.);
#1514=ORIENTED_EDGE('',*,*,#2049,.T.);
#1515=ORIENTED_EDGE('',*,*,#2050,.F.);
#1516=ORIENTED_EDGE('',*,*,#1933,.F.);
#1517=ORIENTED_EDGE('',*,*,#2051,.F.);
#1518=ORIENTED_EDGE('',*,*,#2049,.F.);
#1519=ORIENTED_EDGE('',*,*,#2052,.F.);
#1520=ORIENTED_EDGE('',*,*,#1984,.F.);
#1521=ORIENTED_EDGE('',*,*,#1985,.F.);
#1522=ORIENTED_EDGE('',*,*,#2052,.T.);
#1523=ORIENTED_EDGE('',*,*,#2048,.T.);
#1524=ORIENTED_EDGE('',*,*,#1932,.F.);
#1525=ORIENTED_EDGE('',*,*,#2050,.T.);
#1526=ORIENTED_EDGE('',*,*,#2051,.T.);
#1527=ORIENTED_EDGE('',*,*,#1986,.F.);
#1528=ORIENTED_EDGE('',*,*,#1934,.F.);
#1529=ORIENTED_EDGE('',*,*,#1962,.T.);
#1530=ORIENTED_EDGE('',*,*,#2053,.F.);
#1531=ORIENTED_EDGE('',*,*,#2054,.F.);
#1532=ORIENTED_EDGE('',*,*,#2055,.F.);
#1533=ORIENTED_EDGE('',*,*,#2056,.F.);
#1534=ORIENTED_EDGE('',*,*,#2054,.T.);
#1535=ORIENTED_EDGE('',*,*,#2057,.F.);
#1536=ORIENTED_EDGE('',*,*,#1965,.F.);
#1537=ORIENTED_EDGE('',*,*,#2055,.T.);
#1538=ORIENTED_EDGE('',*,*,#2056,.T.);
#1539=ORIENTED_EDGE('',*,*,#1964,.F.);
#1540=ORIENTED_EDGE('',*,*,#1963,.F.);
#1541=ORIENTED_EDGE('',*,*,#1966,.F.);
#1542=ORIENTED_EDGE('',*,*,#2057,.T.);
#1543=ORIENTED_EDGE('',*,*,#2053,.T.);
#1544=ORIENTED_EDGE('',*,*,#1961,.F.);
#1545=ORIENTED_EDGE('',*,*,#2002,.T.);
#1546=ORIENTED_EDGE('',*,*,#1781,.F.);
#1547=ORIENTED_EDGE('',*,*,#2001,.F.);
#1548=ORIENTED_EDGE('',*,*,#1824,.T.);
#1549=ORIENTED_EDGE('',*,*,#1996,.T.);
#1550=ORIENTED_EDGE('',*,*,#1783,.F.);
#1551=VERTEX_POINT('',#2753);
#1552=VERTEX_POINT('',#2754);
#1553=VERTEX_POINT('',#2786);
#1554=VERTEX_POINT('',#2788);
#1555=VERTEX_POINT('',#2793);
#1556=VERTEX_POINT('',#2798);
#1557=VERTEX_POINT('',#2803);
#1558=VERTEX_POINT('',#2805);
#1559=VERTEX_POINT('',#2837);
#1560=VERTEX_POINT('',#2839);
#1561=VERTEX_POINT('',#2844);
#1562=VERTEX_POINT('',#2849);
#1563=VERTEX_POINT('',#2854);
#1564=VERTEX_POINT('',#2856);
#1565=VERTEX_POINT('',#2888);
#1566=VERTEX_POINT('',#2890);
#1567=VERTEX_POINT('',#2895);
#1568=VERTEX_POINT('',#2900);
#1569=VERTEX_POINT('',#2905);
#1570=VERTEX_POINT('',#2907);
#1571=VERTEX_POINT('',#2939);
#1572=VERTEX_POINT('',#2941);
#1573=VERTEX_POINT('',#2946);
#1574=VERTEX_POINT('',#2951);
#1575=VERTEX_POINT('',#2957);
#1576=VERTEX_POINT('',#2958);
#1577=VERTEX_POINT('',#2985);
#1578=VERTEX_POINT('',#2987);
#1579=VERTEX_POINT('',#2994);
#1580=VERTEX_POINT('',#2996);
#1581=VERTEX_POINT('',#3031);
#1582=VERTEX_POINT('',#3033);
#1583=VERTEX_POINT('',#3042);
#1584=VERTEX_POINT('',#3043);
#1585=VERTEX_POINT('',#3058);
#1586=VERTEX_POINT('',#3060);
#1587=VERTEX_POINT('',#3062);
#1588=VERTEX_POINT('',#3067);
#1589=VERTEX_POINT('',#3072);
#1590=VERTEX_POINT('',#3074);
#1591=VERTEX_POINT('',#3106);
#1592=VERTEX_POINT('',#3108);
#1593=VERTEX_POINT('',#3113);
#1594=VERTEX_POINT('',#3118);
#1595=VERTEX_POINT('',#3123);
#1596=VERTEX_POINT('',#3125);
#1597=VERTEX_POINT('',#3157);
#1598=VERTEX_POINT('',#3159);
#1599=VERTEX_POINT('',#3164);
#1600=VERTEX_POINT('',#3169);
#1601=VERTEX_POINT('',#3174);
#1602=VERTEX_POINT('',#3176);
#1603=VERTEX_POINT('',#3208);
#1604=VERTEX_POINT('',#3210);
#1605=VERTEX_POINT('',#3215);
#1606=VERTEX_POINT('',#3220);
#1607=VERTEX_POINT('',#3225);
#1608=VERTEX_POINT('',#3227);
#1609=VERTEX_POINT('',#3259);
#1610=VERTEX_POINT('',#3261);
#1611=VERTEX_POINT('',#3266);
#1612=VERTEX_POINT('',#3271);
#1613=VERTEX_POINT('',#3279);
#1614=VERTEX_POINT('',#3280);
#1615=VERTEX_POINT('',#3282);
#1616=VERTEX_POINT('',#3317);
#1617=VERTEX_POINT('',#3319);
#1618=VERTEX_POINT('',#3326);
#1619=VERTEX_POINT('',#3330);
#1620=VERTEX_POINT('',#3332);
#1621=VERTEX_POINT('',#3336);
#1622=VERTEX_POINT('',#3338);
#1623=VERTEX_POINT('',#3342);
#1624=VERTEX_POINT('',#3344);
#1625=VERTEX_POINT('',#3348);
#1626=VERTEX_POINT('',#3350);
#1627=VERTEX_POINT('',#3354);
#1628=VERTEX_POINT('',#3356);
#1629=VERTEX_POINT('',#3360);
#1630=VERTEX_POINT('',#3362);
#1631=VERTEX_POINT('',#3366);
#1632=VERTEX_POINT('',#3368);
#1633=VERTEX_POINT('',#3372);
#1634=VERTEX_POINT('',#3374);
#1635=VERTEX_POINT('',#3386);
#1636=VERTEX_POINT('',#3388);
#1637=VERTEX_POINT('',#3392);
#1638=VERTEX_POINT('',#3400);
#1639=VERTEX_POINT('',#3404);
#1640=VERTEX_POINT('',#3406);
#1641=VERTEX_POINT('',#3410);
#1642=VERTEX_POINT('',#3412);
#1643=VERTEX_POINT('',#3416);
#1644=VERTEX_POINT('',#3418);
#1645=VERTEX_POINT('',#3422);
#1646=VERTEX_POINT('',#3424);
#1647=VERTEX_POINT('',#3428);
#1648=VERTEX_POINT('',#3430);
#1649=VERTEX_POINT('',#3434);
#1650=VERTEX_POINT('',#3436);
#1651=VERTEX_POINT('',#3440);
#1652=VERTEX_POINT('',#3442);
#1653=VERTEX_POINT('',#3446);
#1654=VERTEX_POINT('',#3448);
#1655=VERTEX_POINT('',#3452);
#1656=VERTEX_POINT('',#3454);
#1657=VERTEX_POINT('',#3458);
#1658=VERTEX_POINT('',#3460);
#1659=VERTEX_POINT('',#3480);
#1660=VERTEX_POINT('',#3484);
#1661=VERTEX_POINT('',#3488);
#1662=VERTEX_POINT('',#3492);
#1663=VERTEX_POINT('',#3496);
#1664=VERTEX_POINT('',#3500);
#1665=VERTEX_POINT('',#3504);
#1666=VERTEX_POINT('',#3508);
#1667=VERTEX_POINT('',#3512);
#1668=VERTEX_POINT('',#3514);
#1669=VERTEX_POINT('',#3516);
#1670=VERTEX_POINT('',#3518);
#1671=VERTEX_POINT('',#3520);
#1672=VERTEX_POINT('',#3522);
#1673=VERTEX_POINT('',#3524);
#1674=VERTEX_POINT('',#3526);
#1675=VERTEX_POINT('',#3528);
#1676=VERTEX_POINT('',#3531);
#1677=VERTEX_POINT('',#3533);
#1678=VERTEX_POINT('',#3534);
#1679=VERTEX_POINT('',#3641);
#1680=VERTEX_POINT('',#3643);
#1681=VERTEX_POINT('',#3728);
#1682=VERTEX_POINT('',#3730);
#1683=VERTEX_POINT('',#3758);
#1684=VERTEX_POINT('',#3759);
#1685=VERTEX_POINT('',#3836);
#1686=VERTEX_POINT('',#3838);
#1687=VERTEX_POINT('',#3946);
#1688=VERTEX_POINT('',#3950);
#1689=VERTEX_POINT('',#3951);
#1690=VERTEX_POINT('',#4058);
#1691=VERTEX_POINT('',#4060);
#1692=VERTEX_POINT('',#4138);
#1693=VERTEX_POINT('',#4142);
#1694=VERTEX_POINT('',#4144);
#1695=VERTEX_POINT('',#4145);
#1696=VERTEX_POINT('',#4222);
#1697=VERTEX_POINT('',#4224);
#1698=VERTEX_POINT('',#4339);
#1699=VERTEX_POINT('',#4341);
#1700=VERTEX_POINT('',#4369);
#1701=VERTEX_POINT('',#4370);
#1702=VERTEX_POINT('',#4447);
#1703=VERTEX_POINT('',#4449);
#1704=VERTEX_POINT('',#4557);
#1705=VERTEX_POINT('',#4561);
#1706=VERTEX_POINT('',#4562);
#1707=VERTEX_POINT('',#4639);
#1708=VERTEX_POINT('',#4641);
#1709=VERTEX_POINT('',#4749);
#1710=VERTEX_POINT('',#4753);
#1711=VERTEX_POINT('',#4755);
#1712=VERTEX_POINT('',#4756);
#1713=VERTEX_POINT('',#4833);
#1714=VERTEX_POINT('',#4835);
#1715=VERTEX_POINT('',#4950);
#1716=VERTEX_POINT('',#4952);
#1717=VERTEX_POINT('',#4980);
#1718=VERTEX_POINT('',#4981);
#1719=VERTEX_POINT('',#5058);
#1720=VERTEX_POINT('',#5060);
#1721=VERTEX_POINT('',#5168);
#1722=VERTEX_POINT('',#5172);
#1723=VERTEX_POINT('',#5183);
#1724=VERTEX_POINT('',#5184);
#1725=VERTEX_POINT('',#5209);
#1726=VERTEX_POINT('',#5210);
#1727=VERTEX_POINT('',#5235);
#1728=VERTEX_POINT('',#5236);
#1729=VERTEX_POINT('',#5261);
#1730=VERTEX_POINT('',#5262);
#1731=VERTEX_POINT('',#5287);
#1732=VERTEX_POINT('',#5288);
#1733=VERTEX_POINT('',#5334);
#1734=VERTEX_POINT('',#5336);
#1735=VERTEX_POINT('',#5338);
#1736=VERTEX_POINT('',#5353);
#1737=VERTEX_POINT('',#5362);
#1738=VERTEX_POINT('',#5371);
#1739=VERTEX_POINT('',#5375);
#1740=VERTEX_POINT('',#5390);
#1741=VERTEX_POINT('',#5404);
#1742=VERTEX_POINT('',#5406);
#1743=VERTEX_POINT('',#5718);
#1744=VERTEX_POINT('',#5720);
#1745=VERTEX_POINT('',#5989);
#1746=VERTEX_POINT('',#5991);
#1747=VERTEX_POINT('',#6260);
#1748=VERTEX_POINT('',#6262);
#1749=VERTEX_POINT('',#6531);
#1750=VERTEX_POINT('',#6533);
#1751=VERTEX_POINT('',#6845);
#1752=VERTEX_POINT('',#6847);
#1753=VERTEX_POINT('',#7116);
#1754=VERTEX_POINT('',#7118);
#1755=VERTEX_POINT('',#7387);
#1756=VERTEX_POINT('',#7389);
#1757=EDGE_CURVE('',#1551,#1552,#2058,.T.);
#1758=EDGE_CURVE('',#1552,#1553,#837,.T.);
#1759=EDGE_CURVE('',#1553,#1554,#2059,.T.);
#1760=EDGE_CURVE('',#1555,#1554,#838,.T.);
#1761=EDGE_CURVE('',#1555,#1556,#839,.T.);
#1762=EDGE_CURVE('',#1557,#1556,#840,.T.);
#1763=EDGE_CURVE('',#1557,#1558,#2060,.T.);
#1764=EDGE_CURVE('',#1558,#1559,#841,.T.);
#1765=EDGE_CURVE('',#1559,#1560,#2061,.T.);
#1766=EDGE_CURVE('',#1561,#1560,#842,.T.);
#1767=EDGE_CURVE('',#1561,#1562,#843,.T.);
#1768=EDGE_CURVE('',#1563,#1562,#844,.T.);
#1769=EDGE_CURVE('',#1563,#1564,#2062,.T.);
#1770=EDGE_CURVE('',#1564,#1565,#845,.T.);
#1771=EDGE_CURVE('',#1565,#1566,#2063,.T.);
#1772=EDGE_CURVE('',#1567,#1566,#846,.T.);
#1773=EDGE_CURVE('',#1567,#1568,#847,.T.);
#1774=EDGE_CURVE('',#1569,#1568,#848,.T.);
#1775=EDGE_CURVE('',#1569,#1570,#2064,.T.);
#1776=EDGE_CURVE('',#1570,#1571,#849,.T.);
#1777=EDGE_CURVE('',#1571,#1572,#2065,.T.);
#1778=EDGE_CURVE('',#1573,#1572,#850,.T.);
#1779=EDGE_CURVE('',#1573,#1574,#851,.T.);
#1780=EDGE_CURVE('',#1551,#1574,#852,.T.);
#1781=EDGE_CURVE('',#1575,#1576,#425,.T.);
#1782=EDGE_CURVE('',#1576,#1577,#853,.T.);
#1783=EDGE_CURVE('',#1577,#1578,#426,.T.);
#1784=EDGE_CURVE('',#1578,#1579,#854,.T.);
#1785=EDGE_CURVE('',#1579,#1580,#2066,.T.);
#1786=EDGE_CURVE('',#1580,#1581,#855,.T.);
#1787=EDGE_CURVE('',#1581,#1582,#2067,.T.);
#1788=EDGE_CURVE('',#1582,#1575,#856,.T.);
#1789=EDGE_CURVE('',#1583,#1584,#187,.T.);
#1790=EDGE_CURVE('',#1583,#1585,#857,.T.);
#1791=EDGE_CURVE('',#1586,#1585,#188,.T.);
#1792=EDGE_CURVE('',#1587,#1586,#427,.T.);
#1793=EDGE_CURVE('',#1588,#1587,#858,.T.);
#1794=EDGE_CURVE('',#1589,#1588,#859,.T.);
#1795=EDGE_CURVE('',#1590,#1589,#2068,.T.);
#1796=EDGE_CURVE('',#1591,#1590,#860,.T.);
#1797=EDGE_CURVE('',#1592,#1591,#2069,.T.);
#1798=EDGE_CURVE('',#1593,#1592,#861,.T.);
#1799=EDGE_CURVE('',#1594,#1593,#862,.T.);
#1800=EDGE_CURVE('',#1595,#1594,#863,.T.);
#1801=EDGE_CURVE('',#1596,#1595,#2070,.T.);
#1802=EDGE_CURVE('',#1597,#1596,#864,.T.);
#1803=EDGE_CURVE('',#1598,#1597,#2071,.T.);
#1804=EDGE_CURVE('',#1599,#1598,#865,.T.);
#1805=EDGE_CURVE('',#1600,#1599,#866,.T.);
#1806=EDGE_CURVE('',#1601,#1600,#867,.T.);
#1807=EDGE_CURVE('',#1602,#1601,#2072,.T.);
#1808=EDGE_CURVE('',#1603,#1602,#868,.T.);
#1809=EDGE_CURVE('',#1604,#1603,#2073,.T.);
#1810=EDGE_CURVE('',#1605,#1604,#869,.T.);
#1811=EDGE_CURVE('',#1606,#1605,#870,.T.);
#1812=EDGE_CURVE('',#1607,#1606,#871,.T.);
#1813=EDGE_CURVE('',#1608,#1607,#2074,.T.);
#1814=EDGE_CURVE('',#1609,#1608,#872,.T.);
#1815=EDGE_CURVE('',#1610,#1609,#2075,.T.);
#1816=EDGE_CURVE('',#1611,#1610,#873,.T.);
#1817=EDGE_CURVE('',#1612,#1611,#874,.T.);
#1818=EDGE_CURVE('',#1584,#1612,#428,.T.);
#1819=EDGE_CURVE('',#1613,#1614,#875,.T.);
#1820=EDGE_CURVE('',#1614,#1615,#2076,.T.);
#1821=EDGE_CURVE('',#1615,#1616,#876,.T.);
#1822=EDGE_CURVE('',#1616,#1617,#2077,.T.);
#1823=EDGE_CURVE('',#1617,#1618,#877,.T.);
#1824=EDGE_CURVE('',#1613,#1618,#429,.T.);
#1825=EDGE_CURVE('',#1619,#1604,#430,.T.);
#1826=EDGE_CURVE('',#1620,#1603,#431,.T.);
#1827=EDGE_CURVE('',#1620,#1619,#432,.T.);
#1828=EDGE_CURVE('',#1621,#1602,#433,.T.);
#1829=EDGE_CURVE('',#1601,#1622,#434,.T.);
#1830=EDGE_CURVE('',#1622,#1621,#435,.T.);
#1831=EDGE_CURVE('',#1623,#1598,#436,.T.);
#1832=EDGE_CURVE('',#1624,#1597,#437,.T.);
#1833=EDGE_CURVE('',#1624,#1623,#438,.T.);
#1834=EDGE_CURVE('',#1625,#1596,#439,.T.);
#1835=EDGE_CURVE('',#1595,#1626,#440,.T.);
#1836=EDGE_CURVE('',#1626,#1625,#441,.T.);
#1837=EDGE_CURVE('',#1627,#1592,#442,.T.);
#1838=EDGE_CURVE('',#1628,#1591,#443,.T.);
#1839=EDGE_CURVE('',#1628,#1627,#444,.T.);
#1840=EDGE_CURVE('',#1629,#1590,#445,.T.);
#1841=EDGE_CURVE('',#1589,#1630,#446,.T.);
#1842=EDGE_CURVE('',#1630,#1629,#447,.T.);
#1843=EDGE_CURVE('',#1631,#1610,#448,.T.);
#1844=EDGE_CURVE('',#1632,#1609,#449,.T.);
#1845=EDGE_CURVE('',#1632,#1631,#450,.T.);
#1846=EDGE_CURVE('',#1633,#1608,#451,.T.);
#1847=EDGE_CURVE('',#1607,#1634,#452,.T.);
#1848=EDGE_CURVE('',#1634,#1633,#453,.T.);
#1849=EDGE_CURVE('',#1621,#1620,#189,.T.);
#1850=EDGE_CURVE('',#1625,#1624,#190,.T.);
#1851=EDGE_CURVE('',#1629,#1628,#191,.T.);
#1852=EDGE_CURVE('',#1633,#1632,#192,.T.);
#1853=EDGE_CURVE('',#1635,#1606,#454,.T.);
#1854=EDGE_CURVE('',#1605,#1636,#455,.T.);
#1855=EDGE_CURVE('',#1635,#1636,#193,.T.);
#1856=EDGE_CURVE('',#1637,#1588,#456,.T.);
#1857=EDGE_CURVE('',#1612,#1587,#878,.T.);
#1858=EDGE_CURVE('',#1611,#1638,#457,.T.);
#1859=EDGE_CURVE('',#1637,#1638,#194,.T.);
#1860=EDGE_CURVE('',#1639,#1594,#458,.T.);
#1861=EDGE_CURVE('',#1593,#1640,#459,.T.);
#1862=EDGE_CURVE('',#1639,#1640,#195,.T.);
#1863=EDGE_CURVE('',#1641,#1600,#460,.T.);
#1864=EDGE_CURVE('',#1599,#1642,#461,.T.);
#1865=EDGE_CURVE('',#1641,#1642,#196,.T.);
#1866=EDGE_CURVE('',#1643,#1564,#462,.T.);
#1867=EDGE_CURVE('',#1644,#1643,#197,.T.);
#1868=EDGE_CURVE('',#1644,#1565,#463,.T.);
#1869=EDGE_CURVE('',#1645,#1570,#464,.T.);
#1870=EDGE_CURVE('',#1646,#1645,#198,.T.);
#1871=EDGE_CURVE('',#1646,#1571,#465,.T.);
#1872=EDGE_CURVE('',#1647,#1552,#466,.T.);
#1873=EDGE_CURVE('',#1648,#1647,#199,.T.);
#1874=EDGE_CURVE('',#1648,#1553,#467,.T.);
#1875=EDGE_CURVE('',#1649,#1558,#468,.T.);
#1876=EDGE_CURVE('',#1650,#1649,#200,.T.);
#1877=EDGE_CURVE('',#1650,#1559,#469,.T.);
#1878=EDGE_CURVE('',#1561,#1651,#470,.T.);
#1879=EDGE_CURVE('',#1651,#1652,#201,.T.);
#1880=EDGE_CURVE('',#1652,#1562,#471,.T.);
#1881=EDGE_CURVE('',#1555,#1653,#472,.T.);
#1882=EDGE_CURVE('',#1653,#1654,#202,.T.);
#1883=EDGE_CURVE('',#1654,#1556,#473,.T.);
#1884=EDGE_CURVE('',#1573,#1655,#474,.T.);
#1885=EDGE_CURVE('',#1655,#1656,#203,.T.);
#1886=EDGE_CURVE('',#1656,#1574,#475,.T.);
#1887=EDGE_CURVE('',#1567,#1657,#476,.T.);
#1888=EDGE_CURVE('',#1657,#1658,#204,.T.);
#1889=EDGE_CURVE('',#1658,#1568,#477,.T.);
#1890=EDGE_CURVE('',#1638,#1631,#205,.T.);
#1891=EDGE_CURVE('',#1630,#1637,#206,.T.);
#1892=EDGE_CURVE('',#1640,#1627,#207,.T.);
#1893=EDGE_CURVE('',#1626,#1639,#208,.T.);
#1894=EDGE_CURVE('',#1642,#1623,#209,.T.);
#1895=EDGE_CURVE('',#1622,#1641,#210,.T.);
#1896=EDGE_CURVE('',#1634,#1635,#211,.T.);
#1897=EDGE_CURVE('',#1636,#1619,#212,.T.);
#1898=EDGE_CURVE('',#1563,#1659,#478,.T.);
#1899=EDGE_CURVE('',#1659,#1652,#213,.T.);
#1900=EDGE_CURVE('',#1660,#1560,#479,.T.);
#1901=EDGE_CURVE('',#1651,#1660,#214,.T.);
#1902=EDGE_CURVE('',#1557,#1661,#480,.T.);
#1903=EDGE_CURVE('',#1661,#1654,#215,.T.);
#1904=EDGE_CURVE('',#1662,#1554,#481,.T.);
#1905=EDGE_CURVE('',#1653,#1662,#216,.T.);
#1906=EDGE_CURVE('',#1551,#1663,#482,.T.);
#1907=EDGE_CURVE('',#1663,#1656,#217,.T.);
#1908=EDGE_CURVE('',#1664,#1572,#483,.T.);
#1909=EDGE_CURVE('',#1655,#1664,#218,.T.);
#1910=EDGE_CURVE('',#1569,#1665,#484,.T.);
#1911=EDGE_CURVE('',#1665,#1658,#219,.T.);
#1912=EDGE_CURVE('',#1666,#1566,#485,.T.);
#1913=EDGE_CURVE('',#1657,#1666,#220,.T.);
#1914=EDGE_CURVE('',#1667,#1667,#221,.T.);
#1915=EDGE_CURVE('',#1668,#1668,#222,.T.);
#1916=EDGE_CURVE('',#1669,#1669,#223,.T.);
#1917=EDGE_CURVE('',#1670,#1670,#224,.T.);
#1918=EDGE_CURVE('',#1671,#1671,#225,.T.);
#1919=EDGE_CURVE('',#1672,#1672,#226,.T.);
#1920=EDGE_CURVE('',#1673,#1673,#227,.T.);
#1921=EDGE_CURVE('',#1674,#1674,#228,.T.);
#1922=EDGE_CURVE('',#1675,#1675,#229,.T.);
#1923=EDGE_CURVE('',#1676,#1676,#230,.T.);
#1924=EDGE_CURVE('',#1677,#1678,#486,.T.);
#1925=EDGE_CURVE('',#1677,#1679,#879,.T.);
#1926=EDGE_CURVE('',#1679,#1680,#231,.T.);
#1927=EDGE_CURVE('',#1680,#1678,#880,.T.);
#1928=EDGE_CURVE('',#1679,#1681,#881,.T.);
#1929=EDGE_CURVE('',#1681,#1682,#232,.T.);
#1930=EDGE_CURVE('',#1682,#1680,#882,.T.);
#1931=EDGE_CURVE('',#1683,#1684,#233,.T.);
#1932=EDGE_CURVE('',#1684,#1685,#883,.T.);
#1933=EDGE_CURVE('',#1685,#1686,#487,.T.);
#1934=EDGE_CURVE('',#1686,#1683,#884,.T.);
#1935=EDGE_CURVE('',#1687,#1687,#234,.T.);
#1936=EDGE_CURVE('',#1688,#1689,#488,.T.);
#1937=EDGE_CURVE('',#1689,#1690,#885,.T.);
#1938=EDGE_CURVE('',#1690,#1691,#235,.T.);
#1939=EDGE_CURVE('',#1691,#1688,#886,.T.);
#1940=EDGE_CURVE('',#1692,#1692,#236,.T.);
#1941=EDGE_CURVE('',#1693,#1693,#237,.T.);
#1942=EDGE_CURVE('',#1694,#1695,#238,.T.);
#1943=EDGE_CURVE('',#1695,#1696,#887,.T.);
#1944=EDGE_CURVE('',#1697,#1696,#489,.T.);
#1945=EDGE_CURVE('',#1697,#1694,#888,.T.);
#1946=EDGE_CURVE('',#1694,#1698,#889,.T.);
#1947=EDGE_CURVE('',#1698,#1699,#239,.T.);
#1948=EDGE_CURVE('',#1699,#1695,#890,.T.);
#1949=EDGE_CURVE('',#1700,#1701,#240,.T.);
#1950=EDGE_CURVE('',#1701,#1702,#891,.T.);
#1951=EDGE_CURVE('',#1702,#1703,#490,.T.);
#1952=EDGE_CURVE('',#1703,#1700,#892,.T.);
#1953=EDGE_CURVE('',#1704,#1704,#241,.T.);
#1954=EDGE_CURVE('',#1705,#1706,#242,.T.);
#1955=EDGE_CURVE('',#1706,#1707,#893,.T.);
#1956=EDGE_CURVE('',#1707,#1708,#491,.T.);
#1957=EDGE_CURVE('',#1708,#1705,#894,.T.);
#1958=EDGE_CURVE('',#1709,#1709,#243,.T.);
#1959=EDGE_CURVE('',#1710,#1710,#244,.T.);
#1960=EDGE_CURVE('',#1711,#1712,#245,.T.);
#1961=EDGE_CURVE('',#1712,#1713,#895,.T.);
#1962=EDGE_CURVE('',#1714,#1713,#492,.T.);
#1963=EDGE_CURVE('',#1714,#1711,#896,.T.);
#1964=EDGE_CURVE('',#1711,#1715,#897,.T.);
#1965=EDGE_CURVE('',#1715,#1716,#246,.T.);
#1966=EDGE_CURVE('',#1716,#1712,#898,.T.);
#1967=EDGE_CURVE('',#1717,#1718,#247,.T.);
#1968=EDGE_CURVE('',#1718,#1719,#899,.T.);
#1969=EDGE_CURVE('',#1719,#1720,#493,.T.);
#1970=EDGE_CURVE('',#1720,#1717,#900,.T.);
#1971=EDGE_CURVE('',#1721,#1721,#248,.T.);
#1972=EDGE_CURVE('',#1722,#1722,#249,.T.);
#1973=EDGE_CURVE('',#1660,#1650,#494,.T.);
#1974=EDGE_CURVE('',#1649,#1661,#495,.T.);
#1975=EDGE_CURVE('',#1662,#1648,#496,.T.);
#1976=EDGE_CURVE('',#1647,#1663,#497,.T.);
#1977=EDGE_CURVE('',#1664,#1646,#498,.T.);
#1978=EDGE_CURVE('',#1645,#1665,#499,.T.);
#1979=EDGE_CURVE('',#1666,#1644,#500,.T.);
#1980=EDGE_CURVE('',#1643,#1659,#501,.T.);
#1981=EDGE_CURVE('',#1723,#1724,#250,.T.);
#1982=EDGE_CURVE('',#1724,#1706,#901,.T.);
#1983=EDGE_CURVE('',#1705,#1723,#902,.T.);
#1984=EDGE_CURVE('',#1725,#1726,#251,.T.);
#1985=EDGE_CURVE('',#1726,#1684,#903,.T.);
#1986=EDGE_CURVE('',#1683,#1725,#904,.T.);
#1987=EDGE_CURVE('',#1727,#1728,#252,.T.);
#1988=EDGE_CURVE('',#1728,#1701,#905,.T.);
#1989=EDGE_CURVE('',#1700,#1727,#906,.T.);
#1990=EDGE_CURVE('',#1729,#1730,#253,.T.);
#1991=EDGE_CURVE('',#1730,#1691,#907,.T.);
#1992=EDGE_CURVE('',#1690,#1729,#908,.T.);
#1993=EDGE_CURVE('',#1731,#1732,#254,.T.);
#1994=EDGE_CURVE('',#1732,#1718,#909,.T.);
#1995=EDGE_CURVE('',#1717,#1731,#910,.T.);
#1996=EDGE_CURVE('',#1618,#1578,#502,.T.);
#1997=EDGE_CURVE('',#1617,#1579,#503,.T.);
#1998=EDGE_CURVE('',#1616,#1580,#504,.T.);
#1999=EDGE_CURVE('',#1615,#1581,#505,.T.);
#2000=EDGE_CURVE('',#1614,#1582,#506,.T.);
#2001=EDGE_CURVE('',#1613,#1575,#507,.T.);
#2002=EDGE_CURVE('',#1577,#1576,#2078,.T.);
#2003=EDGE_CURVE('',#1585,#1733,#508,.T.);
#2004=EDGE_CURVE('',#1734,#1583,#509,.T.);
#2005=EDGE_CURVE('',#1734,#1735,#2079,.T.);
#2006=EDGE_CURVE('',#1736,#1735,#911,.T.);
#2007=EDGE_CURVE('',#1736,#1733,#2080,.T.);
#2008=EDGE_CURVE('',#1612,#1737,#912,.T.);
#2009=EDGE_CURVE('',#1737,#1584,#510,.T.);
#2010=EDGE_CURVE('',#1738,#1736,#913,.T.);
#2011=EDGE_CURVE('',#1733,#1738,#511,.T.);
#2012=EDGE_CURVE('',#1737,#1739,#512,.T.);
#2013=EDGE_CURVE('',#1739,#1734,#513,.T.);
#2014=EDGE_CURVE('',#1735,#1739,#914,.T.);
#2015=EDGE_CURVE('',#1740,#1587,#915,.T.);
#2016=EDGE_CURVE('',#1740,#1738,#514,.T.);
#2017=EDGE_CURVE('',#1586,#1740,#515,.T.);
#2018=EDGE_CURVE('',#1741,#1696,#917,.T.);
#2019=EDGE_CURVE('',#1742,#1741,#516,.T.);
#2020=EDGE_CURVE('',#1697,#1742,#918,.T.);
#2021=EDGE_CURVE('',#1742,#1698,#919,.T.);
#2022=EDGE_CURVE('',#1699,#1741,#920,.T.);
#2023=EDGE_CURVE('',#1743,#1688,#921,.T.);
#2024=EDGE_CURVE('',#1743,#1744,#517,.T.);
#2025=EDGE_CURVE('',#1689,#1744,#922,.T.);
#2026=EDGE_CURVE('',#1744,#1729,#923,.T.);
#2027=EDGE_CURVE('',#1730,#1743,#924,.T.);
#2028=EDGE_CURVE('',#1745,#1719,#925,.T.);
#2029=EDGE_CURVE('',#1745,#1746,#518,.T.);
#2030=EDGE_CURVE('',#1720,#1746,#926,.T.);
#2031=EDGE_CURVE('',#1746,#1731,#927,.T.);
#2032=EDGE_CURVE('',#1732,#1745,#928,.T.);
#2033=EDGE_CURVE('',#1747,#1707,#929,.T.);
#2034=EDGE_CURVE('',#1747,#1748,#519,.T.);
#2035=EDGE_CURVE('',#1708,#1748,#930,.T.);
#2036=EDGE_CURVE('',#1748,#1723,#931,.T.);
#2037=EDGE_CURVE('',#1724,#1747,#932,.T.);
#2038=EDGE_CURVE('',#1749,#1678,#933,.T.);
#2039=EDGE_CURVE('',#1750,#1749,#520,.T.);
#2040=EDGE_CURVE('',#1677,#1750,#934,.T.);
#2041=EDGE_CURVE('',#1750,#1681,#935,.T.);
#2042=EDGE_CURVE('',#1682,#1749,#936,.T.);
#2043=EDGE_CURVE('',#1751,#1702,#937,.T.);
#2044=EDGE_CURVE('',#1751,#1752,#521,.T.);
#2045=EDGE_CURVE('',#1703,#1752,#938,.T.);
#2046=EDGE_CURVE('',#1752,#1727,#939,.T.);
#2047=EDGE_CURVE('',#1728,#1751,#940,.T.);
#2048=EDGE_CURVE('',#1753,#1685,#941,.T.);
#2049=EDGE_CURVE('',#1753,#1754,#522,.T.);
#2050=EDGE_CURVE('',#1686,#1754,#942,.T.);
#2051=EDGE_CURVE('',#1754,#1725,#943,.T.);
#2052=EDGE_CURVE('',#1726,#1753,#944,.T.);
#2053=EDGE_CURVE('',#1755,#1713,#945,.T.);
#2054=EDGE_CURVE('',#1756,#1755,#523,.T.);
#2055=EDGE_CURVE('',#1714,#1756,#946,.T.);
#2056=EDGE_CURVE('',#1756,#1715,#947,.T.);
#2057=EDGE_CURVE('',#1716,#1755,#948,.T.);
#2058=ELLIPSE('',#2082,772.861254226637,546.49543378);
#2059=ELLIPSE('',#2083,772.861254226634,546.49543378);
#2060=ELLIPSE('',#2084,772.861254226649,546.49543378);
#2061=ELLIPSE('',#2085,772.861254226653,546.49543378);
#2062=ELLIPSE('',#2086,772.861254226637,546.49543378);
#2063=ELLIPSE('',#2087,772.861254226634,546.49543378);
#2064=ELLIPSE('',#2088,772.86125422665,546.49543378);
#2065=ELLIPSE('',#2089,772.861254226652,546.49543378);
#2066=ELLIPSE('',#2090,608.902563473736,546.49543378);
#2067=ELLIPSE('',#2091,608.902563473737,546.49543378);
#2068=ELLIPSE('',#2095,772.861254226634,546.49543378);
#2069=ELLIPSE('',#2096,772.861254226637,546.49543378);
#2070=ELLIPSE('',#2097,772.861254226652,546.49543378);
#2071=ELLIPSE('',#2098,772.86125422665,546.49543378);
#2072=ELLIPSE('',#2099,772.861254226634,546.49543378);
#2073=ELLIPSE('',#2100,772.861254226637,546.49543378);
#2074=ELLIPSE('',#2101,772.861254226653,546.49543378);
#2075=ELLIPSE('',#2102,772.861254226649,546.49543378);
#2076=ELLIPSE('',#2103,608.902563473737,546.49543378);
#2077=ELLIPSE('',#2104,608.902563473736,546.49543378);
#2078=ELLIPSE('',#2244,4.57790470785547,3.75);
#2079=ELLIPSE('',#2245,4.57790470785547,3.75);
#2080=ELLIPSE('',#2246,4.57790470785547,3.75);
#2081=AXIS2_PLACEMENT_3D('',#2751,#2271,#2272);
#2082=AXIS2_PLACEMENT_3D('',#2752,#2273,#2274);
#2083=AXIS2_PLACEMENT_3D('',#2787,#2275,#2276);
#2084=AXIS2_PLACEMENT_3D('',#2804,#2277,#2278);
#2085=AXIS2_PLACEMENT_3D('',#2838,#2279,#2280);
#2086=AXIS2_PLACEMENT_3D('',#2855,#2281,#2282);
#2087=AXIS2_PLACEMENT_3D('',#2889,#2283,#2284);
#2088=AXIS2_PLACEMENT_3D('',#2906,#2285,#2286);
#2089=AXIS2_PLACEMENT_3D('',#2940,#2287,#2288);
#2090=AXIS2_PLACEMENT_3D('',#2995,#2291,#2292);
#2091=AXIS2_PLACEMENT_3D('',#3032,#2293,#2294);
#2092=AXIS2_PLACEMENT_3D('',#3040,#2295,#2296);
#2093=AXIS2_PLACEMENT_3D('',#3041,#2297,#2298);
#2094=AXIS2_PLACEMENT_3D('',#3059,#2299,#2300);
#2095=AXIS2_PLACEMENT_3D('',#3073,#2302,#2303);
#2096=AXIS2_PLACEMENT_3D('',#3107,#2304,#2305);
#2097=AXIS2_PLACEMENT_3D('',#3124,#2306,#2307);
#2098=AXIS2_PLACEMENT_3D('',#3158,#2308,#2309);
#2099=AXIS2_PLACEMENT_3D('',#3175,#2310,#2311);
#2100=AXIS2_PLACEMENT_3D('',#3209,#2312,#2313);
#2101=AXIS2_PLACEMENT_3D('',#3226,#2314,#2315);
#2102=AXIS2_PLACEMENT_3D('',#3260,#2316,#2317);
#2103=AXIS2_PLACEMENT_3D('',#3281,#2319,#2320);
#2104=AXIS2_PLACEMENT_3D('',#3318,#2321,#2322);
#2105=AXIS2_PLACEMENT_3D('',#3328,#2324,#2325);
#2106=AXIS2_PLACEMENT_3D('',#3334,#2329,#2330);
#2107=AXIS2_PLACEMENT_3D('',#3340,#2334,#2335);
#2108=AXIS2_PLACEMENT_3D('',#3346,#2339,#2340);
#2109=AXIS2_PLACEMENT_3D('',#3352,#2344,#2345);
#2110=AXIS2_PLACEMENT_3D('',#3358,#2349,#2350);
#2111=AXIS2_PLACEMENT_3D('',#3364,#2354,#2355);
#2112=AXIS2_PLACEMENT_3D('',#3370,#2359,#2360);
#2113=AXIS2_PLACEMENT_3D('',#3376,#2364,#2365);
#2114=AXIS2_PLACEMENT_3D('',#3377,#2366,#2367);
#2115=AXIS2_PLACEMENT_3D('',#3378,#2368,#2369);
#2116=AXIS2_PLACEMENT_3D('',#3379,#2370,#2371);
#2117=AXIS2_PLACEMENT_3D('',#3380,#2372,#2373);
#2118=AXIS2_PLACEMENT_3D('',#3381,#2374,#2375);
#2119=AXIS2_PLACEMENT_3D('',#3382,#2376,#2377);
#2120=AXIS2_PLACEMENT_3D('',#3383,#2378,#2379);
#2121=AXIS2_PLACEMENT_3D('',#3384,#2380,#2381);
#2122=AXIS2_PLACEMENT_3D('',#3389,#2384,#2385);
#2123=AXIS2_PLACEMENT_3D('',#3390,#2386,#2387);
#2124=AXIS2_PLACEMENT_3D('',#3401,#2390,#2391);
#2125=AXIS2_PLACEMENT_3D('',#3402,#2392,#2393);
#2126=AXIS2_PLACEMENT_3D('',#3407,#2396,#2397);
#2127=AXIS2_PLACEMENT_3D('',#3408,#2398,#2399);
#2128=AXIS2_PLACEMENT_3D('',#3413,#2402,#2403);
#2129=AXIS2_PLACEMENT_3D('',#3414,#2404,#2405);
#2130=AXIS2_PLACEMENT_3D('',#3417,#2407,#2408);
#2131=AXIS2_PLACEMENT_3D('',#3420,#2410,#2411);
#2132=AXIS2_PLACEMENT_3D('',#3423,#2413,#2414);
#2133=AXIS2_PLACEMENT_3D('',#3426,#2416,#2417);
#2134=AXIS2_PLACEMENT_3D('',#3429,#2419,#2420);
#2135=AXIS2_PLACEMENT_3D('',#3432,#2422,#2423);
#2136=AXIS2_PLACEMENT_3D('',#3435,#2425,#2426);
#2137=AXIS2_PLACEMENT_3D('',#3438,#2428,#2429);
#2138=AXIS2_PLACEMENT_3D('',#3441,#2431,#2432);
#2139=AXIS2_PLACEMENT_3D('',#3444,#2434,#2435);
#2140=AXIS2_PLACEMENT_3D('',#3447,#2437,#2438);
#2141=AXIS2_PLACEMENT_3D('',#3450,#2440,#2441);
#2142=AXIS2_PLACEMENT_3D('',#3453,#2443,#2444);
#2143=AXIS2_PLACEMENT_3D('',#3456,#2446,#2447);
#2144=AXIS2_PLACEMENT_3D('',#3459,#2449,#2450);
#2145=AXIS2_PLACEMENT_3D('',#3462,#2452,#2453);
#2146=AXIS2_PLACEMENT_3D('',#3463,#2454,#2455);
#2147=AXIS2_PLACEMENT_3D('',#3464,#2456,#2457);
#2148=AXIS2_PLACEMENT_3D('',#3465,#2458,#2459);
#2149=AXIS2_PLACEMENT_3D('',#3466,#2460,#2461);
#2150=AXIS2_PLACEMENT_3D('',#3467,#2462,#2463);
#2151=AXIS2_PLACEMENT_3D('',#3468,#2464,#2465);
#2152=AXIS2_PLACEMENT_3D('',#3469,#2466,#2467);
#2153=AXIS2_PLACEMENT_3D('',#3470,#2468,#2469);
#2154=AXIS2_PLACEMENT_3D('',#3471,#2470,#2471);
#2155=AXIS2_PLACEMENT_3D('',#3472,#2472,#2473);
#2156=AXIS2_PLACEMENT_3D('',#3473,#2474,#2475);
#2157=AXIS2_PLACEMENT_3D('',#3474,#2476,#2477);
#2158=AXIS2_PLACEMENT_3D('',#3475,#2478,#2479);
#2159=AXIS2_PLACEMENT_3D('',#3476,#2480,#2481);
#2160=AXIS2_PLACEMENT_3D('',#3477,#2482,#2483);
#2161=AXIS2_PLACEMENT_3D('',#3478,#2484,#2485);
#2162=AXIS2_PLACEMENT_3D('',#3481,#2487,#2488);
#2163=AXIS2_PLACEMENT_3D('',#3482,#2489,#2490);
#2164=AXIS2_PLACEMENT_3D('',#3485,#2492,#2493);
#2165=AXIS2_PLACEMENT_3D('',#3486,#2494,#2495);
#2166=AXIS2_PLACEMENT_3D('',#3489,#2497,#2498);
#2167=AXIS2_PLACEMENT_3D('',#3490,#2499,#2500);
#2168=AXIS2_PLACEMENT_3D('',#3493,#2502,#2503);
#2169=AXIS2_PLACEMENT_3D('',#3494,#2504,#2505);
#2170=AXIS2_PLACEMENT_3D('',#3497,#2507,#2508);
#2171=AXIS2_PLACEMENT_3D('',#3498,#2509,#2510);
#2172=AXIS2_PLACEMENT_3D('',#3501,#2512,#2513);
#2173=AXIS2_PLACEMENT_3D('',#3502,#2514,#2515);
#2174=AXIS2_PLACEMENT_3D('',#3505,#2517,#2518);
#2175=AXIS2_PLACEMENT_3D('',#3506,#2519,#2520);
#2176=AXIS2_PLACEMENT_3D('',#3509,#2522,#2523);
#2177=AXIS2_PLACEMENT_3D('',#3510,#2524,#2525);
#2178=AXIS2_PLACEMENT_3D('',#3511,#2526,#2527);
#2179=AXIS2_PLACEMENT_3D('',#3513,#2528,#2529);
#2180=AXIS2_PLACEMENT_3D('',#3515,#2530,#2531);
#2181=AXIS2_PLACEMENT_3D('',#3517,#2532,#2533);
#2182=AXIS2_PLACEMENT_3D('',#3519,#2534,#2535);
#2183=AXIS2_PLACEMENT_3D('',#3521,#2536,#2537);
#2184=AXIS2_PLACEMENT_3D('',#3523,#2538,#2539);
#2185=AXIS2_PLACEMENT_3D('',#3525,#2540,#2541);
#2186=AXIS2_PLACEMENT_3D('',#3527,#2542,#2543);
#2187=AXIS2_PLACEMENT_3D('',#3529,#2544,#2545);
#2188=AXIS2_PLACEMENT_3D('',#3530,#2546,#2547);
#2189=AXIS2_PLACEMENT_3D('',#3642,#2549,#2550);
#2190=AXIS2_PLACEMENT_3D('',#3720,#2551,#2552);
#2191=AXIS2_PLACEMENT_3D('',#3729,#2553,#2554);
#2192=AXIS2_PLACEMENT_3D('',#3756,#2555,#2556);
#2193=AXIS2_PLACEMENT_3D('',#3757,#2557,#2558);
#2194=AXIS2_PLACEMENT_3D('',#3945,#2560,#2561);
#2195=AXIS2_PLACEMENT_3D('',#3947,#2562,#2563);
#2196=AXIS2_PLACEMENT_3D('',#3948,#2564,#2565);
#2197=AXIS2_PLACEMENT_3D('',#4059,#2567,#2568);
#2198=AXIS2_PLACEMENT_3D('',#4137,#2569,#2570);
#2199=AXIS2_PLACEMENT_3D('',#4139,#2571,#2572);
#2200=AXIS2_PLACEMENT_3D('',#4140,#2573,#2574);
#2201=AXIS2_PLACEMENT_3D('',#4141,#2575,#2576);
#2202=AXIS2_PLACEMENT_3D('',#4143,#2577,#2578);
#2203=AXIS2_PLACEMENT_3D('',#4331,#2580,#2581);
#2204=AXIS2_PLACEMENT_3D('',#4340,#2582,#2583);
#2205=AXIS2_PLACEMENT_3D('',#4367,#2584,#2585);
#2206=AXIS2_PLACEMENT_3D('',#4368,#2586,#2587);
#2207=AXIS2_PLACEMENT_3D('',#4556,#2589,#2590);
#2208=AXIS2_PLACEMENT_3D('',#4558,#2591,#2592);
#2209=AXIS2_PLACEMENT_3D('',#4559,#2593,#2594);
#2210=AXIS2_PLACEMENT_3D('',#4560,#2595,#2596);
#2211=AXIS2_PLACEMENT_3D('',#4748,#2598,#2599);
#2212=AXIS2_PLACEMENT_3D('',#4750,#2600,#2601);
#2213=AXIS2_PLACEMENT_3D('',#4751,#2602,#2603);
#2214=AXIS2_PLACEMENT_3D('',#4752,#2604,#2605);
#2215=AXIS2_PLACEMENT_3D('',#4754,#2606,#2607);
#2216=AXIS2_PLACEMENT_3D('',#4942,#2609,#2610);
#2217=AXIS2_PLACEMENT_3D('',#4951,#2611,#2612);
#2218=AXIS2_PLACEMENT_3D('',#4978,#2613,#2614);
#2219=AXIS2_PLACEMENT_3D('',#4979,#2615,#2616);
#2220=AXIS2_PLACEMENT_3D('',#5167,#2618,#2619);
#2221=AXIS2_PLACEMENT_3D('',#5169,#2620,#2621);
#2222=AXIS2_PLACEMENT_3D('',#5170,#2622,#2623);
#2223=AXIS2_PLACEMENT_3D('',#5171,#2624,#2625);
#2224=AXIS2_PLACEMENT_3D('',#5173,#2626,#2627);
#2225=AXIS2_PLACEMENT_3D('',#5182,#2636,#2637);
#2226=AXIS2_PLACEMENT_3D('',#5208,#2638,#2639);
#2227=AXIS2_PLACEMENT_3D('',#5234,#2640,#2641);
#2228=AXIS2_PLACEMENT_3D('',#5260,#2642,#2643);
#2229=AXIS2_PLACEMENT_3D('',#5286,#2644,#2645);
#2230=AXIS2_PLACEMENT_3D('',#5312,#2646,#2647);
#2231=AXIS2_PLACEMENT_3D('',#5313,#2648,#2649);
#2232=AXIS2_PLACEMENT_3D('',#5314,#2650,#2651);
#2233=AXIS2_PLACEMENT_3D('',#5315,#2652,#2653);
#2234=AXIS2_PLACEMENT_3D('',#5316,#2654,#2655);
#2235=AXIS2_PLACEMENT_3D('',#5317,#2656,#2657);
#2236=AXIS2_PLACEMENT_3D('',#5318,#2658,#2659);
#2237=AXIS2_PLACEMENT_3D('',#5319,#2660,#2661);
#2238=AXIS2_PLACEMENT_3D('',#5320,#2662,#2663);
#2239=AXIS2_PLACEMENT_3D('',#5323,#2666,#2667);
#2240=AXIS2_PLACEMENT_3D('',#5325,#2669,#2670);
#2241=AXIS2_PLACEMENT_3D('',#5327,#2672,#2673);
#2242=AXIS2_PLACEMENT_3D('',#5329,#2675,#2676);
#2243=AXIS2_PLACEMENT_3D('',#5331,#2678,#2679);
#2244=AXIS2_PLACEMENT_3D('',#5332,#2680,#2681);
#2245=AXIS2_PLACEMENT_3D('',#5337,#2684,#2685);
#2246=AXIS2_PLACEMENT_3D('',#5354,#2686,#2687);
#2247=AXIS2_PLACEMENT_3D('',#5355,#2688,#2689);
#2248=AXIS2_PLACEMENT_3D('',#5364,#2691,#2692);
#2249=AXIS2_PLACEMENT_3D('',#5373,#2694,#2695);
#2250=AXIS2_PLACEMENT_3D('',#5377,#2698,#2699);
#2251=AXIS2_PLACEMENT_3D('',#5399,#2703,#2704);
#2252=AXIS2_PLACEMENT_3D('',#5400,#2705,#2706);
#2253=AXIS2_PLACEMENT_3D('',#5401,#2707,#2708);
#2254=AXIS2_PLACEMENT_3D('',#5409,#2710,#2711);
#2255=AXIS2_PLACEMENT_3D('',#5619,#2712,#2713);
#2256=AXIS2_PLACEMENT_3D('',#5723,#2715,#2716);
#2257=AXIS2_PLACEMENT_3D('',#5906,#2717,#2718);
#2258=AXIS2_PLACEMENT_3D('',#5994,#2720,#2721);
#2259=AXIS2_PLACEMENT_3D('',#6177,#2722,#2723);
#2260=AXIS2_PLACEMENT_3D('',#6265,#2725,#2726);
#2261=AXIS2_PLACEMENT_3D('',#6448,#2727,#2728);
#2262=AXIS2_PLACEMENT_3D('',#6536,#2730,#2731);
#2263=AXIS2_PLACEMENT_3D('',#6746,#2732,#2733);
#2264=AXIS2_PLACEMENT_3D('',#6850,#2735,#2736);
#2265=AXIS2_PLACEMENT_3D('',#7033,#2737,#2738);
#2266=AXIS2_PLACEMENT_3D('',#7121,#2740,#2741);
#2267=AXIS2_PLACEMENT_3D('',#7304,#2742,#2743);
#2268=AXIS2_PLACEMENT_3D('',#7392,#2745,#2746);
#2269=AXIS2_PLACEMENT_3D('',#7602,#2747,#2748);
#2270=AXIS2_PLACEMENT_3D('',#7699,#2749,#2750);
#2271=DIRECTION('',(0.,0.,1.));
#2272=DIRECTION('',(1.,0.,0.));
#2273=DIRECTION('',(-0.707106781186542,-0.707106781186554,0.));
#2274=DIRECTION('',(-0.707106781186554,0.707106781186542,0.));
#2275=DIRECTION('',(0.707106781186539,0.707106781186556,0.));
#2276=DIRECTION('',(-0.707106781186556,0.707106781186539,0.));
#2277=DIRECTION('',(0.707106781186552,-0.707106781186543,0.));
#2278=DIRECTION('',(0.707106781186543,0.707106781186552,0.));
#2279=DIRECTION('',(-0.707106781186556,0.707106781186539,0.));
#2280=DIRECTION('',(0.707106781186539,0.707106781186556,0.));
#2281=DIRECTION('',(0.707106781186541,0.707106781186554,0.));
#2282=DIRECTION('',(-0.707106781186554,0.707106781186541,0.));
#2283=DIRECTION('',(-0.707106781186539,-0.707106781186556,0.));
#2284=DIRECTION('',(-0.707106781186556,0.707106781186539,0.));
#2285=DIRECTION('',(-0.707106781186553,0.707106781186542,0.));
#2286=DIRECTION('',(0.707106781186542,0.707106781186553,0.));
#2287=DIRECTION('',(0.707106781186555,-0.70710678118654,0.));
#2288=DIRECTION('',(0.70710678118654,0.707106781186555,0.));
#2289=DIRECTION('',(0.,1.,0.));
#2290=DIRECTION('',(0.,1.,0.));
#2291=DIRECTION('',(-0.440996463761105,0.897508840597239,0.));
#2292=DIRECTION('',(0.897508840597239,0.440996463761105,0.));
#2293=DIRECTION('',(-0.440996463761108,-0.897508840597238,0.));
#2294=DIRECTION('',(-0.897508840597238,0.440996463761108,0.));
#2295=DIRECTION('',(0.,1.,0.));
#2296=DIRECTION('',(0.,0.,1.));
#2297=DIRECTION('',(0.,-1.,2.47817639425258E-16));
#2298=DIRECTION('',(0.,-2.47592976560279E-16,-1.));
#2299=DIRECTION('',(0.,1.,2.47817639425258E-16));
#2300=DIRECTION('',(0.,-2.47592976560279E-16,1.));
#2301=DIRECTION('',(0.,1.,0.));
#2302=DIRECTION('',(-0.707106781186539,-0.707106781186556,0.));
#2303=DIRECTION('',(-0.707106781186556,0.707106781186539,0.));
#2304=DIRECTION('',(0.707106781186542,0.707106781186554,0.));
#2305=DIRECTION('',(-0.707106781186554,0.707106781186542,0.));
#2306=DIRECTION('',(-0.707106781186555,0.70710678118654,0.));
#2307=DIRECTION('',(0.70710678118654,0.707106781186555,0.));
#2308=DIRECTION('',(0.707106781186553,-0.707106781186542,0.));
#2309=DIRECTION('',(0.707106781186542,0.707106781186553,0.));
#2310=DIRECTION('',(0.707106781186539,0.707106781186556,0.));
#2311=DIRECTION('',(-0.707106781186556,0.707106781186539,0.));
#2312=DIRECTION('',(-0.707106781186541,-0.707106781186554,0.));
#2313=DIRECTION('',(-0.707106781186554,0.707106781186541,0.));
#2314=DIRECTION('',(0.707106781186556,-0.707106781186539,0.));
#2315=DIRECTION('',(0.707106781186539,0.707106781186556,0.));
#2316=DIRECTION('',(-0.707106781186552,0.707106781186543,0.));
#2317=DIRECTION('',(0.707106781186543,0.707106781186552,0.));
#2318=DIRECTION('',(0.,1.,0.));
#2319=DIRECTION('',(-0.440996463761108,-0.897508840597238,0.));
#2320=DIRECTION('',(-0.897508840597238,0.440996463761108,0.));
#2321=DIRECTION('',(-0.440996463761105,0.897508840597239,0.));
#2322=DIRECTION('',(0.897508840597239,0.440996463761105,0.));
#2323=DIRECTION('',(0.,1.,0.));
#2324=DIRECTION('',(0.,1.,0.));
#2325=DIRECTION('',(0.,0.,1.));
#2326=DIRECTION('',(0.,0.,1.));
#2327=DIRECTION('',(0.,0.,1.));
#2328=DIRECTION('',(-0.707106781186554,0.707106781186541,0.));
#2329=DIRECTION('',(0.707106781186541,0.707106781186554,0.));
#2330=DIRECTION('',(-0.707106781186554,0.707106781186541,0.));
#2331=DIRECTION('',(0.,0.,1.));
#2332=DIRECTION('',(0.,0.,-1.));
#2333=DIRECTION('',(0.707106781186556,-0.707106781186539,0.));
#2334=DIRECTION('',(-0.707106781186539,-0.707106781186556,0.));
#2335=DIRECTION('',(0.707106781186556,-0.707106781186539,0.));
#2336=DIRECTION('',(0.,0.,1.));
#2337=DIRECTION('',(0.,0.,1.));
#2338=DIRECTION('',(-0.707106781186542,-0.707106781186553,0.));
#2339=DIRECTION('',(-0.707106781186553,0.707106781186542,0.));
#2340=DIRECTION('',(-0.707106781186542,-0.707106781186553,0.));
#2341=DIRECTION('',(0.,0.,1.));
#2342=DIRECTION('',(0.,0.,-1.));
#2343=DIRECTION('',(0.70710678118654,0.707106781186555,0.));
#2344=DIRECTION('',(0.707106781186555,-0.70710678118654,0.));
#2345=DIRECTION('',(0.70710678118654,0.707106781186555,0.));
#2346=DIRECTION('',(0.,0.,1.));
#2347=DIRECTION('',(0.,0.,1.));
#2348=DIRECTION('',(0.707106781186553,-0.707106781186542,0.));
#2349=DIRECTION('',(-0.707106781186542,-0.707106781186554,0.));
#2350=DIRECTION('',(0.707106781186553,-0.707106781186542,0.));
#2351=DIRECTION('',(0.,0.,1.));
#2352=DIRECTION('',(0.,0.,-1.));
#2353=DIRECTION('',(-0.707106781186556,0.707106781186539,0.));
#2354=DIRECTION('',(0.707106781186539,0.707106781186556,0.));
#2355=DIRECTION('',(-0.707106781186556,0.707106781186539,0.));
#2356=DIRECTION('',(0.,0.,1.));
#2357=DIRECTION('',(0.,0.,1.));
#2358=DIRECTION('',(0.707106781186543,0.707106781186552,0.));
#2359=DIRECTION('',(0.707106781186552,-0.707106781186543,0.));
#2360=DIRECTION('',(0.707106781186543,0.707106781186552,0.));
#2361=DIRECTION('',(0.,0.,1.));
#2362=DIRECTION('',(0.,0.,-1.));
#2363=DIRECTION('',(-0.707106781186539,-0.707106781186556,0.));
#2364=DIRECTION('',(-0.707106781186556,0.707106781186539,0.));
#2365=DIRECTION('',(-0.707106781186539,-0.707106781186556,0.));
#2366=DIRECTION('',(0.,0.,-1.));
#2367=DIRECTION('',(0.,-1.,0.));
#2368=DIRECTION('',(0.,0.,-1.));
#2369=DIRECTION('',(-1.,0.,0.));
#2370=DIRECTION('',(0.,0.,-1.));
#2371=DIRECTION('',(1.,0.,0.));
#2372=DIRECTION('',(0.,0.,-1.));
#2373=DIRECTION('',(-1.,0.,0.));
#2374=DIRECTION('',(0.,0.,-1.));
#2375=DIRECTION('',(0.,1.,0.));
#2376=DIRECTION('',(0.,0.,-1.));
#2377=DIRECTION('',(-1.,0.,0.));
#2378=DIRECTION('',(0.,0.,-1.));
#2379=DIRECTION('',(-1.,0.,0.));
#2380=DIRECTION('',(0.,0.,-1.));
#2381=DIRECTION('',(-1.,0.,0.));
#2382=DIRECTION('',(0.,0.,1.));
#2383=DIRECTION('',(0.,0.,-1.));
#2384=DIRECTION('',(0.,0.,1.));
#2385=DIRECTION('',(-0.707106781186541,-0.707106781186553,0.));
#2386=DIRECTION('',(0.,0.,-1.));
#2387=DIRECTION('',(-1.,0.,0.));
#2388=DIRECTION('',(0.,0.,1.));
#2389=DIRECTION('',(0.,0.,-1.));
#2390=DIRECTION('',(0.,0.,1.));
#2391=DIRECTION('',(-0.707106781186541,-0.707106781186553,0.));
#2392=DIRECTION('',(0.,0.,-1.));
#2393=DIRECTION('',(-1.,0.,0.));
#2394=DIRECTION('',(0.,0.,1.));
#2395=DIRECTION('',(0.,0.,-1.));
#2396=DIRECTION('',(0.,0.,1.));
#2397=DIRECTION('',(-0.707106781186541,-0.707106781186553,0.));
#2398=DIRECTION('',(0.,0.,-1.));
#2399=DIRECTION('',(-1.,0.,0.));
#2400=DIRECTION('',(0.,0.,1.));
#2401=DIRECTION('',(0.,0.,-1.));
#2402=DIRECTION('',(0.,0.,1.));
#2403=DIRECTION('',(-0.707106781186541,-0.707106781186553,0.));
#2404=DIRECTION('',(0.,0.,-1.));
#2405=DIRECTION('',(-1.,0.,0.));
#2406=DIRECTION('',(0.,0.,-1.));
#2407=DIRECTION('',(0.,0.,-1.));
#2408=DIRECTION('',(0.,-1.,0.));
#2409=DIRECTION('',(0.,0.,-1.));
#2410=DIRECTION('',(0.,0.,1.));
#2411=DIRECTION('',(1.,0.,0.));
#2412=DIRECTION('',(0.,0.,-1.));
#2413=DIRECTION('',(0.,0.,-1.));
#2414=DIRECTION('',(1.,0.,0.));
#2415=DIRECTION('',(0.,0.,-1.));
#2416=DIRECTION('',(0.,0.,1.));
#2417=DIRECTION('',(1.,0.,0.));
#2418=DIRECTION('',(0.,0.,-1.));
#2419=DIRECTION('',(0.,0.,-1.));
#2420=DIRECTION('',(0.,1.,0.));
#2421=DIRECTION('',(0.,0.,-1.));
#2422=DIRECTION('',(0.,0.,1.));
#2423=DIRECTION('',(1.,0.,0.));
#2424=DIRECTION('',(0.,0.,-1.));
#2425=DIRECTION('',(0.,0.,-1.));
#2426=DIRECTION('',(-1.,0.,0.));
#2427=DIRECTION('',(0.,0.,-1.));
#2428=DIRECTION('',(0.,0.,1.));
#2429=DIRECTION('',(1.,0.,0.));
#2430=DIRECTION('',(0.,0.,1.));
#2431=DIRECTION('',(0.,0.,1.));
#2432=DIRECTION('',(-0.707106781186541,-0.707106781186553,0.));
#2433=DIRECTION('',(0.,0.,-1.));
#2434=DIRECTION('',(0.,0.,1.));
#2435=DIRECTION('',(1.,0.,0.));
#2436=DIRECTION('',(0.,0.,1.));
#2437=DIRECTION('',(0.,0.,1.));
#2438=DIRECTION('',(-0.707106781186541,-0.707106781186553,0.));
#2439=DIRECTION('',(0.,0.,-1.));
#2440=DIRECTION('',(0.,0.,1.));
#2441=DIRECTION('',(1.,0.,0.));
#2442=DIRECTION('',(0.,0.,1.));
#2443=DIRECTION('',(0.,0.,1.));
#2444=DIRECTION('',(-0.707106781186541,-0.707106781186553,0.));
#2445=DIRECTION('',(0.,0.,-1.));
#2446=DIRECTION('',(0.,0.,1.));
#2447=DIRECTION('',(1.,0.,0.));
#2448=DIRECTION('',(0.,0.,1.));
#2449=DIRECTION('',(0.,0.,1.));
#2450=DIRECTION('',(-0.707106781186541,-0.707106781186553,0.));
#2451=DIRECTION('',(0.,0.,-1.));
#2452=DIRECTION('',(0.,0.,1.));
#2453=DIRECTION('',(1.,0.,0.));
#2454=DIRECTION('',(0.,0.,-1.));
#2455=DIRECTION('',(1.,0.,0.));
#2456=DIRECTION('',(0.,0.,-1.));
#2457=DIRECTION('',(-1.,0.,0.));
#2458=DIRECTION('',(0.,0.,-1.));
#2459=DIRECTION('',(1.,0.,0.));
#2460=DIRECTION('',(0.,0.,-1.));
#2461=DIRECTION('',(-1.,0.,0.));
#2462=DIRECTION('',(0.,0.,-1.));
#2463=DIRECTION('',(1.,0.,0.));
#2464=DIRECTION('',(0.,0.,-1.));
#2465=DIRECTION('',(-1.,0.,0.));
#2466=DIRECTION('',(0.,0.,-1.));
#2467=DIRECTION('',(1.,0.,0.));
#2468=DIRECTION('',(0.,0.,-1.));
#2469=DIRECTION('',(-1.,0.,0.));
#2470=DIRECTION('',(0.,0.,-1.));
#2471=DIRECTION('',(0.999999999999997,0.,0.));
#2472=DIRECTION('',(0.,0.,-1.));
#2473=DIRECTION('',(-1.,0.,0.));
#2474=DIRECTION('',(0.,0.,-1.));
#2475=DIRECTION('',(1.,0.,0.));
#2476=DIRECTION('',(0.,0.,-1.));
#2477=DIRECTION('',(-1.,0.,0.));
#2478=DIRECTION('',(0.,0.,-1.));
#2479=DIRECTION('',(1.,0.,0.));
#2480=DIRECTION('',(0.,0.,-1.));
#2481=DIRECTION('',(-1.,0.,0.));
#2482=DIRECTION('',(0.,0.,-1.));
#2483=DIRECTION('',(1.,0.,0.));
#2484=DIRECTION('',(0.,0.,-1.));
#2485=DIRECTION('',(-1.,0.,0.));
#2486=DIRECTION('',(0.,0.,1.));
#2487=DIRECTION('',(0.,0.,1.));
#2488=DIRECTION('',(1.,0.,0.));
#2489=DIRECTION('',(0.,0.,1.));
#2490=DIRECTION('',(1.,0.,0.));
#2491=DIRECTION('',(0.,0.,-1.));
#2492=DIRECTION('',(0.,0.,1.));
#2493=DIRECTION('',(1.,0.,0.));
#2494=DIRECTION('',(0.,0.,1.));
#2495=DIRECTION('',(1.,0.,0.));
#2496=DIRECTION('',(0.,0.,1.));
#2497=DIRECTION('',(0.,0.,1.));
#2498=DIRECTION('',(1.,0.,0.));
#2499=DIRECTION('',(0.,0.,1.));
#2500=DIRECTION('',(1.,0.,0.));
#2501=DIRECTION('',(0.,0.,-1.));
#2502=DIRECTION('',(0.,0.,1.));
#2503=DIRECTION('',(1.,0.,0.));
#2504=DIRECTION('',(0.,0.,1.));
#2505=DIRECTION('',(1.,0.,0.));
#2506=DIRECTION('',(0.,0.,1.));
#2507=DIRECTION('',(0.,0.,1.));
#2508=DIRECTION('',(1.,0.,0.));
#2509=DIRECTION('',(0.,0.,1.));
#2510=DIRECTION('',(1.,0.,0.));
#2511=DIRECTION('',(0.,0.,-1.));
#2512=DIRECTION('',(0.,0.,1.));
#2513=DIRECTION('',(1.,0.,0.));
#2514=DIRECTION('',(0.,0.,1.));
#2515=DIRECTION('',(1.,0.,0.));
#2516=DIRECTION('',(0.,0.,1.));
#2517=DIRECTION('',(0.,0.,1.));
#2518=DIRECTION('',(0.999999999999997,0.,0.));
#2519=DIRECTION('',(0.,0.,1.));
#2520=DIRECTION('',(0.999999999999997,0.,0.));
#2521=DIRECTION('',(0.,0.,-1.));
#2522=DIRECTION('',(0.,0.,1.));
#2523=DIRECTION('',(1.,0.,0.));
#2524=DIRECTION('',(0.,0.,1.));
#2525=DIRECTION('',(1.,0.,0.));
#2526=DIRECTION('',(0.,0.,1.));
#2527=DIRECTION('',(0.999999999999997,0.,0.));
#2528=DIRECTION('',(0.,0.,1.));
#2529=DIRECTION('',(1.00000000000001,0.,0.));
#2530=DIRECTION('',(0.,0.,1.));
#2531=DIRECTION('',(1.00000000000001,0.,0.));
#2532=DIRECTION('',(0.,0.,1.));
#2533=DIRECTION('',(1.00000000000001,0.,0.));
#2534=DIRECTION('',(0.,0.,1.));
#2535=DIRECTION('',(1.00000000000001,0.,0.));
#2536=DIRECTION('',(0.,0.,1.));
#2537=DIRECTION('',(1.00000000000001,0.,0.));
#2538=DIRECTION('',(0.,0.,1.));
#2539=DIRECTION('',(1.00000000000001,0.,0.));
#2540=DIRECTION('',(0.,0.,1.));
#2541=DIRECTION('',(1.00000000000001,0.,0.));
#2542=DIRECTION('',(0.,0.,1.));
#2543=DIRECTION('',(1.00000000000001,0.,0.));
#2544=DIRECTION('',(0.,0.,1.));
#2545=DIRECTION('',(1.,0.,0.));
#2546=DIRECTION('',(0.,0.,-1.));
#2547=DIRECTION('',(0.999999999999994,0.,0.));
#2548=DIRECTION('',(0.,0.,1.));
#2549=DIRECTION('',(0.,0.,1.));
#2550=DIRECTION('',(0.999999999999994,0.,0.));
#2551=DIRECTION('',(0.,0.,1.));
#2552=DIRECTION('',(0.999999999999994,0.,0.));
#2553=DIRECTION('',(0.,0.,-1.));
#2554=DIRECTION('',(1.,0.,0.));
#2555=DIRECTION('',(0.,0.,1.));
#2556=DIRECTION('',(1.,0.,7.97972798949332E-17));
#2557=DIRECTION('',(0.,0.,-1.));
#2558=DIRECTION('',(0.999999999999994,0.,0.));
#2559=DIRECTION('',(0.,0.,1.));
#2560=DIRECTION('',(0.,0.,1.));
#2561=DIRECTION('',(0.999999999999994,0.,0.));
#2562=DIRECTION('',(0.,0.,1.));
#2563=DIRECTION('',(0.999999999999994,0.,0.));
#2564=DIRECTION('',(0.,0.,1.));
#2565=DIRECTION('',(1.,0.,7.97972798949332E-17));
#2566=DIRECTION('',(0.,0.,1.));
#2567=DIRECTION('',(0.,0.,-1.));
#2568=DIRECTION('',(0.999999999999994,0.,0.));
#2569=DIRECTION('',(0.,0.,1.));
#2570=DIRECTION('',(0.999999999999994,0.,0.));
#2571=DIRECTION('',(0.,0.,1.));
#2572=DIRECTION('',(0.999999999999994,0.,0.));
#2573=DIRECTION('',(0.,0.,1.));
#2574=DIRECTION('',(1.,0.,7.97972798949332E-17));
#2575=DIRECTION('',(0.,0.,-1.));
#2576=DIRECTION('',(0.999999999999994,0.,0.));
#2577=DIRECTION('',(0.,0.,1.));
#2578=DIRECTION('',(0.999999999999994,0.,0.));
#2579=DIRECTION('',(0.,0.,1.));
#2580=DIRECTION('',(0.,0.,1.));
#2581=DIRECTION('',(0.999999999999994,0.,0.));
#2582=DIRECTION('',(0.,0.,-1.));
#2583=DIRECTION('',(1.,0.,0.));
#2584=DIRECTION('',(0.,0.,1.));
#2585=DIRECTION('',(1.,0.,7.97972798949332E-17));
#2586=DIRECTION('',(0.,0.,-1.));
#2587=DIRECTION('',(0.999999999999994,0.,0.));
#2588=DIRECTION('',(0.,0.,1.));
#2589=DIRECTION('',(0.,0.,1.));
#2590=DIRECTION('',(0.999999999999994,0.,0.));
#2591=DIRECTION('',(0.,0.,1.));
#2592=DIRECTION('',(0.999999999999994,0.,0.));
#2593=DIRECTION('',(0.,0.,1.));
#2594=DIRECTION('',(1.,0.,7.97972798949332E-17));
#2595=DIRECTION('',(0.,0.,-1.));
#2596=DIRECTION('',(0.999999999999994,0.,0.));
#2597=DIRECTION('',(0.,0.,1.));
#2598=DIRECTION('',(0.,0.,1.));
#2599=DIRECTION('',(0.999999999999994,0.,0.));
#2600=DIRECTION('',(0.,0.,1.));
#2601=DIRECTION('',(0.999999999999994,0.,0.));
#2602=DIRECTION('',(0.,0.,1.));
#2603=DIRECTION('',(1.,0.,7.97972798949332E-17));
#2604=DIRECTION('',(0.,0.,-1.));
#2605=DIRECTION('',(0.999999999999994,0.,0.));
#2606=DIRECTION('',(0.,0.,1.));
#2607=DIRECTION('',(0.999999999999994,0.,0.));
#2608=DIRECTION('',(0.,0.,1.));
#2609=DIRECTION('',(0.,0.,1.));
#2610=DIRECTION('',(0.999999999999994,0.,0.));
#2611=DIRECTION('',(0.,0.,-1.));
#2612=DIRECTION('',(1.,0.,0.));
#2613=DIRECTION('',(0.,0.,1.));
#2614=DIRECTION('',(1.,0.,7.97972798949332E-17));
#2615=DIRECTION('',(0.,0.,-1.));
#2616=DIRECTION('',(0.999999999999994,0.,0.));
#2617=DIRECTION('',(0.,0.,1.));
#2618=DIRECTION('',(0.,0.,1.));
#2619=DIRECTION('',(0.999999999999994,0.,0.));
#2620=DIRECTION('',(0.,0.,1.));
#2621=DIRECTION('',(0.999999999999994,0.,0.));
#2622=DIRECTION('',(0.,0.,1.));
#2623=DIRECTION('',(1.,0.,7.97972798949332E-17));
#2624=DIRECTION('',(0.,0.,-1.));
#2625=DIRECTION('',(0.999999999999997,0.,0.));
#2626=DIRECTION('',(0.,0.,-1.));
#2627=DIRECTION('',(-0.999999999999997,0.,0.));
#2628=DIRECTION('',(-0.707106781186539,-0.707106781186556,0.));
#2629=DIRECTION('',(0.707106781186543,0.707106781186552,0.));
#2630=DIRECTION('',(-0.707106781186556,0.707106781186539,0.));
#2631=DIRECTION('',(0.707106781186553,-0.707106781186542,0.));
#2632=DIRECTION('',(0.70710678118654,0.707106781186555,0.));
#2633=DIRECTION('',(-0.707106781186542,-0.707106781186553,0.));
#2634=DIRECTION('',(0.707106781186556,-0.707106781186539,0.));
#2635=DIRECTION('',(-0.707106781186554,0.707106781186541,0.));
#2636=DIRECTION('',(0.,0.,1.));
#2637=DIRECTION('',(1.,0.,0.));
#2638=DIRECTION('',(0.,0.,1.));
#2639=DIRECTION('',(1.,0.,0.));
#2640=DIRECTION('',(0.,0.,1.));
#2641=DIRECTION('',(1.,0.,0.));
#2642=DIRECTION('',(0.,0.,1.));
#2643=DIRECTION('',(1.,0.,0.));
#2644=DIRECTION('',(0.,0.,1.));
#2645=DIRECTION('',(1.,0.,0.));
#2646=DIRECTION('',(0.,0.,1.));
#2647=DIRECTION('',(1.,0.,0.));
#2648=DIRECTION('',(-0.707106781186541,-0.707106781186554,0.));
#2649=DIRECTION('',(0.707106781186554,-0.707106781186541,0.));
#2650=DIRECTION('',(0.707106781186539,0.707106781186556,0.));
#2651=DIRECTION('',(-0.707106781186556,0.707106781186539,0.));
#2652=DIRECTION('',(0.707106781186553,-0.707106781186542,0.));
#2653=DIRECTION('',(0.707106781186542,0.707106781186553,0.));
#2654=DIRECTION('',(-0.707106781186555,0.70710678118654,0.));
#2655=DIRECTION('',(-0.70710678118654,-0.707106781186555,0.));
#2656=DIRECTION('',(0.707106781186542,0.707106781186554,0.));
#2657=DIRECTION('',(-0.707106781186554,0.707106781186542,0.));
#2658=DIRECTION('',(-0.707106781186539,-0.707106781186556,0.));
#2659=DIRECTION('',(0.707106781186556,-0.707106781186539,0.));
#2660=DIRECTION('',(-0.707106781186552,0.707106781186543,0.));
#2661=DIRECTION('',(-0.707106781186543,-0.707106781186552,0.));
#2662=DIRECTION('',(0.707106781186556,-0.707106781186539,0.));
#2663=DIRECTION('',(0.707106781186539,0.707106781186556,0.));
#2664=DIRECTION('',(0.,0.,-1.));
#2665=DIRECTION('',(0.,0.,-1.));
#2666=DIRECTION('',(0.,0.,-1.));
#2667=DIRECTION('',(-1.,0.,0.));
#2668=DIRECTION('',(0.,0.,-1.));
#2669=DIRECTION('',(0.440996463761104,-0.897508840597239,0.));
#2670=DIRECTION('',(0.89750884059724,0.440996463761105,0.));
#2671=DIRECTION('',(0.,0.,-1.));
#2672=DIRECTION('',(0.,0.,-1.));
#2673=DIRECTION('',(-1.,0.,0.));
#2674=DIRECTION('',(0.,0.,-1.));
#2675=DIRECTION('',(0.440996463761108,0.897508840597238,0.));
#2676=DIRECTION('',(-0.897508840597238,0.440996463761108,0.));
#2677=DIRECTION('',(0.,0.,-1.));
#2678=DIRECTION('',(0.,0.,-1.));
#2679=DIRECTION('',(-1.,0.,0.));
#2680=DIRECTION('',(1.,0.,0.));
#2681=DIRECTION('',(0.,0.,-1.));
#2682=DIRECTION('',(-0.819152044288989,0.,-0.57357643635105));
#2683=DIRECTION('',(0.819152044288989,0.,0.57357643635105));
#2684=DIRECTION('',(1.,0.,0.));
#2685=DIRECTION('',(0.,0.,-1.));
#2686=DIRECTION('',(1.,0.,0.));
#2687=DIRECTION('',(0.,0.,-1.));
#2688=DIRECTION('',(-0.819152044288989,0.,-0.57357643635105));
#2689=DIRECTION('',(-0.573576436351053,0.,0.819152044288989));
#2690=DIRECTION('',(0.,2.47817639425258E-16,1.));
#2691=DIRECTION('',(1.,0.,0.));
#2692=DIRECTION('',(0.,0.,-1.));
#2693=DIRECTION('',(0.,2.47817639425258E-16,-1.));
#2694=DIRECTION('',(1.,0.,0.));
#2695=DIRECTION('',(0.,0.,-1.));
#2696=DIRECTION('',(-1.,0.,0.));
#2697=DIRECTION('',(0.,2.47817639425258E-16,1.));
#2698=DIRECTION('',(0.,-1.,2.47817639425258E-16));
#2699=DIRECTION('',(0.,-2.47631776195689E-16,-1.));
#2700=DIRECTION('',(-1.,0.,0.));
#2701=DIRECTION('',(1.,0.,0.));
#2702=DIRECTION('',(0.,2.47817639425258E-16,-1.));
#2703=DIRECTION('',(0.,1.,2.47817639425258E-16));
#2704=DIRECTION('',(0.,-2.47631776195689E-16,1.));
#2705=DIRECTION('',(1.,0.,0.));
#2706=DIRECTION('',(0.,0.,-1.));
#2707=DIRECTION('',(1.,0.,0.));
#2708=DIRECTION('',(0.,0.,-1.));
#2709=DIRECTION('',(0.,0.,1.));
#2710=DIRECTION('',(-0.504467042135085,-0.86343094883116,0.));
#2711=DIRECTION('',(-1.38777878078145E-16,1.11022302462516E-16,-1.));
#2712=DIRECTION('',(0.,0.,-1.));
#2713=DIRECTION('',(-1.,0.,0.));
#2714=DIRECTION('',(0.,0.,1.));
#2715=DIRECTION('',(-0.504467042135056,0.863430948831177,0.));
#2716=DIRECTION('',(0.,-5.55111512312578E-17,1.));
#2717=DIRECTION('',(0.,0.,1.));
#2718=DIRECTION('',(1.,0.,0.));
#2719=DIRECTION('',(0.,0.,1.));
#2720=DIRECTION('',(-0.504467042135085,0.86343094883116,0.));
#2721=DIRECTION('',(-5.55111512312578E-17,-1.11022302462516E-16,1.));
#2722=DIRECTION('',(0.,0.,1.));
#2723=DIRECTION('',(1.,0.,0.));
#2724=DIRECTION('',(0.,0.,1.));
#2725=DIRECTION('',(-0.504467042135062,0.863430948831174,0.));
#2726=DIRECTION('',(0.,0.,1.));
#2727=DIRECTION('',(0.,0.,1.));
#2728=DIRECTION('',(1.,0.,0.));
#2729=DIRECTION('',(0.,0.,1.));
#2730=DIRECTION('',(-0.504467042135083,-0.863430948831162,0.));
#2731=DIRECTION('',(-1.38777878078145E-16,2.22044604925031E-16,-1.));
#2732=DIRECTION('',(0.,0.,-1.));
#2733=DIRECTION('',(-1.,0.,0.));
#2734=DIRECTION('',(0.,0.,1.));
#2735=DIRECTION('',(-0.504467042135056,0.863430948831177,0.));
#2736=DIRECTION('',(0.,-5.55111512312578E-17,1.));
#2737=DIRECTION('',(0.,0.,1.));
#2738=DIRECTION('',(1.,0.,0.));
#2739=DIRECTION('',(0.,0.,1.));
#2740=DIRECTION('',(-0.504467042135083,0.863430948831162,0.));
#2741=DIRECTION('',(-2.77555756156289E-17,0.,1.));
#2742=DIRECTION('',(0.,0.,1.));
#2743=DIRECTION('',(1.,0.,0.));
#2744=DIRECTION('',(0.,0.,1.));
#2745=DIRECTION('',(-0.504467042135084,-0.863430948831161,0.));
#2746=DIRECTION('',(-1.38777878078145E-16,1.66533453693773E-16,-1.));
#2747=DIRECTION('',(0.,0.,-1.));
#2748=DIRECTION('',(-1.,0.,0.));
#2749=DIRECTION('',(1.,0.,0.));
#2750=DIRECTION('',(0.,0.,-1.));
#2751=CARTESIAN_POINT('',(0.,0.,0.));
#2752=CARTESIAN_POINT('',(255.000000000027,-24.343145750534,-539.745433779748));
#2753=CARTESIAN_POINT('',(214.153632793569,16.5032214559234,5.22138486926416));
#2754=CARTESIAN_POINT('',(212.979184719829,17.6776695296636,5.13208477426397));
#2755=CARTESIAN_POINT('',(212.979184719829,17.6776695296636,5.13208477426397));
#2756=CARTESIAN_POINT('',(212.66196125856,17.9948929909316,5.10762058182699));
#2757=CARTESIAN_POINT('',(212.28566298584,18.261428861088,5.07830726808037));
#2758=CARTESIAN_POINT('',(211.881644402032,18.4553526169779,5.04633061552548));
#2759=CARTESIAN_POINT('',(211.477659739154,18.6492600912552,5.0143566476931));
#2760=CARTESIAN_POINT('',(211.0348378227,18.7759345668925,4.97882955720612));
#2761=CARTESIAN_POINT('',(210.589760291861,18.825079000179,4.94254089148844));
#2762=CARTESIAN_POINT('',(210.143813089226,18.8743194606172,4.90618131850875));
#2763=CARTESIAN_POINT('',(209.683317469717,18.8470877243047,4.86805278868118));
#2764=CARTESIAN_POINT('',(209.246307969984,18.7456472703876,4.83133657316572));
#2765=CARTESIAN_POINT('',(208.808728774512,18.6440745763375,4.79457249353849));
#2766=CARTESIAN_POINT('',(208.382611190865,18.4652804060681,4.75821460861717));
#2767=CARTESIAN_POINT('',(208.003357179445,18.2239529784213,4.72547885561483));
#2768=CARTESIAN_POINT('',(207.624455844304,17.9828499662237,4.69277354427752));
#2769=CARTESIAN_POINT('',(207.281846559366,17.6726298963485,4.66279048060187));
#2770=CARTESIAN_POINT('',(207.004234168277,17.3189367836949,4.63831469609875));
#2771=CARTESIAN_POINT('',(206.727456641205,16.9663073326865,4.61391251764641));
#2772=CARTESIAN_POINT('',(206.507629565776,16.5606747400992,4.59432239333179));
#2773=CARTESIAN_POINT('',(206.363295956793,16.1357626490202,4.58142589392372));
#2774=CARTESIAN_POINT('',(206.21950408708,15.7124454156291,4.56857780001332));
#2775=CARTESIAN_POINT('',(206.14666841304,15.2582758151492,4.56202635067842));
#2776=CARTESIAN_POINT('',(206.150940031346,14.8110395669397,4.56240970826056));
#2777=CARTESIAN_POINT('',(206.155200648756,14.3649551070257,4.5627920785641));
#2778=CARTESIAN_POINT('',(206.236277532208,13.9134681657478,4.570082737466));
#2779=CARTESIAN_POINT('',(206.387359875971,13.4939425828165,4.58357551753279));
#2780=CARTESIAN_POINT('',(206.538441930225,13.0744178037928,4.59706827174431));
#2781=CARTESIAN_POINT('',(206.763657463712,12.675317246229,4.61712348037072));
#2782=CARTESIAN_POINT('',(207.044254470473,12.3293935331019,4.64184161626538));
#2783=CARTESIAN_POINT('',(207.131497043256,12.2218397317679,4.64952692194543));
#2784=CARTESIAN_POINT('',(207.224441100199,12.1187046503083,4.65769329615425));
#2785=CARTESIAN_POINT('',(207.322330470336,12.0208152801713,4.66626610427145));
#2786=CARTESIAN_POINT('',(207.322330470336,12.0208152801713,4.66626610427145));
#2787=CARTESIAN_POINT('',(255.000000000027,-35.6568542495187,-539.745433779748));
#2788=CARTESIAN_POINT('',(208.496778544076,10.8463672064307,4.76784386975893));
#2789=CARTESIAN_POINT('',(210.462318456785,3.69537756502101,4.93213512238966));
#2790=CARTESIAN_POINT('',(211.105991782735,6.227599960669,4.98476757734244));
#2791=CARTESIAN_POINT('',(210.341203571555,9.00194217895157,4.92536382204005));
#2792=CARTESIAN_POINT('',(208.496778544076,10.8463672064307,4.76784386975898));
#2793=CARTESIAN_POINT('',(210.462318456785,3.69537756502101,4.93213512238966));
#2794=CARTESIAN_POINT('',(210.462318456785,3.69537756502101,4.93213512238966));
#2795=CARTESIAN_POINT('',(209.844754383117,1.26586943559548,4.88163759207827));
#2796=CARTESIAN_POINT('',(209.84475108867,-1.26585647518277,4.8816373226949));
#2797=CARTESIAN_POINT('',(210.462318456785,-3.6953775650215,4.93213512238957));
#2798=CARTESIAN_POINT('',(210.462318456785,-3.69537756502151,4.93213512238966));
#2799=CARTESIAN_POINT('',(208.496778544077,-10.8463672064313,4.76784386975893));
#2800=CARTESIAN_POINT('',(210.341204800091,-9.00194095041711,4.92536392696092));
#2801=CARTESIAN_POINT('',(211.105988707895,-6.22758786419401,4.98476732591631));
#2802=CARTESIAN_POINT('',(210.462318456785,-3.69537756502151,4.93213512238977));
#2803=CARTESIAN_POINT('',(208.496778544077,-10.8463672064313,4.76784386975892));
#2804=CARTESIAN_POINT('',(255.000000000027,35.6568542495196,-539.745433779748));
#2805=CARTESIAN_POINT('',(207.322330470336,-12.0208152801715,4.66626610427157));
#2806=CARTESIAN_POINT('',(207.322330470336,-12.0208152801715,4.66626610427157));
#2807=CARTESIAN_POINT('',(207.006588677045,-12.3365570734625,4.63861454410038));
#2808=CARTESIAN_POINT('',(206.740661043701,-12.711230737105,4.61504720078418));
#2809=CARTESIAN_POINT('',(206.54672940545,-13.1140246063877,4.59778488939174));
#2810=CARTESIAN_POINT('',(206.352778089413,-13.5168593462142,4.5805208264333));
#2811=CARTESIAN_POINT('',(206.225511934918,-13.9589517208025,4.56909933624675));
#2812=CARTESIAN_POINT('',(206.175663033096,-14.4035707508185,4.5646279149903));
#2813=CARTESIAN_POINT('',(206.125927700566,-14.8471768183407,4.56016668084174));
#2814=CARTESIAN_POINT('',(206.151883766049,-15.3055412119661,4.56250356336841));
#2815=CARTESIAN_POINT('',(206.251345259841,-15.740636503936,4.57141126862299));
#2816=CARTESIAN_POINT('',(206.350706350476,-16.1752925813009,4.58030998183762));
#2817=CARTESIAN_POINT('',(206.526136801998,-16.5986884200648,4.59600343122677));
#2818=CARTESIAN_POINT('',(206.76298146636,-16.9759706201958,4.6169906999115));
#2819=CARTESIAN_POINT('',(207.000238180289,-17.3539091955397,4.63801448111379));
#2820=CARTESIAN_POINT('',(207.305612952759,-17.6959607547146,4.66491397967506));
#2821=CARTESIAN_POINT('',(207.653814108373,-17.9741861202793,4.69519459390962));
#2822=CARTESIAN_POINT('',(208.003245529596,-18.2533945127333,4.72558219572222));
#2823=CARTESIAN_POINT('',(208.405389231614,-18.4760031821529,4.76019567151157));
#2824=CARTESIAN_POINT('',(208.827095042316,-18.6238837715119,4.79595306808044));
#2825=CARTESIAN_POINT('',(209.25027024422,-18.7722796358123,4.83183505767737));
#2826=CARTESIAN_POINT('',(209.704789265553,-18.8495093243773,4.86984824320379));
#2827=CARTESIAN_POINT('',(210.15314526946,-18.8492416922941,4.90676603511138));
#2828=CARTESIAN_POINT('',(210.60230703511,-18.8489735792366,4.94375017372593));
#2829=CARTESIAN_POINT('',(211.057682541668,-18.7709072404734,4.98065577305182));
#2830=CARTESIAN_POINT('',(211.481491999952,-18.6213964240025,5.01451207148437));
#2831=CARTESIAN_POINT('',(211.905085128652,-18.471961923933,5.04835108828525));
#2832=CARTESIAN_POINT('',(212.308858913019,-18.2470011967056,5.08008785360257));
#2833=CARTESIAN_POINT('',(212.659097676174,-17.9650456781666,5.10730516242913));
#2834=CARTESIAN_POINT('',(212.770770538274,-17.8751447789735,5.11598334170295));
#2835=CARTESIAN_POINT('',(212.877776757858,-17.7790774916343,5.12426421809725));
#2836=CARTESIAN_POINT('',(212.979184719829,-17.677669529664,5.13208477426408));
#2837=CARTESIAN_POINT('',(212.979184719829,-17.677669529664,5.13208477426408));
#2838=CARTESIAN_POINT('',(255.000000000027,24.3431457505348,-539.745433779748));
#2839=CARTESIAN_POINT('',(214.153632793569,-16.5032214559237,5.22138486926427));
#2840=CARTESIAN_POINT('',(221.304622434979,-14.5376815432152,5.71022956342337));
#2841=CARTESIAN_POINT('',(218.772912864733,-13.8941385739167,5.55383388255057));
#2842=CARTESIAN_POINT('',(216.001496948034,-14.6553573014587,5.35988603157));
#2843=CARTESIAN_POINT('',(214.153632793569,-16.5032214559238,5.2213848692643));
#2844=CARTESIAN_POINT('',(221.304622434979,-14.5376815432152,5.71022956342337));
#2845=CARTESIAN_POINT('',(221.304622434979,-14.5376815432152,5.71022956342337));
#2846=CARTESIAN_POINT('',(223.733707106525,-15.1551379768345,5.86028561865533));
#2847=CARTESIAN_POINT('',(226.264558085498,-15.15557895296,5.99942980146776));
#2848=CARTESIAN_POINT('',(228.695377565022,-14.537681543215,6.11656891043927));
#2849=CARTESIAN_POINT('',(228.695377565022,-14.537681543215,6.11656891043921));
#2850=CARTESIAN_POINT('',(235.846367206431,-16.5032214559234,6.41424753442432));
#2851=CARTESIAN_POINT('',(233.998715233813,-14.6555694833054,6.34945101314188));
#2852=CARTESIAN_POINT('',(231.225784874747,-13.8944695994861,6.23850707166143));
#2853=CARTESIAN_POINT('',(228.695377565022,-14.537681543215,6.11656891043925));
#2854=CARTESIAN_POINT('',(235.846367206431,-16.5032214559234,6.41424753442432));
#2855=CARTESIAN_POINT('',(255.000000000027,-35.6568542495185,-539.745433779748));
#2856=CARTESIAN_POINT('',(237.020815280172,-17.6776695296636,6.45417081476241));
#2857=CARTESIAN_POINT('',(237.020815280172,-17.6776695296636,6.45417081476241));
#2858=CARTESIAN_POINT('',(237.337504146622,-17.9943583961141,6.46459522294714));
#2859=CARTESIAN_POINT('',(237.713230636316,-18.2606923058765,6.47667289935298));
#2860=CARTESIAN_POINT('',(238.116866557586,-18.4546375182971,6.48914856336485));
#2861=CARTESIAN_POINT('',(238.520499033012,-18.6485810750048,6.5016241208718));
#2862=CARTESIAN_POINT('',(238.963173688641,-18.7754886750893,6.51483165770025));
#2863=CARTESIAN_POINT('',(239.408246906134,-18.8248584540414,6.52753496193263));
#2864=CARTESIAN_POINT('',(239.853391616693,-18.874236163367,6.54024030672402));
#2865=CARTESIAN_POINT('',(240.313215787008,-18.8474110490638,6.55278889712427));
#2866=CARTESIAN_POINT('',(240.749631240609,-18.7465876481006,6.56417270050674));
#2867=CARTESIAN_POINT('',(241.186003111514,-18.6457743158817,6.57555536704394));
#2868=CARTESIAN_POINT('',(241.611010606945,-18.4681932055174,6.58609321011451));
#2869=CARTESIAN_POINT('',(241.989423668096,-18.2285358459699,6.59510475450827));
#2870=CARTESIAN_POINT('',(242.367726448897,-17.9889483294072,6.60411367268117));
#2871=CARTESIAN_POINT('',(242.709899290439,-17.6807086763011,6.61185747329278));
#2872=CARTESIAN_POINT('',(242.987570231902,-17.3293428969092,6.61796238937311));
#2873=CARTESIAN_POINT('',(243.265157887551,-16.978082507678,6.62406547431869));
#2874=CARTESIAN_POINT('',(243.485940394396,-16.5740306706915,6.62871165847131));
#2875=CARTESIAN_POINT('',(243.631612524518,-16.150655590018,6.6317426365046));
#2876=CARTESIAN_POINT('',(243.777254446682,-15.7273683044283,6.63477298600545));
#2877=CARTESIAN_POINT('',(243.85183488712,-15.2730894258096,6.63628037630011));
#2878=CARTESIAN_POINT('',(243.849171613065,-14.8254447199675,6.63622602287994));
#2879=CARTESIAN_POINT('',(243.846508600429,-14.3778439534337,6.63617167479493));
#2880=CARTESIAN_POINT('',(243.76654402046,-13.9245306971314,6.63455424239267));
#2881=CARTESIAN_POINT('',(243.615905120876,-13.5030433170369,6.63141558904866));
#2882=CARTESIAN_POINT('',(243.465266402658,-13.0815564444048,6.62827693948354));
#2883=CARTESIAN_POINT('',(243.239800070038,-12.6802718531207,6.62352231470572));
#2884=CARTESIAN_POINT('',(242.958188239704,-12.3324079255837,6.61731560194174));
#2885=CARTESIAN_POINT('',(242.870252464206,-12.2237843489403,6.61537750118954));
#2886=CARTESIAN_POINT('',(242.77648898871,-12.1196347392173,6.61328967142851));
#2887=CARTESIAN_POINT('',(242.677669529664,-12.0208152801713,6.61106093242192));
#2888=CARTESIAN_POINT('',(242.677669529664,-12.0208152801713,6.61106093242192));
#2889=CARTESIAN_POINT('',(255.000000000027,-24.3431457505337,-539.745433779748));
#2890=CARTESIAN_POINT('',(241.503221455924,-10.8463672064309,6.58330984566446));
#2891=CARTESIAN_POINT('',(239.537681543215,-3.69537756502114,6.53121394586209));
#2892=CARTESIAN_POINT('',(238.894222635264,-6.22675643641989,6.51300089101153));
#2893=CARTESIAN_POINT('',(239.656591033064,-8.99973678357148,6.53768976405435));
#2894=CARTESIAN_POINT('',(241.503221455924,-10.8463672064309,6.58330984566446));
#2895=CARTESIAN_POINT('',(239.537681543215,-3.69537756502114,6.53121394586209));
#2896=CARTESIAN_POINT('',(239.537681543215,-3.69537756502115,6.53121394586209));
#2897=CARTESIAN_POINT('',(240.155321968232,-1.26556906802255,6.54869621054093));
#2898=CARTESIAN_POINT('',(240.155321978032,1.26556902946768,6.5486962108183));
#2899=CARTESIAN_POINT('',(239.537681543215,3.69537756502142,6.53121394586206));
#2900=CARTESIAN_POINT('',(239.537681543215,3.69537756502142,6.53121394586209));
#2901=CARTESIAN_POINT('',(241.503221455924,10.8463672064312,6.58330984566446));
#2902=CARTESIAN_POINT('',(239.656591152427,8.99973690293424,6.53768976700315));
#2903=CARTESIAN_POINT('',(238.894223090815,6.22675464427601,6.5130009039059));
#2904=CARTESIAN_POINT('',(239.537681543215,3.69537756502142,6.53121394586214));
#2905=CARTESIAN_POINT('',(241.503221455924,10.8463672064312,6.58330984566446));
#2906=CARTESIAN_POINT('',(255.000000000027,24.3431457505348,-539.745433779748));
#2907=CARTESIAN_POINT('',(242.677669529664,12.0208152801713,6.61106093242181));
#2908=CARTESIAN_POINT('',(242.677669529664,12.0208152801713,6.61106093242181));
#2909=CARTESIAN_POINT('',(242.99417221089,12.3373179613979,6.61819922156191));
#2910=CARTESIAN_POINT('',(243.260423114816,12.7128369613325,6.62392764590465));
#2911=CARTESIAN_POINT('',(243.454358501821,13.1162859923538,6.62802577404947));
#2912=CARTESIAN_POINT('',(243.648294755456,13.5197368262483,6.63212392050739));
#2913=CARTESIAN_POINT('',(243.775262904296,13.9622459815287,6.63471489729384));
#2914=CARTESIAN_POINT('',(243.824738154936,14.4071637449666,6.63572682618271));
#2915=CARTESIAN_POINT('',(243.874208698214,14.8520391763501,6.6367386587908));
#2916=CARTESIAN_POINT('',(243.847565786518,15.3115933059262,6.63620250364565));
#2917=CARTESIAN_POINT('',(243.747017655129,15.7477679186552,6.63413166055616));
#2918=CARTESIAN_POINT('',(243.646472909901,16.1839278423255,6.63206088720649));
#2919=CARTESIAN_POINT('',(243.469255630524,16.6087385561503,6.62839275477874));
#2920=CARTESIAN_POINT('',(243.230051214513,16.9870290624125,6.6232397804924));
#2921=CARTESIAN_POINT('',(242.990832236891,17.3653425971747,6.61808649251786));
#2922=CARTESIAN_POINT('',(242.68302333337,17.707562341474,6.61129439739738));
#2923=CARTESIAN_POINT('',(242.332124407818,17.9853701063467,6.60315830260599));
#2924=CARTESIAN_POINT('',(241.981167176018,18.2632240324565,6.59502085590061));
#2925=CARTESIAN_POINT('',(241.577431014336,18.4843062504869,6.5853020372602));
#2926=CARTESIAN_POINT('',(241.154348080165,18.6303400202189,6.57457964215136));
#2927=CARTESIAN_POINT('',(240.731149905651,18.7764135669787,6.56385432645089));
#2928=CARTESIAN_POINT('',(240.276928040641,18.8514267662765,6.55182123686447));
#2929=CARTESIAN_POINT('',(239.829278988643,18.8491925873587,6.53938970190878));
#2930=CARTESIAN_POINT('',(239.381489671701,18.8469577083903,6.52695427169509));
#2931=CARTESIAN_POINT('',(238.927929517339,18.7673663523767,6.51377736534729));
#2932=CARTESIAN_POINT('',(238.50614062507,18.6170106580048,6.50104149062782));
#2933=CARTESIAN_POINT('',(238.084270038472,18.4666258419374,6.48830314915599));
#2934=CARTESIAN_POINT('',(237.682545174127,18.2412991353612,6.47566279273872));
#2935=CARTESIAN_POINT('',(237.334244715968,17.9596743081396,6.46439790825258));
#2936=CARTESIAN_POINT('',(237.224961706769,17.8713114941864,6.46086342976972));
#2937=CARTESIAN_POINT('',(237.120194740767,17.7770489902593,6.45744207615545));
#2938=CARTESIAN_POINT('',(237.020815280171,17.6776695296638,6.45417081476241));
#2939=CARTESIAN_POINT('',(237.020815280171,17.6776695296638,6.45417081476241));
#2940=CARTESIAN_POINT('',(255.000000000027,35.6568542495202,-539.745433779748));
#2941=CARTESIAN_POINT('',(235.846367206431,16.5032214559237,6.41424753442432));
#2942=CARTESIAN_POINT('',(228.695377565021,14.5376815432152,6.11656891043921));
#2943=CARTESIAN_POINT('',(231.225781666383,13.8944704150298,6.23850691705313));
#2944=CARTESIAN_POINT('',(233.998716954447,14.6555712039395,6.34945107348387));
#2945=CARTESIAN_POINT('',(235.846367206431,16.5032214559237,6.41424753442428));
#2946=CARTESIAN_POINT('',(228.695377565021,14.5376815432152,6.11656891043921));
#2947=CARTESIAN_POINT('',(228.695377565021,14.5376815432152,6.11656891043921));
#2948=CARTESIAN_POINT('',(226.264530560097,15.1555859497255,5.99942847504223));
#2949=CARTESIAN_POINT('',(223.733730087682,15.1551438184848,5.86028703831008));
#2950=CARTESIAN_POINT('',(221.304622434979,14.5376815432151,5.71022956342328));
#2951=CARTESIAN_POINT('',(221.304622434979,14.5376815432151,5.71022956342326));
#2952=CARTESIAN_POINT('',(214.153632793569,16.5032214559235,5.22138486926416));
#2953=CARTESIAN_POINT('',(216.001493880255,14.6553603692373,5.35988580163362));
#2954=CARTESIAN_POINT('',(218.772906304796,13.8941369064263,5.55383347731223));
#2955=CARTESIAN_POINT('',(221.304622434979,14.5376815432151,5.71022956342337));
#2956=CARTESIAN_POINT('',(169.372166580993,-40.,2.44582132324922E-10));
#2957=CARTESIAN_POINT('',(169.372166581032,-15.,1.24344978758018E-13));
#2958=CARTESIAN_POINT('',(169.372166581032,-0.463690752283696,1.24344978758018E-13));
#2959=CARTESIAN_POINT('',(169.372166580993,-0.463690750494097,2.44582132324922E-10));
#2960=CARTESIAN_POINT('',(169.591807606196,-1.24564947225929,0.0348449177574849));
#2961=CARTESIAN_POINT('',(170.252048936863,-1.79713611258355,0.139284646858229));
#2962=CARTESIAN_POINT('',(171.600004670326,-2.62168484018279,0.349155323851651));
#2963=CARTESIAN_POINT('',(172.342849046135,-2.91232491711838,0.463448708968777));
#2964=CARTESIAN_POINT('',(174.606020324672,-3.57999904390223,0.806502576860342));
#2965=CARTESIAN_POINT('',(176.177014183535,-3.75904062915181,1.03799270108543));
#2966=CARTESIAN_POINT('',(179.318978735578,-3.74032098622524,1.48664256989704));
#2967=CARTESIAN_POINT('',(180.885938913308,-3.54720646184176,1.70323269491371));
#2968=CARTESIAN_POINT('',(183.137362324553,-2.79931338072433,2.00505655930566));
#2969=CARTESIAN_POINT('',(183.861620914473,-2.47951005883644,2.10049589539285));
#2970=CARTESIAN_POINT('',(185.14899208782,-1.52862348400839,2.2679582855095));
#2971=CARTESIAN_POINT('',(185.725987689251,-0.84567497560475,2.34161710048783));
#2972=CARTESIAN_POINT('',(185.764213982776,0.762059678858321,2.34650071867115));
#2973=CARTESIAN_POINT('',(185.198933681719,1.47587841772801,2.27437971446833));
#2974=CARTESIAN_POINT('',(183.932188522005,2.44181954078053,2.10974359812121));
#2975=CARTESIAN_POINT('',(183.196061124498,2.77479273989538,2.01283901770382));
#2976=CARTESIAN_POINT('',(180.945967370635,3.5367395535094,1.71144350064096));
#2977=CARTESIAN_POINT('',(179.362884603268,3.73637200248785,1.49278703904635));
#2978=CARTESIAN_POINT('',(176.216240693178,3.76239817681199,1.04371567696682));
#2979=CARTESIAN_POINT('',(174.630352559797,3.58453526111857,0.810135871421556));
#2980=CARTESIAN_POINT('',(172.359289653317,2.91847145368341,0.465967782479032));
#2981=CARTESIAN_POINT('',(171.610279070562,2.62724347690225,0.350749638514088));
#2982=CARTESIAN_POINT('',(170.250064687482,1.79664417166729,0.138981039004194));
#2983=CARTESIAN_POINT('',(169.592202512436,1.24705540440897,0.0349075675988765));
#2984=CARTESIAN_POINT('',(169.372166580993,0.463690750494064,2.44722573527798E-10));
#2985=CARTESIAN_POINT('',(169.372166580993,0.463690752102341,2.44582132324922E-10));
#2986=CARTESIAN_POINT('',(169.372166580993,-40.,2.44582132324922E-10));
#2987=CARTESIAN_POINT('',(169.372166581032,15.0000000000006,1.24344978758018E-13));
#2988=CARTESIAN_POINT('',(169.372166579451,15.,0.));
#2989=CARTESIAN_POINT('',(175.323622510609,14.9999999998794,0.944167833925673));
#2990=CARTESIAN_POINT('',(181.176940412523,15.6724493275309,1.77194427809975));
#2991=CARTESIAN_POINT('',(192.689302205373,18.3326445861915,3.21708040134124));
#2992=CARTESIAN_POINT('',(198.379922809781,20.3459166841344,3.83596336205669));
#2993=CARTESIAN_POINT('',(203.769890754398,22.9943104334153,4.34346984637004));
#2994=CARTESIAN_POINT('',(203.769890754398,22.9943104334154,4.34346984637002));
#2995=CARTESIAN_POINT('',(255.000000000027,48.1665382639328,-539.745433779748));
#2996=CARTESIAN_POINT('',(211.770106087177,26.9252652179222,5.03749125982587));
#2997=CARTESIAN_POINT('',(211.770106087177,26.9252652179222,5.03749125982589));
#2998=CARTESIAN_POINT('',(214.062363284466,28.0515798259895,5.2193876279115));
#2999=CARTESIAN_POINT('',(216.447481618121,28.8659706576646,5.39410516171624));
#3000=CARTESIAN_POINT('',(221.398290529949,29.8900906919815,5.72164928905449));
#3001=CARTESIAN_POINT('',(223.966759004444,30.0879726073497,5.87398717965355));
#3002=CARTESIAN_POINT('',(229.001887068578,29.8385418957743,6.13707436533461));
#3003=CARTESIAN_POINT('',(231.540054918838,29.3876899942125,6.2515774386092));
#3004=CARTESIAN_POINT('',(236.372226952968,27.8761743370129,6.43778763399936));
#3005=CARTESIAN_POINT('',(238.669279149125,26.8272980413098,6.51027133168825));
#3006=CARTESIAN_POINT('',(243.016919740654,24.1235096060419,6.62293426309534));
#3007=CARTESIAN_POINT('',(244.974402105039,22.5264372859148,6.66082545800738));
#3008=CARTESIAN_POINT('',(248.468914527656,18.8580796250201,6.71376659105893));
#3009=CARTESIAN_POINT('',(249.996890006673,16.7787843341876,6.72847372182226));
#3010=CARTESIAN_POINT('',(252.449215787114,12.3657861218494,6.74542267581936));
#3011=CARTESIAN_POINT('',(253.408215986807,9.96936836405786,6.74805032401331));
#3012=CARTESIAN_POINT('',(254.677547444009,5.06539424328913,6.75027340244193));
#3013=CARTESIAN_POINT('',(255.000199555315,2.55710188794087,6.75000000025188));
#3014=CARTESIAN_POINT('',(254.999800262147,-2.56178212486547,6.75000000025182));
#3015=CARTESIAN_POINT('',(254.677333434996,-5.06721589534329,6.75027388738702));
#3016=CARTESIAN_POINT('',(253.406949736747,-9.97326443025853,6.74804724557361));
#3017=CARTESIAN_POINT('',(252.448239556788,-12.3679457950195,6.74541846447633));
#3018=CARTESIAN_POINT('',(249.995605291183,-16.7806928963843,6.7284623045722));
#3019=CARTESIAN_POINT('',(248.466427028693,-18.8610303610871,6.7137350243001));
#3020=CARTESIAN_POINT('',(244.973060264606,-22.5275060191153,6.66079900436392));
#3021=CARTESIAN_POINT('',(243.011721069968,-24.1271669675161,6.62281382670537));
#3022=CARTESIAN_POINT('',(238.667293969683,-26.8281075986914,6.51020558517245));
#3023=CARTESIAN_POINT('',(236.370611736105,-27.8769506895233,6.43773835822714));
#3024=CARTESIAN_POINT('',(231.535816597536,-29.3887443148348,6.25140112961593));
#3025=CARTESIAN_POINT('',(228.999475825137,-29.8388949360717,6.13696120550259));
#3026=CARTESIAN_POINT('',(223.963621290257,-30.0878941943727,5.8738103903838));
#3027=CARTESIAN_POINT('',(221.392848456775,-29.8892479476848,5.7213039273261));
#3028=CARTESIAN_POINT('',(216.446472341048,-28.8654785119094,5.39402368475932));
#3029=CARTESIAN_POINT('',(214.062361514755,-28.0515789564324,5.21938748748059));
#3030=CARTESIAN_POINT('',(211.770106087167,-26.9252652179172,5.03749125982511));
#3031=CARTESIAN_POINT('',(211.770106087167,-26.9252652179172,5.037491259825));
#3032=CARTESIAN_POINT('',(255.000000000027,-48.166538263933,-539.745433779748));
#3033=CARTESIAN_POINT('',(203.769890754398,-22.9943104334154,4.34346984637));
#3034=CARTESIAN_POINT('',(203.769890754398,-22.9943104334154,4.34346984637002));
#3035=CARTESIAN_POINT('',(198.379525426069,-20.3457214272149,3.83592594535727));
#3036=CARTESIAN_POINT('',(192.80155184525,-18.3677822974142,3.22992835722775));
#3037=CARTESIAN_POINT('',(181.292995925778,-15.69024744058,1.78773084735135));
#3038=CARTESIAN_POINT('',(175.32431508156,-15.,0.944277706722521));
#3039=CARTESIAN_POINT('',(169.372166581032,-15.,2.50809650456353E-10));
#3040=CARTESIAN_POINT('',(255.000000000027,-40.,-539.745433779748));
#3041=CARTESIAN_POINT('',(255.,-3.69537756502138,554.745433780003));
#3042=CARTESIAN_POINT('',(193.682317228876,-3.69537756502151,11.7008675407578));
#3043=CARTESIAN_POINT('',(210.,-3.69537756502151,10.1058656779506));
#3044=CARTESIAN_POINT('',(193.682317228876,-3.6953775650215,11.7008675407577));
#3045=CARTESIAN_POINT('',(192.294793603549,-3.85486658422899,11.8575392741376));
#3046=CARTESIAN_POINT('',(190.873967029672,-3.68512576895475,12.023833025943));
#3047=CARTESIAN_POINT('',(188.975638556622,-2.82934462982955,12.2526236339356));
#3048=CARTESIAN_POINT('',(188.378073383687,-2.43563215885964,12.3258589427045));
#3049=CARTESIAN_POINT('',(187.45317657104,-1.37894273007915,12.4402587010611));
#3050=CARTESIAN_POINT('',(187.142461830789,-0.70534801242472,12.4792503808771));
#3051=CARTESIAN_POINT('',(187.145438668103,0.715967989832513,12.4788778768234));
#3052=CARTESIAN_POINT('',(187.458377564207,1.38737982782468,12.4396103225286));
#3053=CARTESIAN_POINT('',(188.384647067025,2.44061558756173,12.325050985658));
#3054=CARTESIAN_POINT('',(188.981275363064,2.83240674946401,12.2519396615987));
#3055=CARTESIAN_POINT('',(190.874456419438,3.68429950983951,12.0237833114984));
#3056=CARTESIAN_POINT('',(192.300057681104,3.85426150439475,11.8569448827052));
#3057=CARTESIAN_POINT('',(193.68231722888,3.69537756502101,11.7008675407572));
#3058=CARTESIAN_POINT('',(193.68231722888,3.69537756502102,11.7008675407573));
#3059=CARTESIAN_POINT('',(255.,3.69537756502089,554.745433780003));
#3060=CARTESIAN_POINT('',(210.,3.69537756502102,10.1058656779506));
#3061=CARTESIAN_POINT('',(210.,-40.,10.1058656779506));
#3062=CARTESIAN_POINT('',(210.,0.000494413391601508,10.1058656690311));
#3063=CARTESIAN_POINT('',(210.462318456785,3.69537756502102,10.067864877863));
#3064=CARTESIAN_POINT('',(210.152473251935,2.47644097828694,10.0932005770899));
#3065=CARTESIAN_POINT('',(210.000041017491,1.24467772472391,10.1058622889438));
#3066=CARTESIAN_POINT('',(210.000000008148,0.00049441278685133,10.1058656772772));
#3067=CARTESIAN_POINT('',(210.462318456785,3.69537756502102,10.067864877863));
#3068=CARTESIAN_POINT('',(208.496778544076,10.8463672064307,10.2321561304937));
#3069=CARTESIAN_POINT('',(210.341204800091,9.00194095041652,10.0746360732918));
#3070=CARTESIAN_POINT('',(211.105988707895,6.2275878641935,10.0152326743365));
#3071=CARTESIAN_POINT('',(210.462318456785,3.69537756502101,10.067864877863));
#3072=CARTESIAN_POINT('',(208.496778544076,10.8463672064307,10.2321561304937));
#3073=CARTESIAN_POINT('',(255.,-35.6568542494919,554.745433780003));
#3074=CARTESIAN_POINT('',(207.322330470336,12.0208152801713,10.3337338959811));
#3075=CARTESIAN_POINT('',(212.979184719829,17.6776695296636,9.86791522598896));
#3076=CARTESIAN_POINT('',(212.661961258561,17.9948929909316,9.89237941842592));
#3077=CARTESIAN_POINT('',(212.28566298584,18.2614288610879,9.92169273217263));
#3078=CARTESIAN_POINT('',(211.881644402032,18.4553526169779,9.9536693847275));
#3079=CARTESIAN_POINT('',(211.477659739154,18.6492600912552,9.98564335255986));
#3080=CARTESIAN_POINT('',(211.0348378227,18.7759345668925,10.0211704430468));
#3081=CARTESIAN_POINT('',(210.589760291861,18.825079000179,10.0574591087645));
#3082=CARTESIAN_POINT('',(210.143813089226,18.8743194606172,10.0938186817441));
#3083=CARTESIAN_POINT('',(209.683317469717,18.8470877243047,10.1319472115715));
#3084=CARTESIAN_POINT('',(209.246307969984,18.7456472703876,10.1686634270869));
#3085=CARTESIAN_POINT('',(208.808728774512,18.6440745763375,10.2054275067141));
#3086=CARTESIAN_POINT('',(208.382611190865,18.4652804060681,10.2417853916355));
#3087=CARTESIAN_POINT('',(208.003357179445,18.2239529784213,10.2745211446378));
#3088=CARTESIAN_POINT('',(207.624455844304,17.9828499662238,10.3072264559751));
#3089=CARTESIAN_POINT('',(207.281846559366,17.6726298963485,10.3372095196507));
#3090=CARTESIAN_POINT('',(207.004234168277,17.318936783695,10.3616853041538));
#3091=CARTESIAN_POINT('',(206.727456641205,16.9663073326866,10.3860874826061));
#3092=CARTESIAN_POINT('',(206.507629565776,16.5606747400993,10.4056776069207));
#3093=CARTESIAN_POINT('',(206.363295956793,16.1357626490202,10.4185741063288));
#3094=CARTESIAN_POINT('',(206.21950408708,15.7124454156292,10.4314222002392));
#3095=CARTESIAN_POINT('',(206.14666841304,15.2582758151492,10.4379736495741));
#3096=CARTESIAN_POINT('',(206.150940031346,14.8110395669398,10.4375902919919));
#3097=CARTESIAN_POINT('',(206.155200648756,14.3649551070258,10.4372079216884));
#3098=CARTESIAN_POINT('',(206.236277532208,13.9134681657479,10.4299172627865));
#3099=CARTESIAN_POINT('',(206.387359875971,13.4939425828166,10.4164244827197));
#3100=CARTESIAN_POINT('',(206.538441930225,13.0744178037928,10.4029317285082));
#3101=CARTESIAN_POINT('',(206.763657463712,12.675317246229,10.3828765198819));
#3102=CARTESIAN_POINT('',(207.044254470473,12.3293935331019,10.3581583839873));
#3103=CARTESIAN_POINT('',(207.131497043256,12.2218397317679,10.3504730783072));
#3104=CARTESIAN_POINT('',(207.224441100199,12.1187046503084,10.3423067040983));
#3105=CARTESIAN_POINT('',(207.322330470336,12.0208152801713,10.3337338959811));
#3106=CARTESIAN_POINT('',(212.979184719829,17.6776695296636,9.86791522598896));
#3107=CARTESIAN_POINT('',(255.,-24.3431457505071,554.745433780003));
#3108=CARTESIAN_POINT('',(214.153632793569,16.5032214559234,9.77861513098864));
#3109=CARTESIAN_POINT('',(221.304622434979,14.5376815432151,9.28977043682999));
#3110=CARTESIAN_POINT('',(218.772912864733,13.8941385739165,9.44616611770268));
#3111=CARTESIAN_POINT('',(216.001496948034,14.6553573014584,9.64011396868311));
#3112=CARTESIAN_POINT('',(214.153632793569,16.5032214559235,9.77861513098873));
#3113=CARTESIAN_POINT('',(221.304622434979,14.5376815432151,9.28977043682999));
#3114=CARTESIAN_POINT('',(228.695377565021,14.5376815432152,8.88343108981438));
#3115=CARTESIAN_POINT('',(226.264530560097,15.1555859497255,9.00057152521124));
#3116=CARTESIAN_POINT('',(223.733730087682,15.1551438184848,9.13971296194316));
#3117=CARTESIAN_POINT('',(221.304622434979,14.5376815432151,9.28977043682983));
#3118=CARTESIAN_POINT('',(228.695377565021,14.5376815432152,8.88343108981438));
#3119=CARTESIAN_POINT('',(235.846367206431,16.5032214559237,8.58575246582971));
#3120=CARTESIAN_POINT('',(233.998715233813,14.6555694833057,8.65054898711207));
#3121=CARTESIAN_POINT('',(231.225784874746,13.8944695994863,8.76149292859227));
#3122=CARTESIAN_POINT('',(228.695377565021,14.5376815432152,8.88343108981432));
#3123=CARTESIAN_POINT('',(235.846367206431,16.5032214559237,8.5857524658297));
#3124=CARTESIAN_POINT('',(255.,35.6568542494933,554.745433780003));
#3125=CARTESIAN_POINT('',(237.020815280171,17.6776695296638,8.54582918549163));
#3126=CARTESIAN_POINT('',(242.677669529664,12.0208152801713,8.38893906783243));
#3127=CARTESIAN_POINT('',(242.99417221089,12.3373179613979,8.38180077869234));
#3128=CARTESIAN_POINT('',(243.260423114816,12.7128369613325,8.37607235434974));
#3129=CARTESIAN_POINT('',(243.454358501821,13.1162859923538,8.37197422620494));
#3130=CARTESIAN_POINT('',(243.648294755456,13.5197368262483,8.36787607974703));
#3131=CARTESIAN_POINT('',(243.775262904296,13.9622459815287,8.36528510296047));
#3132=CARTESIAN_POINT('',(243.824738154936,14.4071637449666,8.3642731740716));
#3133=CARTESIAN_POINT('',(243.874208698214,14.8520391763501,8.36326134146352));
#3134=CARTESIAN_POINT('',(243.847565786518,15.3115933059262,8.36379749660878));
#3135=CARTESIAN_POINT('',(243.747017655129,15.7477679186552,8.36586833969826));
#3136=CARTESIAN_POINT('',(243.646472909901,16.1839278423255,8.36793911304793));
#3137=CARTESIAN_POINT('',(243.469255630524,16.6087385561503,8.37160724547566));
#3138=CARTESIAN_POINT('',(243.230051214513,16.9870290624125,8.37676021976199));
#3139=CARTESIAN_POINT('',(242.990832236891,17.3653425971747,8.38191350773653));
#3140=CARTESIAN_POINT('',(242.68302333337,17.707562341474,8.38870560285687));
#3141=CARTESIAN_POINT('',(242.332124407818,17.9853701063467,8.39684169764825));
#3142=CARTESIAN_POINT('',(241.981167176018,18.2632240324565,8.40497914435361));
#3143=CARTESIAN_POINT('',(241.577431014336,18.4843062504869,8.41469796299423));
#3144=CARTESIAN_POINT('',(241.154348080165,18.6303400202189,8.42542035810304));
#3145=CARTESIAN_POINT('',(240.731149905651,18.7764135669787,8.43614567380349));
#3146=CARTESIAN_POINT('',(240.276928040641,18.8514267662765,8.44817876338968));
#3147=CARTESIAN_POINT('',(239.829278988643,18.8491925873587,8.46061029834534));
#3148=CARTESIAN_POINT('',(239.381489671701,18.8469577083903,8.47304572855901));
#3149=CARTESIAN_POINT('',(238.927929517339,18.7673663523767,8.48622263490678));
#3150=CARTESIAN_POINT('',(238.50614062507,18.6170106580048,8.49895850962623));
#3151=CARTESIAN_POINT('',(238.084270038472,18.4666258419374,8.51169685109804));
#3152=CARTESIAN_POINT('',(237.682545174127,18.2412991353612,8.52433720751529));
#3153=CARTESIAN_POINT('',(237.334244715968,17.9596743081396,8.53560209200141));
#3154=CARTESIAN_POINT('',(237.224961706769,17.8713114941864,8.53913657048427));
#3155=CARTESIAN_POINT('',(237.120194740767,17.7770489902593,8.54255792409859));
#3156=CARTESIAN_POINT('',(237.020815280171,17.6776695296638,8.54582918549163));
#3157=CARTESIAN_POINT('',(242.677669529664,12.0208152801713,8.38893906783243));
#3158=CARTESIAN_POINT('',(255.,24.3431457505079,554.745433780003));
#3159=CARTESIAN_POINT('',(241.503221455924,10.8463672064312,8.41669015458979));
#3160=CARTESIAN_POINT('',(239.537681543215,3.69537756502142,8.46878605439205));
#3161=CARTESIAN_POINT('',(238.894222635264,6.22675643642015,8.48699910924259));
#3162=CARTESIAN_POINT('',(239.656591033064,8.99973678357176,8.4623102361998));
#3163=CARTESIAN_POINT('',(241.503221455924,10.8463672064312,8.41669015458979));
#3164=CARTESIAN_POINT('',(239.537681543215,3.69537756502142,8.46878605439205));
#3165=CARTESIAN_POINT('',(239.537681543215,-3.69537756502114,8.46878605439205));
#3166=CARTESIAN_POINT('',(240.155321968232,-1.26556906802255,8.45130378971325));
#3167=CARTESIAN_POINT('',(240.155321978032,1.26556902946768,8.45130378943587));
#3168=CARTESIAN_POINT('',(239.537681543215,3.69537756502142,8.46878605439208));
#3169=CARTESIAN_POINT('',(239.537681543215,-3.69537756502115,8.46878605439205));
#3170=CARTESIAN_POINT('',(241.503221455924,-10.8463672064309,8.41669015458979));
#3171=CARTESIAN_POINT('',(239.656591152427,-8.99973690293396,8.46231023325102));
#3172=CARTESIAN_POINT('',(238.894223090815,-6.22675464427573,8.48699909634823));
#3173=CARTESIAN_POINT('',(239.537681543215,-3.69537756502114,8.46878605439202));
#3174=CARTESIAN_POINT('',(241.503221455924,-10.8463672064309,8.41669015458989));
#3175=CARTESIAN_POINT('',(255.,-24.3431457505069,554.745433780003));
#3176=CARTESIAN_POINT('',(242.677669529664,-12.0208152801713,8.38893906783245));
#3177=CARTESIAN_POINT('',(237.020815280172,-17.6776695296636,8.54582918549161));
#3178=CARTESIAN_POINT('',(237.337504146622,-17.9943583961141,8.53540477730689));
#3179=CARTESIAN_POINT('',(237.713230636316,-18.2606923058765,8.52332710090097));
#3180=CARTESIAN_POINT('',(238.116866557586,-18.4546375182971,8.51085143688913));
#3181=CARTESIAN_POINT('',(238.520499033012,-18.6485810750048,8.49837587938219));
#3182=CARTESIAN_POINT('',(238.963173688641,-18.7754886750893,8.48516834255388));
#3183=CARTESIAN_POINT('',(239.408246906134,-18.8248584540414,8.47246503832153));
#3184=CARTESIAN_POINT('',(239.853391616693,-18.874236163367,8.45975969353015));
#3185=CARTESIAN_POINT('',(240.313215787008,-18.8474110490638,8.44721110312981));
#3186=CARTESIAN_POINT('',(240.749631240609,-18.7465876481006,8.43582729974737));
#3187=CARTESIAN_POINT('',(241.186003111514,-18.6457743158817,8.42444463321019));
#3188=CARTESIAN_POINT('',(241.611010606945,-18.4681932055174,8.41390679013975));
#3189=CARTESIAN_POINT('',(241.989423668096,-18.2285358459699,8.40489524574601));
#3190=CARTESIAN_POINT('',(242.367726448897,-17.9889483294072,8.39588632757313));
#3191=CARTESIAN_POINT('',(242.709899290439,-17.6807086763011,8.38814252696154));
#3192=CARTESIAN_POINT('',(242.987570231902,-17.3293428969092,8.38203761088123));
#3193=CARTESIAN_POINT('',(243.265157887551,-16.978082507678,8.37593452593565));
#3194=CARTESIAN_POINT('',(243.485940394396,-16.5740306706915,8.37128834178305));
#3195=CARTESIAN_POINT('',(243.631612524518,-16.150655590018,8.36825736374976));
#3196=CARTESIAN_POINT('',(243.777254446682,-15.7273683044283,8.36522701424892));
#3197=CARTESIAN_POINT('',(243.85183488712,-15.2730894258096,8.36371962395426));
#3198=CARTESIAN_POINT('',(243.849171613065,-14.8254447199675,8.36377397737443));
#3199=CARTESIAN_POINT('',(243.846508600429,-14.3778439534337,8.36382832545944));
#3200=CARTESIAN_POINT('',(243.76654402046,-13.9245306971314,8.36544575786171));
#3201=CARTESIAN_POINT('',(243.615905120876,-13.5030433170369,8.3685844112057));
#3202=CARTESIAN_POINT('',(243.465266402658,-13.0815564444048,8.37172306077082));
#3203=CARTESIAN_POINT('',(243.239800070038,-12.6802718531207,8.37647768554862));
#3204=CARTESIAN_POINT('',(242.958188239704,-12.3324079255837,8.3826843983126));
#3205=CARTESIAN_POINT('',(242.870252464206,-12.2237843489403,8.38462249906479));
#3206=CARTESIAN_POINT('',(242.77648898871,-12.1196347392173,8.38671032882587));
#3207=CARTESIAN_POINT('',(242.677669529664,-12.0208152801713,8.38893906783245));
#3208=CARTESIAN_POINT('',(237.020815280172,-17.6776695296636,8.54582918549161));
#3209=CARTESIAN_POINT('',(255.,-35.6568542494917,554.745433780003));
#3210=CARTESIAN_POINT('',(235.846367206431,-16.5032214559234,8.58575246582971));
#3211=CARTESIAN_POINT('',(228.695377565022,-14.537681543215,8.88343108981438));
#3212=CARTESIAN_POINT('',(231.225781666384,-13.8944704150296,8.76149308320059));
#3213=CARTESIAN_POINT('',(233.998716954447,-14.6555712039393,8.65054892676998));
#3214=CARTESIAN_POINT('',(235.846367206431,-16.5032214559234,8.58575246582966));
#3215=CARTESIAN_POINT('',(228.695377565022,-14.537681543215,8.88343108981438));
#3216=CARTESIAN_POINT('',(221.304622434979,-14.5376815432152,9.28977043682999));
#3217=CARTESIAN_POINT('',(223.733707106525,-15.1551379768345,9.13971438159816));
#3218=CARTESIAN_POINT('',(226.264558085498,-15.15557895296,9.00057019878574));
#3219=CARTESIAN_POINT('',(228.695377565022,-14.537681543215,8.88343108981435));
#3220=CARTESIAN_POINT('',(221.304622434979,-14.5376815432152,9.28977043682999));
#3221=CARTESIAN_POINT('',(214.153632793569,-16.5032214559237,9.77861513098865));
#3222=CARTESIAN_POINT('',(216.001493880256,-14.6553603692375,9.64011419861929));
#3223=CARTESIAN_POINT('',(218.772906304796,-13.8941369064265,9.44616652294093));
#3224=CARTESIAN_POINT('',(221.304622434979,-14.5376815432152,9.28977043682992));
#3225=CARTESIAN_POINT('',(214.153632793569,-16.5032214559237,9.77861513098865));
#3226=CARTESIAN_POINT('',(255.,24.3431457505079,554.745433780003));
#3227=CARTESIAN_POINT('',(212.979184719829,-17.677669529664,9.86791522598883));
#3228=CARTESIAN_POINT('',(207.322330470336,-12.0208152801715,10.333733895981));
#3229=CARTESIAN_POINT('',(207.006588677045,-12.3365570734625,10.3613854561522));
#3230=CARTESIAN_POINT('',(206.740661043701,-12.711230737105,10.3849527994683));
#3231=CARTESIAN_POINT('',(206.54672940545,-13.1140246063878,10.4022151108607));
#3232=CARTESIAN_POINT('',(206.352778089413,-13.5168593462142,10.4194791738191));
#3233=CARTESIAN_POINT('',(206.225511934918,-13.9589517208025,10.4309006640058));
#3234=CARTESIAN_POINT('',(206.175663033096,-14.4035707508185,10.4353720852622));
#3235=CARTESIAN_POINT('',(206.125927700566,-14.8471768183407,10.4398333194108));
#3236=CARTESIAN_POINT('',(206.151883766049,-15.3055412119661,10.437496436884));
#3237=CARTESIAN_POINT('',(206.251345259841,-15.740636503936,10.4285887316294));
#3238=CARTESIAN_POINT('',(206.350706350476,-16.1752925813009,10.4196900184148));
#3239=CARTESIAN_POINT('',(206.526136801998,-16.5986884200648,10.4039965690259));
#3240=CARTESIAN_POINT('',(206.76298146636,-16.9759706201958,10.3830093003412));
#3241=CARTESIAN_POINT('',(207.000238180289,-17.3539091955397,10.3619855191389));
#3242=CARTESIAN_POINT('',(207.305612952759,-17.6959607547146,10.3350860205775));
#3243=CARTESIAN_POINT('',(207.653814108373,-17.9741861202793,10.304805406343));
#3244=CARTESIAN_POINT('',(208.003245529596,-18.2533945127333,10.2744178045304));
#3245=CARTESIAN_POINT('',(208.405389231614,-18.4760031821529,10.239804328741));
#3246=CARTESIAN_POINT('',(208.827095042316,-18.6238837715119,10.2040469321721));
#3247=CARTESIAN_POINT('',(209.25027024422,-18.7722796358123,10.1681649425752));
#3248=CARTESIAN_POINT('',(209.704789265553,-18.8495093243773,10.1301517570488));
#3249=CARTESIAN_POINT('',(210.15314526946,-18.8492416922941,10.0932339651412));
#3250=CARTESIAN_POINT('',(210.60230703511,-18.8489735792366,10.0562498265267));
#3251=CARTESIAN_POINT('',(211.057682541668,-18.7709072404734,10.0193442272009));
#3252=CARTESIAN_POINT('',(211.481491999952,-18.6213964240025,9.98548792876842));
#3253=CARTESIAN_POINT('',(211.905085128652,-18.471961923933,9.95164891196757));
#3254=CARTESIAN_POINT('',(212.308858913019,-18.2470011967056,9.91991214665037));
#3255=CARTESIAN_POINT('',(212.659097676174,-17.9650456781666,9.89269483782383));
#3256=CARTESIAN_POINT('',(212.770770538274,-17.8751447789735,9.88401665855001));
#3257=CARTESIAN_POINT('',(212.877776757858,-17.7790774916343,9.87573578215566));
#3258=CARTESIAN_POINT('',(212.979184719829,-17.677669529664,9.86791522598883));
#3259=CARTESIAN_POINT('',(207.322330470336,-12.0208152801715,10.333733895981));
#3260=CARTESIAN_POINT('',(255.,35.6568542494927,554.745433780003));
#3261=CARTESIAN_POINT('',(208.496778544077,-10.8463672064313,10.2321561304936));
#3262=CARTESIAN_POINT('',(210.462318456785,-3.69537756502151,10.067864877863));
#3263=CARTESIAN_POINT('',(211.105991782735,-6.22759996066952,10.0152324229103));
#3264=CARTESIAN_POINT('',(210.341203571556,-9.00194217895215,10.0746361782126));
#3265=CARTESIAN_POINT('',(208.496778544077,-10.8463672064313,10.2321561304936));
#3266=CARTESIAN_POINT('',(210.462318456785,-3.69537756502151,10.067864877863));
#3267=CARTESIAN_POINT('',(210.,5.43895699588632E-9,10.1058656779504));
#3268=CARTESIAN_POINT('',(209.999999999552,-1.23548352144878,10.1058656779874));
#3269=CARTESIAN_POINT('',(210.154638988159,-2.48496102339005,10.0930234872376));
#3270=CARTESIAN_POINT('',(210.462318456785,-3.69537756502151,10.0678648778631));
#3271=CARTESIAN_POINT('',(210.,5.37982969770737E-9,10.1058656690578));
#3272=CARTESIAN_POINT('',(210.,-40.,10.1058656779506));
#3273=CARTESIAN_POINT('',(169.372166581032,-15.,14.9999999999999));
#3274=CARTESIAN_POINT('',(175.323622512186,-15.,14.055832166093));
#3275=CARTESIAN_POINT('',(181.176940412569,-15.6724493275389,13.2280557221454));
#3276=CARTESIAN_POINT('',(192.689302205392,-18.3326445861983,11.7829195989086));
#3277=CARTESIAN_POINT('',(198.379922809787,-20.3459166841374,11.1640366381949));
#3278=CARTESIAN_POINT('',(203.769890754398,-22.9943104334154,10.6565301538824));
#3279=CARTESIAN_POINT('',(169.372166581032,-15.,15.0000000000001));
#3280=CARTESIAN_POINT('',(203.769890754398,-22.9943104334154,10.6565301538823));
#3281=CARTESIAN_POINT('',(255.,-48.1665382639198,554.745433780003));
#3282=CARTESIAN_POINT('',(211.770106087167,-26.9252652179172,9.96250874042781));
#3283=CARTESIAN_POINT('',(211.770106087167,-26.9252652179172,9.96250874042781));
#3284=CARTESIAN_POINT('',(214.062363284455,-28.0515798259854,9.78061237234231));
#3285=CARTESIAN_POINT('',(216.44748161811,-28.8659706576614,9.60589483853748));
#3286=CARTESIAN_POINT('',(221.398290529938,-29.8900906919801,9.27835071119939));
#3287=CARTESIAN_POINT('',(223.966759004433,-30.0879726073494,9.12601282060051));
#3288=CARTESIAN_POINT('',(229.001887068567,-29.8385418957758,8.86292563491959));
#3289=CARTESIAN_POINT('',(231.540054918826,-29.387689994215,8.74842256164507));
#3290=CARTESIAN_POINT('',(236.372226952957,-27.8761743370173,8.56221236625503));
#3291=CARTESIAN_POINT('',(238.669279149114,-26.827298041315,8.48972866856618));
#3292=CARTESIAN_POINT('',(243.016919740645,-24.1235096060488,8.3770657371592));
#3293=CARTESIAN_POINT('',(244.97440210503,-22.5264372859224,8.33917454224731));
#3294=CARTESIAN_POINT('',(248.468914527649,-18.8580796250291,8.28623340919586));
#3295=CARTESIAN_POINT('',(249.996890006667,-16.7787843341971,8.27152627843261));
#3296=CARTESIAN_POINT('',(252.44921578711,-12.3657861218598,8.2545773244356));
#3297=CARTESIAN_POINT('',(253.408215986803,-9.96936836406863,8.25194967624148));
#3298=CARTESIAN_POINT('',(254.677547444007,-5.06539424330039,8.24972659781292));
#3299=CARTESIAN_POINT('',(255.000199555314,-2.55710188795225,8.25000000000308));
#3300=CARTESIAN_POINT('',(254.999800262148,2.56178212485409,8.25000000000314));
#3301=CARTESIAN_POINT('',(254.677333434998,5.067215895332,8.24972611286793));
#3302=CARTESIAN_POINT('',(253.406949736751,9.97326443024774,8.25195275468126));
#3303=CARTESIAN_POINT('',(252.448239556793,12.3679457950091,8.25458153577849));
#3304=CARTESIAN_POINT('',(249.995605291189,16.7806928963748,8.27153769568246));
#3305=CARTESIAN_POINT('',(248.466427028701,18.8610303610782,8.28626497595437));
#3306=CARTESIAN_POINT('',(244.973060264614,22.5275060191077,8.3392009958903));
#3307=CARTESIAN_POINT('',(243.011721069977,24.1271669675092,8.37718617354885));
#3308=CARTESIAN_POINT('',(238.667293969694,26.8281075986863,8.48979441508146));
#3309=CARTESIAN_POINT('',(236.370611736116,27.876950689519,8.56226164202653));
#3310=CARTESIAN_POINT('',(231.535816597548,29.3887443148323,8.74859887063739));
#3311=CARTESIAN_POINT('',(228.999475825148,29.8388949360702,8.86303879475052));
#3312=CARTESIAN_POINT('',(223.963621290268,30.0878941943731,9.12618960986897));
#3313=CARTESIAN_POINT('',(221.392848456787,29.8892479476861,9.27869607292642));
#3314=CARTESIAN_POINT('',(216.446472341059,28.8654785119127,9.60597631549287));
#3315=CARTESIAN_POINT('',(214.062361514766,28.0515789564366,9.78061251277164));
#3316=CARTESIAN_POINT('',(211.770106087177,26.9252652179222,9.96250874042699));
#3317=CARTESIAN_POINT('',(211.770106087177,26.9252652179222,9.9625087404268));
#3318=CARTESIAN_POINT('',(255.,48.1665382639196,554.745433780003));
#3319=CARTESIAN_POINT('',(203.769890754398,22.9943104334153,10.6565301538825));
#3320=CARTESIAN_POINT('',(203.769890754398,22.9943104334154,10.6565301538825));
#3321=CARTESIAN_POINT('',(198.379525426069,20.3457214272149,11.1640740548949));
#3322=CARTESIAN_POINT('',(192.801551845249,18.3677822974142,11.7700716430241));
#3323=CARTESIAN_POINT('',(181.292995925778,15.69024744058,13.2122691528999));
#3324=CARTESIAN_POINT('',(175.32431508156,15.,14.0557222935285));
#3325=CARTESIAN_POINT('',(169.372166581032,15.,14.9999999999999));
#3326=CARTESIAN_POINT('',(169.372166581032,15.,15.0000000000001));
#3327=CARTESIAN_POINT('',(169.372166581031,-40.,15.));
#3328=CARTESIAN_POINT('',(255.,-40.,554.745433780003));
#3329=CARTESIAN_POINT('',(235.846367206431,-16.5032214559234,15.));
#3330=CARTESIAN_POINT('',(235.846367206431,-16.5032214559234,8.25));
#3331=CARTESIAN_POINT('',(237.020815280172,-17.6776695296636,15.));
#3332=CARTESIAN_POINT('',(237.020815280172,-17.6776695296636,8.25));
#3333=CARTESIAN_POINT('',(229.102626751915,-9.75948100140695,8.25));
#3334=CARTESIAN_POINT('',(229.102626751915,-9.75948100140695,15.));
#3335=CARTESIAN_POINT('',(242.677669529664,-12.0208152801713,15.));
#3336=CARTESIAN_POINT('',(242.677669529664,-12.0208152801713,8.25));
#3337=CARTESIAN_POINT('',(241.503221455924,-10.8463672064309,15.));
#3338=CARTESIAN_POINT('',(241.503221455924,-10.8463672064309,8.25));
#3339=CARTESIAN_POINT('',(242.677669529664,-12.0208152801713,8.25));
#3340=CARTESIAN_POINT('',(242.677669529664,-12.0208152801713,15.));
#3341=CARTESIAN_POINT('',(241.503221455924,10.8463672064312,15.));
#3342=CARTESIAN_POINT('',(241.503221455924,10.8463672064312,8.25));
#3343=CARTESIAN_POINT('',(242.677669529664,12.0208152801713,15.));
#3344=CARTESIAN_POINT('',(242.677669529664,12.0208152801713,8.25));
#3345=CARTESIAN_POINT('',(234.759481001407,4.10262675191455,8.25));
#3346=CARTESIAN_POINT('',(234.759481001407,4.10262675191455,15.));
#3347=CARTESIAN_POINT('',(237.020815280171,17.6776695296638,15.));
#3348=CARTESIAN_POINT('',(237.020815280171,17.6776695296638,8.25));
#3349=CARTESIAN_POINT('',(235.846367206431,16.5032214559237,15.));
#3350=CARTESIAN_POINT('',(235.846367206431,16.5032214559237,8.25));
#3351=CARTESIAN_POINT('',(237.020815280171,17.677669529664,8.25));
#3352=CARTESIAN_POINT('',(237.020815280171,17.677669529664,15.));
#3353=CARTESIAN_POINT('',(214.153632793569,16.5032214559234,15.));
#3354=CARTESIAN_POINT('',(214.153632793569,16.5032214559234,8.25));
#3355=CARTESIAN_POINT('',(212.979184719829,17.6776695296636,15.));
#3356=CARTESIAN_POINT('',(212.979184719829,17.6776695296636,8.25));
#3357=CARTESIAN_POINT('',(220.897373248085,9.75948100140694,8.25));
#3358=CARTESIAN_POINT('',(220.897373248085,9.75948100140694,15.));
#3359=CARTESIAN_POINT('',(207.322330470336,12.0208152801713,15.));
#3360=CARTESIAN_POINT('',(207.322330470336,12.0208152801713,8.25));
#3361=CARTESIAN_POINT('',(208.496778544076,10.8463672064307,15.));
#3362=CARTESIAN_POINT('',(208.496778544076,10.8463672064307,8.25));
#3363=CARTESIAN_POINT('',(207.322330470336,12.0208152801711,8.25));
#3364=CARTESIAN_POINT('',(207.322330470336,12.0208152801711,15.));
#3365=CARTESIAN_POINT('',(208.496778544077,-10.8463672064313,15.));
#3366=CARTESIAN_POINT('',(208.496778544077,-10.8463672064313,8.25));
#3367=CARTESIAN_POINT('',(207.322330470336,-12.0208152801715,15.));
#3368=CARTESIAN_POINT('',(207.322330470336,-12.0208152801715,8.25));
#3369=CARTESIAN_POINT('',(215.240518998593,-4.10262675191473,8.25));
#3370=CARTESIAN_POINT('',(215.240518998593,-4.10262675191473,15.));
#3371=CARTESIAN_POINT('',(212.979184719829,-17.677669529664,15.));
#3372=CARTESIAN_POINT('',(212.979184719829,-17.677669529664,8.25));
#3373=CARTESIAN_POINT('',(214.153632793569,-16.5032214559237,15.));
#3374=CARTESIAN_POINT('',(214.153632793569,-16.5032214559237,8.25));
#3375=CARTESIAN_POINT('',(212.979184719829,-17.6776695296642,8.25));
#3376=CARTESIAN_POINT('',(212.979184719829,-17.6776695296642,15.));
#3377=CARTESIAN_POINT('',(239.849242404918,-14.8492424049174,8.25));
#3378=CARTESIAN_POINT('',(239.849242404918,-14.8492424049174,15.));
#3379=CARTESIAN_POINT('',(239.849242404917,14.8492424049176,8.25));
#3380=CARTESIAN_POINT('',(239.849242404917,14.8492424049176,15.));
#3381=CARTESIAN_POINT('',(210.150757595082,14.8492424049174,8.25));
#3382=CARTESIAN_POINT('',(210.150757595082,14.8492424049174,15.));
#3383=CARTESIAN_POINT('',(210.150757595083,-14.8492424049177,8.25));
#3384=CARTESIAN_POINT('',(210.150757595083,-14.8492424049177,15.));
#3385=CARTESIAN_POINT('',(221.304622434979,-14.5376815432152,33.25));
#3386=CARTESIAN_POINT('',(221.304622434979,-14.5376815432152,8.25));
#3387=CARTESIAN_POINT('',(228.695377565022,-14.537681543215,33.25));
#3388=CARTESIAN_POINT('',(228.695377565022,-14.537681543215,8.25));
#3389=CARTESIAN_POINT('',(225.,0.,8.25));
#3390=CARTESIAN_POINT('',(225.,0.,33.25));
#3391=CARTESIAN_POINT('',(210.462318456785,3.69537756502101,33.25));
#3392=CARTESIAN_POINT('',(210.462318456785,3.69537756502101,8.25));
#3393=CARTESIAN_POINT('',(210.,-3.69537756502151,10.0678648778631));
#3394=CARTESIAN_POINT('',(210.,-2.48061702010214,10.0931137777105));
#3395=CARTESIAN_POINT('',(210.,-1.2265264705365,10.1059560295098));
#3396=CARTESIAN_POINT('',(210.,1.25312930974171,10.1057743518323));
#3397=CARTESIAN_POINT('',(210.,2.48062350030825,10.0931136430187));
#3398=CARTESIAN_POINT('',(210.,3.69537756502102,10.067864877863));
#3399=CARTESIAN_POINT('',(210.462318456785,-3.69537756502151,33.25));
#3400=CARTESIAN_POINT('',(210.462318456785,-3.69537756502151,8.25));
#3401=CARTESIAN_POINT('',(225.,0.,8.25));
#3402=CARTESIAN_POINT('',(225.,0.,33.25));
#3403=CARTESIAN_POINT('',(228.695377565021,14.5376815432152,33.25));
#3404=CARTESIAN_POINT('',(228.695377565021,14.5376815432152,8.25));
#3405=CARTESIAN_POINT('',(221.304622434979,14.5376815432151,33.25));
#3406=CARTESIAN_POINT('',(221.304622434979,14.5376815432151,8.25));
#3407=CARTESIAN_POINT('',(225.,0.,8.25));
#3408=CARTESIAN_POINT('',(225.,0.,33.25));
#3409=CARTESIAN_POINT('',(239.537681543215,-3.69537756502115,33.25));
#3410=CARTESIAN_POINT('',(239.537681543215,-3.69537756502115,8.25));
#3411=CARTESIAN_POINT('',(239.537681543215,3.69537756502142,33.25));
#3412=CARTESIAN_POINT('',(239.537681543215,3.69537756502142,8.25));
#3413=CARTESIAN_POINT('',(225.,0.,8.25));
#3414=CARTESIAN_POINT('',(225.,0.,33.25));
#3415=CARTESIAN_POINT('',(237.020815280172,-17.6776695296636,-8.67361737988404E-16));
#3416=CARTESIAN_POINT('',(237.020815280172,-17.6776695296636,6.75));
#3417=CARTESIAN_POINT('',(239.849242404918,-14.8492424049174,6.75));
#3418=CARTESIAN_POINT('',(242.677669529664,-12.0208152801713,6.75));
#3419=CARTESIAN_POINT('',(242.677669529664,-12.0208152801713,-8.67361737988404E-16));
#3420=CARTESIAN_POINT('',(239.849242404918,-14.8492424049174,-8.67361737988404E-16));
#3421=CARTESIAN_POINT('',(242.677669529664,12.0208152801713,-8.67361737988404E-16));
#3422=CARTESIAN_POINT('',(242.677669529664,12.0208152801713,6.75));
#3423=CARTESIAN_POINT('',(239.849242404917,14.8492424049176,6.75));
#3424=CARTESIAN_POINT('',(237.020815280171,17.6776695296638,6.75));
#3425=CARTESIAN_POINT('',(237.020815280171,17.6776695296638,-8.67361737988403E-16));
#3426=CARTESIAN_POINT('',(239.849242404917,14.8492424049176,-8.67361737988404E-16));
#3427=CARTESIAN_POINT('',(212.979184719829,17.6776695296636,-8.67361737988404E-16));
#3428=CARTESIAN_POINT('',(212.979184719829,17.6776695296636,6.75));
#3429=CARTESIAN_POINT('',(210.150757595082,14.8492424049174,6.75));
#3430=CARTESIAN_POINT('',(207.322330470336,12.0208152801713,6.75));
#3431=CARTESIAN_POINT('',(207.322330470336,12.0208152801713,-8.67361737988404E-16));
#3432=CARTESIAN_POINT('',(210.150757595082,14.8492424049174,-8.67361737988404E-16));
#3433=CARTESIAN_POINT('',(207.322330470336,-12.0208152801715,-8.67361737988404E-16));
#3434=CARTESIAN_POINT('',(207.322330470336,-12.0208152801715,6.75));
#3435=CARTESIAN_POINT('',(210.150757595083,-14.8492424049177,6.75));
#3436=CARTESIAN_POINT('',(212.979184719829,-17.677669529664,6.75));
#3437=CARTESIAN_POINT('',(212.979184719829,-17.677669529664,-8.67361737988404E-16));
#3438=CARTESIAN_POINT('',(210.150757595083,-14.8492424049177,-8.67361737988404E-16));
#3439=CARTESIAN_POINT('',(221.304622434979,-14.5376815432152,-18.25));
#3440=CARTESIAN_POINT('',(221.304622434979,-14.5376815432152,6.75));
#3441=CARTESIAN_POINT('',(225.,0.,6.75));
#3442=CARTESIAN_POINT('',(228.695377565022,-14.537681543215,6.75));
#3443=CARTESIAN_POINT('',(228.695377565022,-14.537681543215,-18.25));
#3444=CARTESIAN_POINT('',(225.,0.,-18.25));
#3445=CARTESIAN_POINT('',(210.462318456785,3.69537756502101,-18.25));
#3446=CARTESIAN_POINT('',(210.462318456785,3.69537756502101,6.75));
#3447=CARTESIAN_POINT('',(225.,0.,6.75));
#3448=CARTESIAN_POINT('',(210.462318456785,-3.69537756502151,6.75));
#3449=CARTESIAN_POINT('',(210.462318456785,-3.69537756502151,-18.25));
#3450=CARTESIAN_POINT('',(225.,0.,-18.25));
#3451=CARTESIAN_POINT('',(228.695377565021,14.5376815432152,-18.25));
#3452=CARTESIAN_POINT('',(228.695377565021,14.5376815432152,6.75));
#3453=CARTESIAN_POINT('',(225.,0.,6.75));
#3454=CARTESIAN_POINT('',(221.304622434979,14.5376815432151,6.75));
#3455=CARTESIAN_POINT('',(221.304622434979,14.5376815432151,-18.25));
#3456=CARTESIAN_POINT('',(225.,0.,-18.25));
#3457=CARTESIAN_POINT('',(239.537681543215,-3.69537756502115,-18.25));
#3458=CARTESIAN_POINT('',(239.537681543215,-3.69537756502115,6.75));
#3459=CARTESIAN_POINT('',(225.,0.,6.75));
#3460=CARTESIAN_POINT('',(239.537681543215,3.69537756502142,6.75));
#3461=CARTESIAN_POINT('',(239.537681543215,3.69537756502142,-18.25));
#3462=CARTESIAN_POINT('',(225.,0.,-18.25));
#3463=CARTESIAN_POINT('',(203.193477685177,-5.54306634753226,8.25));
#3464=CARTESIAN_POINT('',(203.193477685177,-5.54306634753226,33.25));
#3465=CARTESIAN_POINT('',(203.193477685177,5.54306634753153,8.25));
#3466=CARTESIAN_POINT('',(203.193477685177,5.54306634753153,33.25));
#3467=CARTESIAN_POINT('',(219.456933652468,21.8065223148226,8.25));
#3468=CARTESIAN_POINT('',(219.456933652468,21.8065223148226,33.25));
#3469=CARTESIAN_POINT('',(230.543066347532,21.8065223148227,8.25));
#3470=CARTESIAN_POINT('',(230.543066347532,21.8065223148227,33.25));
#3471=CARTESIAN_POINT('',(246.806522314823,5.54306634753213,8.25));
#3472=CARTESIAN_POINT('',(246.806522314823,5.54306634753213,33.25));
#3473=CARTESIAN_POINT('',(246.806522314823,-5.54306634753172,8.25));
#3474=CARTESIAN_POINT('',(246.806522314823,-5.54306634753172,33.25));
#3475=CARTESIAN_POINT('',(219.456933652469,-21.8065223148228,8.25));
#3476=CARTESIAN_POINT('',(219.456933652469,-21.8065223148228,33.25));
#3477=CARTESIAN_POINT('',(230.543066347532,-21.8065223148226,8.25));
#3478=CARTESIAN_POINT('',(230.543066347532,-21.8065223148226,33.25));
#3479=CARTESIAN_POINT('',(235.846367206431,-16.5032214559234,-8.67361737988404E-16));
#3480=CARTESIAN_POINT('',(235.846367206431,-16.5032214559234,6.75));
#3481=CARTESIAN_POINT('',(230.543066347532,-21.8065223148226,6.75));
#3482=CARTESIAN_POINT('',(230.543066347532,-21.8065223148226,-18.25));
#3483=CARTESIAN_POINT('',(214.153632793569,-16.5032214559237,-8.67361737988404E-16));
#3484=CARTESIAN_POINT('',(214.153632793569,-16.5032214559237,6.75));
#3485=CARTESIAN_POINT('',(219.456933652469,-21.8065223148228,6.75));
#3486=CARTESIAN_POINT('',(219.456933652469,-21.8065223148228,-18.25));
#3487=CARTESIAN_POINT('',(208.496778544077,-10.8463672064313,-8.67361737988404E-16));
#3488=CARTESIAN_POINT('',(208.496778544077,-10.8463672064313,6.75));
#3489=CARTESIAN_POINT('',(203.193477685177,-5.54306634753226,6.75));
#3490=CARTESIAN_POINT('',(203.193477685177,-5.54306634753226,-18.25));
#3491=CARTESIAN_POINT('',(208.496778544076,10.8463672064307,-8.67361737988404E-16));
#3492=CARTESIAN_POINT('',(208.496778544076,10.8463672064307,6.75));
#3493=CARTESIAN_POINT('',(203.193477685177,5.54306634753153,6.75));
#3494=CARTESIAN_POINT('',(203.193477685177,5.54306634753153,-18.25));
#3495=CARTESIAN_POINT('',(214.153632793569,16.5032214559234,-8.67361737988403E-16));
#3496=CARTESIAN_POINT('',(214.153632793569,16.5032214559234,6.75));
#3497=CARTESIAN_POINT('',(219.456933652468,21.8065223148226,6.75));
#3498=CARTESIAN_POINT('',(219.456933652468,21.8065223148226,-18.25));
#3499=CARTESIAN_POINT('',(235.846367206431,16.5032214559237,-8.67361737988404E-16));
#3500=CARTESIAN_POINT('',(235.846367206431,16.5032214559237,6.75));
#3501=CARTESIAN_POINT('',(230.543066347532,21.8065223148227,6.75));
#3502=CARTESIAN_POINT('',(230.543066347532,21.8065223148227,-18.25));
#3503=CARTESIAN_POINT('',(241.503221455924,10.8463672064312,-8.67361737988404E-16));
#3504=CARTESIAN_POINT('',(241.503221455924,10.8463672064312,6.75));
#3505=CARTESIAN_POINT('',(246.806522314823,5.54306634753213,6.75));
#3506=CARTESIAN_POINT('',(246.806522314823,5.54306634753213,-18.25));
#3507=CARTESIAN_POINT('',(241.503221455924,-10.8463672064309,-8.67361737988404E-16));
#3508=CARTESIAN_POINT('',(241.503221455924,-10.8463672064309,6.75));
#3509=CARTESIAN_POINT('',(246.806522314823,-5.54306634753172,6.75));
#3510=CARTESIAN_POINT('',(246.806522314823,-5.54306634753172,-18.25));
#3511=CARTESIAN_POINT('',(225.,1.42398112988694E-14,8.25));
#3512=CARTESIAN_POINT('',(230.,1.42398112988694E-14,8.25));
#3513=CARTESIAN_POINT('',(231.717514421272,-6.71751442127222,8.25));
#3514=CARTESIAN_POINT('',(233.617514421272,-6.71751442127222,8.25));
#3515=CARTESIAN_POINT('',(219.343145750508,-5.65685424949238,8.25));
#3516=CARTESIAN_POINT('',(221.243145750508,-5.65685424949238,8.25));
#3517=CARTESIAN_POINT('',(230.656854249492,5.65685424949237,8.25));
#3518=CARTESIAN_POINT('',(232.556854249492,5.65685424949237,8.25));
#3519=CARTESIAN_POINT('',(218.282485578728,6.71751442127221,8.25));
#3520=CARTESIAN_POINT('',(220.182485578728,6.71751442127221,8.25));
#3521=CARTESIAN_POINT('',(210.150757595083,-14.8492424049177,8.25));
#3522=CARTESIAN_POINT('',(212.050757595083,-14.8492424049177,8.25));
#3523=CARTESIAN_POINT('',(210.150757595082,14.8492424049174,8.25));
#3524=CARTESIAN_POINT('',(212.050757595082,14.8492424049174,8.25));
#3525=CARTESIAN_POINT('',(239.849242404917,14.8492424049176,8.25));
#3526=CARTESIAN_POINT('',(241.749242404917,14.8492424049176,8.25));
#3527=CARTESIAN_POINT('',(239.849242404918,-14.8492424049175,8.25));
#3528=CARTESIAN_POINT('',(241.749242404918,-14.8492424049175,8.25));
#3529=CARTESIAN_POINT('',(239.849242404918,-14.8492424049174,8.25));
#3530=CARTESIAN_POINT('',(218.282485578728,6.71751442127221,6.75));
#3531=CARTESIAN_POINT('',(219.882485578728,6.71751442127221,6.75));
#3532=CARTESIAN_POINT('',(216.900996060598,7.52466168868834,0.));
#3533=CARTESIAN_POINT('',(216.900996060598,7.52466168868835,6.8436750179778));
#3534=CARTESIAN_POINT('',(216.900996060598,7.52466168868834,7.15536648732533));
#3535=CARTESIAN_POINT('',(216.900996060598,7.52466168868835,6.8436750179778));
#3536=CARTESIAN_POINT('',(216.810514079293,7.36979539129866,6.85469968793714));
#3537=CARTESIAN_POINT('',(216.745549470362,7.19711342970455,6.86530134787673));
#3538=CARTESIAN_POINT('',(216.711523822258,7.02095990189344,6.8755137064034));
#3539=CARTESIAN_POINT('',(216.677500530798,6.84481857461272,6.88572535761418));
#3540=CARTESIAN_POINT('',(216.673480199765,6.66038502623768,6.89644349323044));
#3541=CARTESIAN_POINT('',(216.699767791836,6.48298423759638,6.90764849439394));
#3542=CARTESIAN_POINT('',(216.726055503113,6.30558264449429,6.91885354636885));
#3543=CARTESIAN_POINT('',(216.78337743534,6.13027231580245,6.93011143249841));
#3544=CARTESIAN_POINT('',(216.867008151236,5.97157631910782,6.94057117345866));
#3545=CARTESIAN_POINT('',(216.950657445536,5.81284506839894,6.95103323803049));
#3546=CARTESIAN_POINT('',(217.062942779433,5.6663728687217,6.96111082714012));
#3547=CARTESIAN_POINT('',(217.194477865343,5.54438219700478,6.97202258100047));
#3548=CARTESIAN_POINT('',(217.325979387011,5.42242265405041,6.98293155047255));
#3549=CARTESIAN_POINT('',(217.480353755576,5.32153588356635,6.99450835377468));
#3550=CARTESIAN_POINT('',(217.644859719555,5.25005632520461,7.00519696852456));
#3551=CARTESIAN_POINT('',(217.809421105581,5.17855268538529,7.0158891842679));
#3552=CARTESIAN_POINT('',(217.988664678631,5.13452080504664,7.02601133543011));
#3553=CARTESIAN_POINT('',(218.167644077952,5.12164117138687,7.03640524764055));
#3554=CARTESIAN_POINT('',(218.346558063386,5.10876624501135,7.04679536105511));
#3555=CARTESIAN_POINT('',(218.530098540028,5.1266502867987,7.05841311753721));
#3556=CARTESIAN_POINT('',(218.703124661105,5.17379723137733,7.06950633220227));
#3557=CARTESIAN_POINT('',(218.876195805546,5.22095644412688,7.08060243344789));
#3558=CARTESIAN_POINT('',(219.043532599385,5.29871119649118,7.09127616564521));
#3559=CARTESIAN_POINT('',(219.191214212381,5.40061948606303,7.1015512591999));
#3560=CARTESIAN_POINT('',(219.338872112926,5.50251141276354,7.11182470293755));
#3561=CARTESIAN_POINT('',(219.47092256737,5.6313359187241,7.12262102041192));
#3562=CARTESIAN_POINT('',(219.576417831446,5.77637717018875,7.13376321936432));
#3563=CARTESIAN_POINT('',(219.681914037804,5.92141971715986,7.14490551783868));
#3564=CARTESIAN_POINT('',(219.763794301955,6.08671467523511,7.15600173117182));
#3565=CARTESIAN_POINT('',(219.815252500312,6.258574812939,7.16635004955843));
#3566=CARTESIAN_POINT('',(219.866715629538,6.43045141876135,7.17669935954982));
#3567=CARTESIAN_POINT('',(219.889154253386,6.61362790965345,7.18674755116799));
#3568=CARTESIAN_POINT('',(219.880713011927,6.79280765980695,7.1977244402328));
#3569=CARTESIAN_POINT('',(219.872273627821,6.97194798448939,7.20869891401898));
#3570=CARTESIAN_POINT('',(219.832753826021,7.1520665712848,7.22034843030637));
#3571=CARTESIAN_POINT('',(219.765409245091,7.31829507986505,7.23110522169182));
#3572=CARTESIAN_POINT('',(219.69803583138,7.48459475720458,7.24186661846959));
#3573=CARTESIAN_POINT('',(219.600940033835,7.64157029351619,7.25205642826194));
#3574=CARTESIAN_POINT('',(219.482211870497,7.7761252207817,7.26250449017761));
#3575=CARTESIAN_POINT('',(219.363527970548,7.91062998423668,7.27294865692118));
#3576=CARTESIAN_POINT('',(219.21999388113,8.02642393060883,7.28454443991391));
#3577=CARTESIAN_POINT('',(219.063461632347,8.11396578228484,7.29552439502928));
#3578=CARTESIAN_POINT('',(218.906893022887,8.20152796894606,7.30650690066444));
#3579=CARTESIAN_POINT('',(218.732984195542,8.26323372108561,7.31702064260242));
#3580=CARTESIAN_POINT('',(218.556193535834,8.29392932675127,7.3272345480261));
#3581=CARTESIAN_POINT('',(218.379443845745,8.32461781899119,7.33744608647065));
#3582=CARTESIAN_POINT('',(218.194980518914,8.32515358912986,7.34832610623021));
#3583=CARTESIAN_POINT('',(218.018111172564,8.29552144703779,7.35953692676613));
#3584=CARTESIAN_POINT('',(217.841233346337,8.26588788425337,7.37074828479701));
#3585=CARTESIAN_POINT('',(217.66702662715,8.20526152409277,7.38191656603726));
#3586=CARTESIAN_POINT('',(217.509932848724,8.11864335158614,7.39233025771226));
#3587=CARTESIAN_POINT('',(217.352813630174,8.03201115193611,7.40274563580412));
#3588=CARTESIAN_POINT('',(217.208497236824,7.91698451376079,7.41288437467421));
#3589=CARTESIAN_POINT('',(217.089018886436,7.78317724524143,7.42386643433977));
#3590=CARTESIAN_POINT('',(216.969566572908,7.64939913615591,7.43484610078226));
#3591=CARTESIAN_POINT('',(216.871609430862,7.49314416856739,7.4463633930768));
#3592=CARTESIAN_POINT('',(216.803247725043,7.32731387373689,7.4569926567832));
#3593=CARTESIAN_POINT('',(216.734863951603,7.16143004776494,7.46762535168785));
#3594=CARTESIAN_POINT('',(216.694225784365,6.98138586632282,7.47769581147524));
#3595=CARTESIAN_POINT('',(216.684728358603,6.80220128884093,7.48816120618699));
#3596=CARTESIAN_POINT('',(216.675234319536,6.6230806069252,7.4986228690356));
#3597=CARTESIAN_POINT('',(216.696578612826,6.43991613136715,7.51032187566608));
#3598=CARTESIAN_POINT('',(216.746984134706,6.26780861143086,7.52137116536096));
#3599=CARTESIAN_POINT('',(216.797404691756,6.09564975453887,7.53242375088449));
#3600=CARTESIAN_POINT('',(216.878311812745,5.92980030223713,7.54300786497514));
#3601=CARTESIAN_POINT('',(216.982996154706,5.78406531347133,7.55328238803402));
#3602=CARTESIAN_POINT('',(217.087658034745,5.63836159478727,7.56355470650786));
#3603=CARTESIAN_POINT('',(217.218944764324,5.50877702578064,7.57450243049645));
#3604=CARTESIAN_POINT('',(217.365949828597,5.4060411204644,7.58564012035605));
#3605=CARTESIAN_POINT('',(217.512962189126,5.30330011608959,7.59677836300907));
#3606=CARTESIAN_POINT('',(217.679783525447,5.22455213538842,7.60778257659744));
#3607=CARTESIAN_POINT('',(217.852591518045,5.17634892185637,7.61809065483024));
#3608=CARTESIAN_POINT('',(218.02540643352,5.12814377725111,7.62839914601587));
#3609=CARTESIAN_POINT('',(218.208962975392,5.10917137162874,7.63853144781501));
#3610=CARTESIAN_POINT('',(218.387941120388,5.12099347598735,7.64957940824603));
#3611=CARTESIAN_POINT('',(218.566886723601,5.13281343085248,7.66062535993833));
#3612=CARTESIAN_POINT('',(218.746231978069,5.17572711351941,7.6722153418093));
#3613=CARTESIAN_POINT('',(218.911163223565,5.24620058021662,7.68291244617753));
#3614=CARTESIAN_POINT('',(219.076162446934,5.3167030931768,7.69361395945199));
#3615=CARTESIAN_POINT('',(219.231276561482,5.41674737308208,7.70375138125379));
#3616=CARTESIAN_POINT('',(219.363561199858,5.53799099997044,7.71426935734423));
#3617=CARTESIAN_POINT('',(219.495797680088,5.65919048818705,7.72478350437161));
#3618=CARTESIAN_POINT('',(219.608859294467,5.80488107611437,7.73643837156451));
#3619=CARTESIAN_POINT('',(219.693431689153,5.9630403836304,7.74736967699881));
#3620=CARTESIAN_POINT('',(219.778026236005,6.12124111803362,7.75830384568514));
#3621=CARTESIAN_POINT('',(219.836439384496,6.29629440431469,7.76873187837619));
#3622=CARTESIAN_POINT('',(219.863790159588,6.47363776688948,7.77895599790507));
#3623=CARTESIAN_POINT('',(219.891133467148,6.65093270974187,7.78917732596196));
#3624=CARTESIAN_POINT('',(219.888185523537,6.83536062713704,7.8002187902786));
#3625=CARTESIAN_POINT('',(219.855219515545,7.01163678353585,7.81142538561188));
#3626=CARTESIAN_POINT('',(219.822250532522,7.18792884804849,7.82263299228894));
#3627=CARTESIAN_POINT('',(219.758340746086,7.36097023588628,7.83370907626833));
#3628=CARTESIAN_POINT('',(219.66876575736,7.51640569443255,7.84408192160384));
#3629=CARTESIAN_POINT('',(219.57918183273,7.67185665905199,7.85445580172318));
#3630=CARTESIAN_POINT('',(219.461456416254,7.81396497224745,7.86468231060824));
#3631=CARTESIAN_POINT('',(219.325424322215,7.93088937458769,7.87572100938645));
#3632=CARTESIAN_POINT('',(219.189416343008,8.04779304937631,7.88675775130027));
#3633=CARTESIAN_POINT('',(219.031335122089,8.14278599931866,7.89820780783186));
#3634=CARTESIAN_POINT('',(218.864238888147,8.20800530919486,7.90877849754517));
#3635=CARTESIAN_POINT('',(218.697093100627,8.27324396032173,7.91935232207177));
#3636=CARTESIAN_POINT('',(218.516314624417,8.31047339120336,7.9293803156633));
#3637=CARTESIAN_POINT('',(218.336991058159,8.31658576199217,7.9399301573367));
#3638=CARTESIAN_POINT('',(218.281419303158,8.31847996462846,7.94319951690284));
#3639=CARTESIAN_POINT('',(218.225679229907,8.31747185179416,7.94657130917041));
#3640=CARTESIAN_POINT('',(218.170221816486,8.31357107681028,7.95));
#3641=CARTESIAN_POINT('',(218.170221816486,8.31357107681028,7.95));
#3642=CARTESIAN_POINT('',(218.282485578728,6.71751442127221,7.95));
#3643=CARTESIAN_POINT('',(218.170221816486,5.12145776573415,7.95));
#3644=CARTESIAN_POINT('',(218.170221816486,5.12145776573415,7.95));
#3645=CARTESIAN_POINT('',(217.991237106883,5.13404722915581,7.93893415335115));
#3646=CARTESIAN_POINT('',(217.811982075078,5.17776487011383,7.92735265855289));
#3647=CARTESIAN_POINT('',(217.647279989226,5.24900706376076,7.91666403921077));
#3648=CARTESIAN_POINT('',(217.482595363942,5.32024170480668,7.9059765530016));
#3649=CARTESIAN_POINT('',(217.327927297391,5.42097398733957,7.89585015047039));
#3650=CARTESIAN_POINT('',(217.196183575507,5.5428025596663,7.88531388166526));
#3651=CARTESIAN_POINT('',(217.06448736514,5.66458719623467,7.87478141261704));
#3652=CARTESIAN_POINT('',(216.952073882284,5.81077751894709,7.86311692140342));
#3653=CARTESIAN_POINT('',(216.868204113733,5.96931128189712,7.85219765579962));
#3654=CARTESIAN_POINT('',(216.784311810373,6.1278876409813,7.84127545631919));
#3655=CARTESIAN_POINT('',(216.726676019357,6.303200920135,7.83086695842283));
#3656=CARTESIAN_POINT('',(216.700113206497,6.48066494248558,7.82063893764416));
#3657=CARTESIAN_POINT('',(216.673557886028,6.65807890877999,7.81041380181297));
#3658=CARTESIAN_POINT('',(216.677324758988,6.84248906643598,7.79933495416723));
#3659=CARTESIAN_POINT('',(216.711073039805,7.01861678346005,7.78813072629987));
#3660=CARTESIAN_POINT('',(216.744824695767,7.19476211491072,7.77692537790445));
#3661=CARTESIAN_POINT('',(216.809503386769,7.36752054422041,7.76587124386422));
#3662=CARTESIAN_POINT('',(216.89976908693,7.52255796252245,7.75550716139574));
#3663=CARTESIAN_POINT('',(216.990042460736,7.67760856082723,7.74514219785844));
#3664=CARTESIAN_POINT('',(217.108396231858,7.81919019180931,7.73489168023655));
#3665=CARTESIAN_POINT('',(217.24494454511,7.93550810087789,7.72384158068667));
#3666=CARTESIAN_POINT('',(217.381470007954,8.05180654495495,7.71279333029394));
#3667=CARTESIAN_POINT('',(217.539972700042,8.1460975536347,7.7013601016852));
#3668=CARTESIAN_POINT('',(217.707358081848,8.21057448782422,7.69080297842566));
#3669=CARTESIAN_POINT('',(217.874791810674,8.27507004531096,7.68024280588273));
#3670=CARTESIAN_POINT('',(218.055733331738,8.31149588511286,7.67022336489697));
#3671=CARTESIAN_POINT('',(218.235080000563,8.31681198931852,7.65965174506401));
#3672=CARTESIAN_POINT('',(218.414366644238,8.32212631428872,7.64908366342371));
#3673=CARTESIAN_POINT('',(218.596979232598,8.2965193682426,7.63732503691789));
#3674=CARTESIAN_POINT('',(218.767867912391,8.24211403762008,7.62633658305916));
#3675=CARTESIAN_POINT('',(218.938815470011,8.1876899622355,7.61534434324875));
#3676=CARTESIAN_POINT('',(219.102745513178,8.10292904738599,7.60486595656933));
#3677=CARTESIAN_POINT('',(219.246003710029,7.99486825269651,7.59457856332488));
#3678=CARTESIAN_POINT('',(219.389222481925,7.88683719656339,7.58429400119254));
#3679=CARTESIAN_POINT('',(219.515699266605,7.75257405929292,7.57316349557022));
#3680=CARTESIAN_POINT('',(219.614977682585,7.6032145924136,7.56204397647405));
#3681=CARTESIAN_POINT('',(219.714265727071,7.45384063992242,7.55092337895251));
#3682=CARTESIAN_POINT('',(219.789105784337,7.28521549564036,7.54003488292335));
#3683=CARTESIAN_POINT('',(219.83326460889,7.11132198799606,7.52976807411));
#3684=CARTESIAN_POINT('',(219.877422171481,6.93743344984734,7.51950155869955));
#3685=CARTESIAN_POINT('',(219.892104786886,6.75349964282433,7.50923145491074));
#3686=CARTESIAN_POINT('',(219.876113156263,6.57485698500961,7.49811462392935));
#3687=CARTESIAN_POINT('',(219.860123612771,6.39623764256167,7.48699924384998));
#3688=CARTESIAN_POINT('',(219.813037957823,6.21793397563824,7.47549340004665));
#3689=CARTESIAN_POINT('',(219.738733458842,6.05468555069967,7.46486890673682));
#3690=CARTESIAN_POINT('',(219.664401128312,5.89137597931042,7.45424043390894));
#3691=CARTESIAN_POINT('',(219.56076577363,5.73863997072705,7.4441549702508));
#3692=CARTESIAN_POINT('',(219.436477570553,5.60922633471589,7.4335328567961));
#3693=CARTESIAN_POINT('',(219.312231846944,5.47985692995278,7.42291437378832));
#3694=CARTESIAN_POINT('',(219.163947652033,5.37022353200286,7.41122897008879));
#3695=CARTESIAN_POINT('',(219.003856253484,5.28936024556059,7.40036306370264));
#3696=CARTESIAN_POINT('',(218.84371743242,5.20847300567421,7.38949393860139));
#3697=CARTESIAN_POINT('',(218.667337511665,5.15415610442098,7.3791654620866));
#3698=CARTESIAN_POINT('',(218.489400112364,5.1309500904712,7.36891420288258));
#3699=CARTESIAN_POINT('',(218.311519142441,5.10775143585638,7.35866619466558));
#3700=CARTESIAN_POINT('',(218.127224507281,5.11499963139283,7.34743299754781));
#3701=CARTESIAN_POINT('',(217.951766138592,5.15206731200408,7.33624431486593));
#3702=CARTESIAN_POINT('',(217.776283068873,5.18914021100348,7.32505405704129));
#3703=CARTESIAN_POINT('',(217.60476594362,5.25707500070251,7.31409397364547));
#3704=CARTESIAN_POINT('',(217.451455581899,5.35025835733615,7.30376321841257));
#3705=CARTESIAN_POINT('',(217.298141795098,5.44344379576256,7.29343223238211));
#3706=CARTESIAN_POINT('',(217.158831351782,5.56444306770956,7.2830673993345));
#3707=CARTESIAN_POINT('',(217.045117726566,5.7031570885559,7.27197666937501));
#3708=CARTESIAN_POINT('',(216.931418211151,5.84185389750342,7.26088731557433));
#3709=CARTESIAN_POINT('',(216.840133112714,6.00211491230385,7.24952954091989));
#3710=CARTESIAN_POINT('',(216.7788277402,6.17069351399772,7.23902883917082));
#3711=CARTESIAN_POINT('',(216.717507015913,6.33931433026716,7.22852550789071));
#3712=CARTESIAN_POINT('',(216.684506949739,6.52090839696374,7.21853595819565));
#3713=CARTESIAN_POINT('',(216.682578049818,6.70031270807355,7.20786340579717));
#3714=CARTESIAN_POINT('',(216.680649750726,6.87966113693738,7.19719417776808));
#3715=CARTESIAN_POINT('',(216.70969782763,7.0617563819261,7.18542526008405));
#3716=CARTESIAN_POINT('',(216.767320185861,7.23159012801176,7.17449035165088));
#3717=CARTESIAN_POINT('',(216.80181544894,7.33326003411604,7.16794423735213));
#3718=CARTESIAN_POINT('',(216.846824938587,7.43194398986779,7.16156829834953));
#3719=CARTESIAN_POINT('',(216.900996060598,7.52466168868834,7.15536648732533));
#3720=CARTESIAN_POINT('',(218.282485578728,6.71751442127221,0.));
#3721=CARTESIAN_POINT('',(218.170221816486,8.31357107681028,7.95));
#3722=CARTESIAN_POINT('',(217.988087082319,8.32720182343475,7.97637660897651));
#3723=CARTESIAN_POINT('',(217.800970877737,8.30955691406433,8.00335907080925));
#3724=CARTESIAN_POINT('',(217.624629646926,8.26096877828959,8.02780385599826));
#3725=CARTESIAN_POINT('',(217.442741548806,8.21085228785435,8.0530175593763));
#3726=CARTESIAN_POINT('',(217.267654902808,8.1266180403074,8.07636633891805));
#3727=CARTESIAN_POINT('',(217.112503312732,8.01891424348475,8.10000000000001));
#3728=CARTESIAN_POINT('',(217.112503312732,8.01891424348475,8.10000000000001));
#3729=CARTESIAN_POINT('',(218.282485578728,6.71751442127221,8.1));
#3730=CARTESIAN_POINT('',(219.452467844725,8.01891424348379,8.09999999999992));
#3731=CARTESIAN_POINT('',(219.452467844725,8.01891424348379,8.09999999999992));
#3732=CARTESIAN_POINT('',(219.563719440391,7.91188952831724,8.09478882783032));
#3733=CARTESIAN_POINT('',(219.661202714426,7.78863506394368,8.08907009305971));
#3734=CARTESIAN_POINT('',(219.73999724426,7.65590076073433,8.08346738569033));
#3735=CARTESIAN_POINT('',(219.838761313177,7.48952652260656,8.07644473858634));
#3736=CARTESIAN_POINT('',(219.910496938137,7.30398846087862,8.06958532049852));
#3737=CARTESIAN_POINT('',(219.948956392259,7.1143507829341,8.06306861225297));
#3738=CARTESIAN_POINT('',(219.987668053902,6.92346950832992,8.05650916905783));
#3739=CARTESIAN_POINT('',(219.993388445742,6.72289581703009,8.04980768124154));
#3740=CARTESIAN_POINT('',(219.964631019101,6.53028905775949,8.04253260509469));
#3741=CARTESIAN_POINT('',(219.936749744861,6.34355044785183,8.03547917866365));
#3742=CARTESIAN_POINT('',(219.876276234161,6.15907797112087,8.02821697136393));
#3743=CARTESIAN_POINT('',(219.788303544524,5.99200350315384,8.02148252710662));
#3744=CARTESIAN_POINT('',(219.700000178405,5.82430102668123,8.01472276905764));
#3745=CARTESIAN_POINT('',(219.581357738347,5.66933934766618,8.00827322939832));
#3746=CARTESIAN_POINT('',(219.441559778626,5.54137425682014,8.00129000702701));
#3747=CARTESIAN_POINT('',(219.30461437569,5.41602027481162,7.99444927628));
#3748=CARTESIAN_POINT('',(219.143697690768,5.31307862781794,7.98698132788088));
#3749=CARTESIAN_POINT('',(218.972692371726,5.24080431171705,7.9800485160766));
#3750=CARTESIAN_POINT('',(218.803554787547,5.169319381938,7.97319142504154));
#3751=CARTESIAN_POINT('',(218.619695235957,5.12579475414296,7.96666496352711));
#3752=CARTESIAN_POINT('',(218.436389217857,5.11487019281929,7.96001703504363));
#3753=CARTESIAN_POINT('',(218.347792137299,5.10959003753751,7.95680389964579));
#3754=CARTESIAN_POINT('',(218.258436975194,5.11177725418367,7.95346704955368));
#3755=CARTESIAN_POINT('',(218.170221816486,5.12145776573415,7.95));
#3756=CARTESIAN_POINT('',(218.282485578728,6.71751442127221,6.35));
#3757=CARTESIAN_POINT('',(230.656854249492,5.65685424949237,6.75));
#3758=CARTESIAN_POINT('',(230.769119862562,7.25291077484345,6.75));
#3759=CARTESIAN_POINT('',(230.769118011734,4.0607975939543,6.75));
#3760=CARTESIAN_POINT('',(230.769118011734,4.0607975939543,6.75));
#3761=CARTESIAN_POINT('',(230.948102721337,4.07338705737595,6.76106584664885));
#3762=CARTESIAN_POINT('',(231.127357753142,4.11710469833395,6.77264734144709));
#3763=CARTESIAN_POINT('',(231.292059838994,4.18834689198087,6.78333596078922));
#3764=CARTESIAN_POINT('',(231.456744464278,4.25958153302676,6.7940234469984));
#3765=CARTESIAN_POINT('',(231.611412530829,4.36031381555972,6.80414984952957));
#3766=CARTESIAN_POINT('',(231.743156252713,4.48214238788642,6.81468611833472));
#3767=CARTESIAN_POINT('',(231.87485246308,4.60392702445478,6.82521858738295));
#3768=CARTESIAN_POINT('',(231.987265945935,4.75011734716712,6.83688307859658));
#3769=CARTESIAN_POINT('',(232.071135714487,4.90865111011716,6.84780234420037));
#3770=CARTESIAN_POINT('',(232.155028017847,5.06722746920133,6.85872454368081));
#3771=CARTESIAN_POINT('',(232.212663808863,5.24254074835501,6.86913304157717));
#3772=CARTESIAN_POINT('',(232.239226621723,5.42000477070559,6.87936106235583));
#3773=CARTESIAN_POINT('',(232.265781942192,5.59741873700001,6.88958619818702));
#3774=CARTESIAN_POINT('',(232.262015069232,5.78182889465601,6.9006650458328));
#3775=CARTESIAN_POINT('',(232.228266788415,5.95795661168008,6.91186927370014));
#3776=CARTESIAN_POINT('',(232.194515132453,6.13410194313076,6.92307462209555));
#3777=CARTESIAN_POINT('',(232.129836441451,6.30686037244048,6.93412875613579));
#3778=CARTESIAN_POINT('',(232.039570741291,6.46189779074253,6.94449283860427));
#3779=CARTESIAN_POINT('',(231.949297367484,6.61694838904733,6.95485780214157));
#3780=CARTESIAN_POINT('',(231.830943596362,6.75853002002937,6.96510831976344));
#3781=CARTESIAN_POINT('',(231.69439528311,6.87484792909797,6.97615841931333));
#3782=CARTESIAN_POINT('',(231.557869820266,6.99114637317506,6.98720666970605));
#3783=CARTESIAN_POINT('',(231.399367128178,7.08543738185477,6.99863989831478));
#3784=CARTESIAN_POINT('',(231.231981746372,7.14991431604431,7.00919702157432));
#3785=CARTESIAN_POINT('',(231.064548017546,7.21440987353105,7.01975719411725));
#3786=CARTESIAN_POINT('',(230.883606496482,7.25083571333301,7.02977663510303));
#3787=CARTESIAN_POINT('',(230.704259827657,7.25615181753868,7.04034825493599));
#3788=CARTESIAN_POINT('',(230.524973183982,7.26146614250889,7.05091633657628));
#3789=CARTESIAN_POINT('',(230.342360595622,7.23585919646275,7.06267496308212));
#3790=CARTESIAN_POINT('',(230.171471915829,7.18145386584026,7.07366341694084));
#3791=CARTESIAN_POINT('',(230.00052435821,7.1270297904557,7.08465565675124));
#3792=CARTESIAN_POINT('',(229.836594315042,7.0422688756062,7.09513404343065));
#3793=CARTESIAN_POINT('',(229.693336118191,6.93420808091674,7.1054214366751));
#3794=CARTESIAN_POINT('',(229.550117346295,6.82617702478363,7.11570599880745));
#3795=CARTESIAN_POINT('',(229.423640561615,6.69191388751324,7.12683650442981));
#3796=CARTESIAN_POINT('',(229.324362145636,6.54255442063391,7.13795602352598));
#3797=CARTESIAN_POINT('',(229.225074101149,6.39318046814273,7.14907662104751));
#3798=CARTESIAN_POINT('',(229.150234043883,6.22455532386066,7.15996511707667));
#3799=CARTESIAN_POINT('',(229.10607521933,6.05066181621636,7.17023192589001));
#3800=CARTESIAN_POINT('',(229.061917656739,5.87677327806764,7.18049844130045));
#3801=CARTESIAN_POINT('',(229.047235041334,5.69283947104462,7.19076854508923));
#3802=CARTESIAN_POINT('',(229.063226671957,5.5141968132299,7.20188537607062));
#3803=CARTESIAN_POINT('',(229.079216215449,5.33557747078198,7.21300075614999));
#3804=CARTESIAN_POINT('',(229.126301870397,5.15727380385851,7.22450659995335));
#3805=CARTESIAN_POINT('',(229.200606369378,4.99402537891995,7.23513109326318));
#3806=CARTESIAN_POINT('',(229.274938699908,4.83071580753069,7.24575956609107));
#3807=CARTESIAN_POINT('',(229.37857405459,4.67797979894734,7.25584502974919));
#3808=CARTESIAN_POINT('',(229.502862257666,4.54856616293617,7.26646714320388));
#3809=CARTESIAN_POINT('',(229.627107981276,4.41919675817305,7.27708562621166));
#3810=CARTESIAN_POINT('',(229.775392176186,4.30956336022306,7.28877102991121));
#3811=CARTESIAN_POINT('',(229.935483574736,4.22870007378079,7.29963693629736));
#3812=CARTESIAN_POINT('',(230.0956223958,4.14781283389439,7.31050606139861));
#3813=CARTESIAN_POINT('',(230.272002316555,4.09349593264117,7.32083453791339));
#3814=CARTESIAN_POINT('',(230.449939715855,4.07028991869136,7.33108579711741));
#3815=CARTESIAN_POINT('',(230.627820685779,4.04709126407652,7.34133380533442));
#3816=CARTESIAN_POINT('',(230.812115320939,4.05433945961294,7.35256700245218));
#3817=CARTESIAN_POINT('',(230.987573689628,4.0914071402242,7.36375568513406));
#3818=CARTESIAN_POINT('',(231.163056759347,4.12848003922359,7.3749459429587));
#3819=CARTESIAN_POINT('',(231.3345738846,4.19641482892261,7.38590602635452));
#3820=CARTESIAN_POINT('',(231.487884246321,4.28959818555623,7.39623678158742));
#3821=CARTESIAN_POINT('',(231.641198033122,4.38278362398261,7.40656776761787));
#3822=CARTESIAN_POINT('',(231.780508476437,4.50378289592969,7.41693260066551));
#3823=CARTESIAN_POINT('',(231.894222101654,4.64249691677599,7.42802333062499));
#3824=CARTESIAN_POINT('',(232.007921617069,4.78119372572352,7.43911268442566));
#3825=CARTESIAN_POINT('',(232.099206715506,4.94145474052385,7.45047045908012));
#3826=CARTESIAN_POINT('',(232.16051208802,5.11003334221774,7.46097116082917));
#3827=CARTESIAN_POINT('',(232.221832812307,5.27865415848717,7.47147449210927));
#3828=CARTESIAN_POINT('',(232.254832878481,5.46024822518378,7.48146404180431));
#3829=CARTESIAN_POINT('',(232.256761778402,5.63965253629359,7.4921365942028));
#3830=CARTESIAN_POINT('',(232.258690077494,5.8190009651574,7.50280582223191));
#3831=CARTESIAN_POINT('',(232.22964200059,6.00109621014614,7.51457473991595));
#3832=CARTESIAN_POINT('',(232.172019642359,6.17092995623179,7.52550964834911));
#3833=CARTESIAN_POINT('',(232.13752437928,6.27259986233612,7.53205576264785));
#3834=CARTESIAN_POINT('',(232.092514889633,6.37128381808791,7.53843170165046));
#3835=CARTESIAN_POINT('',(232.038343767622,6.4640015169085,7.54463351267467));
#3836=CARTESIAN_POINT('',(232.038343767622,6.4640015169085,7.54463351267467));
#3837=CARTESIAN_POINT('',(232.038343767622,6.4640015169085,0.));
#3838=CARTESIAN_POINT('',(232.038343767622,6.46400151690852,7.85632498202219));
#3839=CARTESIAN_POINT('',(232.038343767622,6.46400151690852,7.85632498202219));
#3840=CARTESIAN_POINT('',(232.128825748927,6.30913521951884,7.84530031206283));
#3841=CARTESIAN_POINT('',(232.193790357858,6.13645325792478,7.83469865212324));
#3842=CARTESIAN_POINT('',(232.227816005962,5.96029973011368,7.8244862935966));
#3843=CARTESIAN_POINT('',(232.261839297423,5.78415840283296,7.81427464238585));
#3844=CARTESIAN_POINT('',(232.265859628454,5.59972485445791,7.80355650676956));
#3845=CARTESIAN_POINT('',(232.239572036384,5.42232406581661,7.79235150560608));
#3846=CARTESIAN_POINT('',(232.213284325107,5.24492247271453,7.7811464536312));
#3847=CARTESIAN_POINT('',(232.15596239288,5.06961214402268,7.76988856750159));
#3848=CARTESIAN_POINT('',(232.072331676984,4.91091614732806,7.75942882654135));
#3849=CARTESIAN_POINT('',(231.988682382684,4.75218489661917,7.74896676196952));
#3850=CARTESIAN_POINT('',(231.876397048787,4.60571269694193,7.73888917285988));
#3851=CARTESIAN_POINT('',(231.744861962877,4.48372202522501,7.72797741899954));
#3852=CARTESIAN_POINT('',(231.613360441209,4.36176248227064,7.71706844952745));
#3853=CARTESIAN_POINT('',(231.458986072644,4.26087571178655,7.70549164622533));
#3854=CARTESIAN_POINT('',(231.294480108665,4.1893961534248,7.69480303147545));
#3855=CARTESIAN_POINT('',(231.129918722639,4.11789251360546,7.68411081573211));
#3856=CARTESIAN_POINT('',(230.950675149589,4.07386063326681,7.67398866456989));
#3857=CARTESIAN_POINT('',(230.771695750268,4.06098099960704,7.66359475235945));
#3858=CARTESIAN_POINT('',(230.592781764834,4.04810607323152,7.6532046389449));
#3859=CARTESIAN_POINT('',(230.409241288192,4.06599011501887,7.6415868824628));
#3860=CARTESIAN_POINT('',(230.236215167115,4.11313705959747,7.63049366779774));
#3861=CARTESIAN_POINT('',(230.063144022675,4.16029627234701,7.61939756655212));
#3862=CARTESIAN_POINT('',(229.895807228835,4.23805102471134,7.60872383435481));
#3863=CARTESIAN_POINT('',(229.748125615839,4.33995931428316,7.59844874080012));
#3864=CARTESIAN_POINT('',(229.600467715294,4.44185124098366,7.58817529706248));
#3865=CARTESIAN_POINT('',(229.468417260851,4.57067574694425,7.57737897958811));
#3866=CARTESIAN_POINT('',(229.362921996774,4.71571699840889,7.56623678063571));
#3867=CARTESIAN_POINT('',(229.257425790416,4.86075954537999,7.55509448216135));
#3868=CARTESIAN_POINT('',(229.175545526265,5.02605450345519,7.54399826882819));
#3869=CARTESIAN_POINT('',(229.124087327908,5.19791464115907,7.53364995044157));
#3870=CARTESIAN_POINT('',(229.072624198682,5.36979124698143,7.52330064045018));
#3871=CARTESIAN_POINT('',(229.050185574834,5.55296773787352,7.513252448832));
#3872=CARTESIAN_POINT('',(229.058626816293,5.73214748802703,7.5022755597672));
#3873=CARTESIAN_POINT('',(229.067066200399,5.91128781270947,7.49130108598104));
#3874=CARTESIAN_POINT('',(229.106586002199,6.09140639950491,7.47965156969364));
#3875=CARTESIAN_POINT('',(229.173930583128,6.25763490808517,7.46889477830817));
#3876=CARTESIAN_POINT('',(229.24130399684,6.42393458542472,7.45813338153037));
#3877=CARTESIAN_POINT('',(229.338399794385,6.5809101217363,7.44794357173806));
#3878=CARTESIAN_POINT('',(229.457127957723,6.71546504900183,7.43749550982238));
#3879=CARTESIAN_POINT('',(229.575811857672,6.84996981245683,7.4270513430788));
#3880=CARTESIAN_POINT('',(229.71934594709,6.96576375882894,7.41545556008609));
#3881=CARTESIAN_POINT('',(229.875878195873,7.05330561050497,7.40447560497072));
#3882=CARTESIAN_POINT('',(230.032446805333,7.14086779716619,7.39349309933557));
#3883=CARTESIAN_POINT('',(230.206355632678,7.20257354930575,7.38297935739758));
#3884=CARTESIAN_POINT('',(230.383146292385,7.23326915497143,7.3727654519739));
#3885=CARTESIAN_POINT('',(230.559895982475,7.26395764721136,7.36255391352935));
#3886=CARTESIAN_POINT('',(230.744359309306,7.26449341735002,7.35167389376979));
#3887=CARTESIAN_POINT('',(230.921228655656,7.23486127525796,7.34046307323387));
#3888=CARTESIAN_POINT('',(231.098106481883,7.20522771247355,7.329251715203));
#3889=CARTESIAN_POINT('',(231.27231320107,7.14460135231298,7.31808343396275));
#3890=CARTESIAN_POINT('',(231.429406979496,7.05798317980635,7.30766974228774));
#3891=CARTESIAN_POINT('',(231.586526198046,6.97135098015632,7.29725436419588));
#3892=CARTESIAN_POINT('',(231.730842591396,6.85632434198105,7.2871156253258));
#3893=CARTESIAN_POINT('',(231.850320941784,6.72251707346168,7.27613356566024));
#3894=CARTESIAN_POINT('',(231.969773255312,6.58873896437617,7.26515389921774));
#3895=CARTESIAN_POINT('',(232.067730397358,6.43248399678763,7.2536366069232));
#3896=CARTESIAN_POINT('',(232.136092103177,6.26665370195714,7.24300734321681));
#3897=CARTESIAN_POINT('',(232.204475876617,6.10076987598519,7.23237464831215));
#3898=CARTESIAN_POINT('',(232.245114043855,5.92072569454307,7.22230418852477));
#3899=CARTESIAN_POINT('',(232.254611469617,5.74154111706117,7.211838793813));
#3900=CARTESIAN_POINT('',(232.264105508685,5.56242043514543,7.20137713096438));
#3901=CARTESIAN_POINT('',(232.242761215394,5.37925595958739,7.18967812433393));
#3902=CARTESIAN_POINT('',(232.192355693514,5.2071484396511,7.17862883463905));
#3903=CARTESIAN_POINT('',(232.141935136464,5.03498958275911,7.16757624911552));
#3904=CARTESIAN_POINT('',(232.061028015475,4.86914013045735,7.15699213502486));
#3905=CARTESIAN_POINT('',(231.956343673514,4.72340514169154,7.14671761196599));
#3906=CARTESIAN_POINT('',(231.851681793475,4.57770142300748,7.13644529349215));
#3907=CARTESIAN_POINT('',(231.720395063896,4.44811685400081,7.12549756950356));
#3908=CARTESIAN_POINT('',(231.573389999623,4.34538094868457,7.11435987964396));
#3909=CARTESIAN_POINT('',(231.426377639094,4.24263994430976,7.10322163699092));
#3910=CARTESIAN_POINT('',(231.259556302773,4.1638919636086,7.09221742340257));
#3911=CARTESIAN_POINT('',(231.086748310175,4.11568875007653,7.08190934516976));
#3912=CARTESIAN_POINT('',(230.9139333947,4.06748360547127,7.07160085398412));
#3913=CARTESIAN_POINT('',(230.730376852829,4.04851119984894,7.06146855218501));
#3914=CARTESIAN_POINT('',(230.551398707832,4.06033330420752,7.05042059175398));
#3915=CARTESIAN_POINT('',(230.372453104619,4.07215325907262,7.03937464006167));
#3916=CARTESIAN_POINT('',(230.193107850151,4.11506694173955,7.02778465819071));
#3917=CARTESIAN_POINT('',(230.028176604655,4.18554040843676,7.01708755382247));
#3918=CARTESIAN_POINT('',(229.863177381286,4.25604292139693,7.006386040548));
#3919=CARTESIAN_POINT('',(229.708063266739,4.35608720130225,6.99624861874623));
#3920=CARTESIAN_POINT('',(229.575778628362,4.47733082819059,6.98573064265579));
#3921=CARTESIAN_POINT('',(229.443542148132,4.5985303164072,6.97521649562842));
#3922=CARTESIAN_POINT('',(229.330480533753,4.74422090433445,6.96356162843546));
#3923=CARTESIAN_POINT('',(229.245908139067,4.90238021185049,6.95263032300117));
#3924=CARTESIAN_POINT('',(229.161313592215,5.06058094625371,6.94169615431486));
#3925=CARTESIAN_POINT('',(229.102900443724,5.23563423253478,6.93126812162383));
#3926=CARTESIAN_POINT('',(229.075549668633,5.41297759510958,6.92104400209495));
#3927=CARTESIAN_POINT('',(229.048206361072,5.59027253796197,6.91082267403806));
#3928=CARTESIAN_POINT('',(229.051154304682,5.77470045535713,6.8997812097214));
#3929=CARTESIAN_POINT('',(229.084120312675,5.95097661175594,6.88857461438811));
#3930=CARTESIAN_POINT('',(229.117089295698,6.12726867626859,6.87736700771104));
#3931=CARTESIAN_POINT('',(229.180999082134,6.30031006410639,6.86629092373166));
#3932=CARTESIAN_POINT('',(229.27057407086,6.45574552265266,6.85591807839616));
#3933=CARTESIAN_POINT('',(229.36015799549,6.61119648727213,6.84554419827682));
#3934=CARTESIAN_POINT('',(229.477883411966,6.75330480046748,6.83531768939178));
#3935=CARTESIAN_POINT('',(229.613915506005,6.87022920280774,6.82427899061358));
#3936=CARTESIAN_POINT('',(229.749923485212,6.98713287759635,6.81324224869977));
#3937=CARTESIAN_POINT('',(229.908004706131,7.08212582753878,6.80179219216815));
#3938=CARTESIAN_POINT('',(230.075100940073,7.14734513741498,6.79122150245484));
#3939=CARTESIAN_POINT('',(230.242246727593,7.21258378854184,6.78064767792825));
#3940=CARTESIAN_POINT('',(230.423025203802,7.24981321942352,6.7706196843367));
#3941=CARTESIAN_POINT('',(230.602348770061,7.25592559021234,6.7600698426633));
#3942=CARTESIAN_POINT('',(230.65792114014,7.25781981381399,6.75680044691132));
#3943=CARTESIAN_POINT('',(230.713661829542,7.2568116580389,6.75342856147456));
#3944=CARTESIAN_POINT('',(230.769119862544,7.25291077484668,6.75));
#3945=CARTESIAN_POINT('',(230.656854249492,5.65685424949237,7.95));
#3946=CARTESIAN_POINT('',(232.256854249492,5.65685424949237,7.95));
#3947=CARTESIAN_POINT('',(230.656854249492,5.65685424949237,0.));
#3948=CARTESIAN_POINT('',(230.656854249492,5.65685424949237,6.35));
#3949=CARTESIAN_POINT('',(241.230731923047,15.6563896723337,0.));
#3950=CARTESIAN_POINT('',(241.230731923047,15.6563896723337,7.54463351267467));
#3951=CARTESIAN_POINT('',(241.230731923047,15.6563896723337,7.8563249820222));
#3952=CARTESIAN_POINT('',(241.230731923047,15.6563896723337,7.8563249820222));
#3953=CARTESIAN_POINT('',(241.321213904352,15.5015233749441,7.84530031206285));
#3954=CARTESIAN_POINT('',(241.386178513283,15.32884141335,7.83469865212326));
#3955=CARTESIAN_POINT('',(241.420204161387,15.1526878855389,7.82448629359661));
#3956=CARTESIAN_POINT('',(241.454227452847,14.9765465582581,7.81427464238585));
#3957=CARTESIAN_POINT('',(241.45824778388,14.7921130098831,7.80355650676952));
#3958=CARTESIAN_POINT('',(241.431960191809,14.6147122212418,7.79235150560605));
#3959=CARTESIAN_POINT('',(241.405672480532,14.4373106281397,7.78114645363116));
#3960=CARTESIAN_POINT('',(241.348350548305,14.2620002994479,7.76988856750158));
#3961=CARTESIAN_POINT('',(241.264719832409,14.1033043027533,7.75942882654134));
#3962=CARTESIAN_POINT('',(241.181070538109,13.9445730520444,7.7489667619695));
#3963=CARTESIAN_POINT('',(241.068785204212,13.7981008523672,7.73888917285988));
#3964=CARTESIAN_POINT('',(240.937250118302,13.6761101806502,7.72797741899953));
#3965=CARTESIAN_POINT('',(240.805748596634,13.5541506376959,7.71706844952745));
#3966=CARTESIAN_POINT('',(240.651374228069,13.4532638672118,7.70549164622531));
#3967=CARTESIAN_POINT('',(240.48686826409,13.38178430885,7.69480303147544));
#3968=CARTESIAN_POINT('',(240.322306878064,13.3102806690307,7.68411081573211));
#3969=CARTESIAN_POINT('',(240.143063305014,13.266248788692,7.67398866456989));
#3970=CARTESIAN_POINT('',(239.964083905693,13.2533691550323,7.66359475235945));
#3971=CARTESIAN_POINT('',(239.785169920259,13.2404942286568,7.65320463894489));
#3972=CARTESIAN_POINT('',(239.601629443617,13.2583782704441,7.64158688246278));
#3973=CARTESIAN_POINT('',(239.42860332254,13.3055252150227,7.63049366779773));
#3974=CARTESIAN_POINT('',(239.255532178099,13.3526844277723,7.61939756655211));
#3975=CARTESIAN_POINT('',(239.08819538426,13.4304391801366,7.60872383435481));
#3976=CARTESIAN_POINT('',(238.940513771264,13.5323474697084,7.59844874080011));
#3977=CARTESIAN_POINT('',(238.792855870719,13.6342393964089,7.58817529706247));
#3978=CARTESIAN_POINT('',(238.660805416276,13.7630639023695,7.57737897958812));
#3979=CARTESIAN_POINT('',(238.555310152199,13.9081051538342,7.56623678063573));
#3980=CARTESIAN_POINT('',(238.449813945841,14.0531477008053,7.55509448216137));
#3981=CARTESIAN_POINT('',(238.36793368169,14.2184426588804,7.54399826882815));
#3982=CARTESIAN_POINT('',(238.316475483333,14.3903027965843,7.53364995044155));
#3983=CARTESIAN_POINT('',(238.265012354107,14.5621794024067,7.52330064045018));
#3984=CARTESIAN_POINT('',(238.242573730259,14.7453558932988,7.51325244883202));
#3985=CARTESIAN_POINT('',(238.251014971718,14.9245356434523,7.50227555976722));
#3986=CARTESIAN_POINT('',(238.259454355824,15.1036759681347,7.49130108598105));
#3987=CARTESIAN_POINT('',(238.298974157624,15.2837945549302,7.47965156969366));
#3988=CARTESIAN_POINT('',(238.366318738554,15.4500230635104,7.46889477830819));
#3989=CARTESIAN_POINT('',(238.433692152265,15.61632274085,7.45813338153041));
#3990=CARTESIAN_POINT('',(238.53078794981,15.7732982771615,7.44794357173808));
#3991=CARTESIAN_POINT('',(238.649516113148,15.907853204427,7.4374955098224));
#3992=CARTESIAN_POINT('',(238.768200013097,16.042357967882,7.42705134307883));
#3993=CARTESIAN_POINT('',(238.911734102515,16.1581519142542,7.41545556008609));
#3994=CARTESIAN_POINT('',(239.068266351298,16.2456937659302,7.40447560497072));
#3995=CARTESIAN_POINT('',(239.224834960758,16.3332559525914,7.39349309933556));
#3996=CARTESIAN_POINT('',(239.398743788103,16.394961704731,7.38297935739758));
#3997=CARTESIAN_POINT('',(239.57553444781,16.4256573103967,7.3727654519739));
#3998=CARTESIAN_POINT('',(239.7522841379,16.4563458026366,7.36255391352934));
#3999=CARTESIAN_POINT('',(239.936747464731,16.4568815727753,7.35167389376979));
#4000=CARTESIAN_POINT('',(240.113616811081,16.4272494306832,7.34046307323387));
#4001=CARTESIAN_POINT('',(240.290494637308,16.3976158678988,7.32925171520299));
#4002=CARTESIAN_POINT('',(240.464701356495,16.3369895077382,7.31808343396273));
#4003=CARTESIAN_POINT('',(240.621795134921,16.2503713352316,7.30766974228773));
#4004=CARTESIAN_POINT('',(240.778914353471,16.1637391355816,7.29725436419587));
#4005=CARTESIAN_POINT('',(240.923230746821,16.0487124974062,7.28711562532581));
#4006=CARTESIAN_POINT('',(241.042709097209,15.9149052288868,7.27613356566024));
#4007=CARTESIAN_POINT('',(241.162161410737,15.7811271198013,7.26515389921774));
#4008=CARTESIAN_POINT('',(241.260118552783,15.6248721522129,7.25363660692316));
#4009=CARTESIAN_POINT('',(241.328480258602,15.4590418573824,7.24300734321677));
#4010=CARTESIAN_POINT('',(241.396864032042,15.2931580314104,7.23237464831213));
#4011=CARTESIAN_POINT('',(241.43750219928,15.1131138499683,7.22230418852471));
#4012=CARTESIAN_POINT('',(241.446999625042,14.9339292724864,7.21183879381295));
#4013=CARTESIAN_POINT('',(241.45649366411,14.7548085905706,7.20137713096433));
#4014=CARTESIAN_POINT('',(241.435149370819,14.5716441150126,7.18967812433389));
#4015=CARTESIAN_POINT('',(241.38474384894,14.3995365950763,7.17862883463903));
#4016=CARTESIAN_POINT('',(241.334323291889,14.2273777381843,7.16757624911551));
#4017=CARTESIAN_POINT('',(241.2534161709,14.0615282858825,7.15699213502483));
#4018=CARTESIAN_POINT('',(241.148731828939,13.9157932971167,7.14671761196596));
#4019=CARTESIAN_POINT('',(241.0440699489,13.7700895784326,7.13644529349212));
#4020=CARTESIAN_POINT('',(240.912783219321,13.640505009426,7.12549756950356));
#4021=CARTESIAN_POINT('',(240.765778155048,13.5377691041098,7.11435987964394));
#4022=CARTESIAN_POINT('',(240.618765794519,13.435028099735,7.1032216369909));
#4023=CARTESIAN_POINT('',(240.451944458198,13.3562801190338,7.09221742340256));
#4024=CARTESIAN_POINT('',(240.2791364656,13.3080769055018,7.08190934516976));
#4025=CARTESIAN_POINT('',(240.106321550125,13.2598717608965,7.07160085398413));
#4026=CARTESIAN_POINT('',(239.922765008254,13.2408993552742,7.06146855218501));
#4027=CARTESIAN_POINT('',(239.743786863257,13.2527214596328,7.05042059175398));
#4028=CARTESIAN_POINT('',(239.564841260044,13.2645414144979,7.03937464006167));
#4029=CARTESIAN_POINT('',(239.385496005576,13.3074550971647,7.0277846581907));
#4030=CARTESIAN_POINT('',(239.22056476008,13.377928563862,7.01708755382246));
#4031=CARTESIAN_POINT('',(239.055565536711,13.4484310768221,7.00638604054799));
#4032=CARTESIAN_POINT('',(238.900451422163,13.5484753567275,6.99624861874623));
#4033=CARTESIAN_POINT('',(238.768166783787,13.6697189836158,6.98573064265578));
#4034=CARTESIAN_POINT('',(238.635930303557,13.7909184718324,6.97521649562841));
#4035=CARTESIAN_POINT('',(238.522868689178,13.9366090597597,6.96356162843546));
#4036=CARTESIAN_POINT('',(238.438296294492,14.0947683672757,6.95263032300117));
#4037=CARTESIAN_POINT('',(238.35370174764,14.252969101679,6.94169615431486));
#4038=CARTESIAN_POINT('',(238.295288599149,14.4280223879601,6.93126812162385));
#4039=CARTESIAN_POINT('',(238.267937824058,14.6053657505348,6.92104400209498));
#4040=CARTESIAN_POINT('',(238.240594516497,14.7826606933872,6.91082267403809));
#4041=CARTESIAN_POINT('',(238.243542460108,14.9670886107824,6.89978120972139));
#4042=CARTESIAN_POINT('',(238.2765084681,15.1433647671812,6.88857461438811));
#4043=CARTESIAN_POINT('',(238.309477451123,15.3196568316938,6.87736700771105));
#4044=CARTESIAN_POINT('',(238.373387237559,15.4926982195317,6.86629092373165));
#4045=CARTESIAN_POINT('',(238.462962226285,15.6481336780779,6.85591807839616));
#4046=CARTESIAN_POINT('',(238.552546150915,15.8035846426974,6.84554419827683));
#4047=CARTESIAN_POINT('',(238.670271567391,15.9456929558927,6.83531768939177));
#4048=CARTESIAN_POINT('',(238.80630366143,16.062617358233,6.82427899061357));
#4049=CARTESIAN_POINT('',(238.942311640637,16.1795210330216,6.81324224869975));
#4050=CARTESIAN_POINT('',(239.100392861556,16.274513982964,6.80179219216814));
#4051=CARTESIAN_POINT('',(239.267489095498,16.3397332928402,6.79122150245484));
#4052=CARTESIAN_POINT('',(239.434634883018,16.4049719439671,6.78064767792824));
#4053=CARTESIAN_POINT('',(239.615413359227,16.4422013748488,6.7706196843367));
#4054=CARTESIAN_POINT('',(239.794736925486,16.4483137456376,6.7600698426633));
#4055=CARTESIAN_POINT('',(239.850309295565,16.4502079692392,6.75680044691132));
#4056=CARTESIAN_POINT('',(239.906049984967,16.4491998134641,6.75342856147455));
#4057=CARTESIAN_POINT('',(239.961508017969,16.4452989302719,6.75));
#4058=CARTESIAN_POINT('',(239.961508017991,16.4452989302681,6.75));
#4059=CARTESIAN_POINT('',(239.849242404917,14.8492424049176,6.75));
#4060=CARTESIAN_POINT('',(239.961506167159,13.2531857493795,6.75));
#4061=CARTESIAN_POINT('',(239.961506167159,13.2531857493795,6.75));
#4062=CARTESIAN_POINT('',(240.140490876762,13.2657752128012,6.76106584664885));
#4063=CARTESIAN_POINT('',(240.319745908567,13.3094928537592,6.77264734144709));
#4064=CARTESIAN_POINT('',(240.484447994419,13.3807350474061,6.78333596078922));
#4065=CARTESIAN_POINT('',(240.649132619703,13.451969688452,6.79402344699839));
#4066=CARTESIAN_POINT('',(240.803800686254,13.5527019709849,6.80414984952959));
#4067=CARTESIAN_POINT('',(240.935544408138,13.6745305433116,6.81468611833473));
#4068=CARTESIAN_POINT('',(241.067240618505,13.7963151798799,6.82521858738296));
#4069=CARTESIAN_POINT('',(241.17965410136,13.9425055025923,6.83688307859656));
#4070=CARTESIAN_POINT('',(241.263523869912,14.1010392655423,6.84780234420037));
#4071=CARTESIAN_POINT('',(241.347416173272,14.2596156246265,6.85872454368081));
#4072=CARTESIAN_POINT('',(241.405051964288,14.4349289037802,6.86913304157716));
#4073=CARTESIAN_POINT('',(241.431614777148,14.6123929261307,6.87936106235583));
#4074=CARTESIAN_POINT('',(241.458170097617,14.7898068924252,6.88958619818702));
#4075=CARTESIAN_POINT('',(241.454403224657,14.9742170500811,6.9006650458328));
#4076=CARTESIAN_POINT('',(241.42065494384,15.1503447671052,6.91186927370015));
#4077=CARTESIAN_POINT('',(241.386903287878,15.3264900985559,6.92307462209556));
#4078=CARTESIAN_POINT('',(241.322224596876,15.4992485278656,6.93412875613577));
#4079=CARTESIAN_POINT('',(241.231958896715,15.6542859461677,6.94449283860426));
#4080=CARTESIAN_POINT('',(241.141685522909,15.8093365444725,6.95485780214157));
#4081=CARTESIAN_POINT('',(241.023331751787,15.9509181754545,6.96510831976345));
#4082=CARTESIAN_POINT('',(240.886783438535,16.0672360845231,6.97615841931333));
#4083=CARTESIAN_POINT('',(240.750257975691,16.1835345286002,6.98720666970605));
#4084=CARTESIAN_POINT('',(240.591755283603,16.27782553728,6.99863989831479));
#4085=CARTESIAN_POINT('',(240.424369901797,16.3423024714695,7.00919702157433));
#4086=CARTESIAN_POINT('',(240.256936172971,16.4067980289563,7.01975719411725));
#4087=CARTESIAN_POINT('',(240.075994651907,16.4432238687582,7.02977663510302));
#4088=CARTESIAN_POINT('',(239.896647983082,16.4485399729639,7.04034825493598));
#4089=CARTESIAN_POINT('',(239.717361339407,16.4538542979341,7.05091633657627));
#4090=CARTESIAN_POINT('',(239.534748751047,16.428247351888,7.06267496308211));
#4091=CARTESIAN_POINT('',(239.363860071254,16.3738420212655,7.07366341694084));
#4092=CARTESIAN_POINT('',(239.192912513635,16.319417945881,7.08465565675124));
#4093=CARTESIAN_POINT('',(239.028982470467,16.2346570310315,7.09513404343067));
#4094=CARTESIAN_POINT('',(238.885724273616,16.126596236342,7.10542143667511));
#4095=CARTESIAN_POINT('',(238.74250550172,16.0185651802089,7.11570599880744));
#4096=CARTESIAN_POINT('',(238.61602871704,15.8843020429385,7.1268365044298));
#4097=CARTESIAN_POINT('',(238.516750301061,15.7349425760592,7.13795602352597));
#4098=CARTESIAN_POINT('',(238.417462256574,15.585568623568,7.14907662104749));
#4099=CARTESIAN_POINT('',(238.342622199309,15.416943479286,7.15996511707665));
#4100=CARTESIAN_POINT('',(238.298463374755,15.2430499716417,7.17023192588999));
#4101=CARTESIAN_POINT('',(238.254305812164,15.069161433493,7.18049844130042));
#4102=CARTESIAN_POINT('',(238.239623196759,14.88522762647,7.19076854508928));
#4103=CARTESIAN_POINT('',(238.255614827382,14.7065849686552,7.20188537607066));
#4104=CARTESIAN_POINT('',(238.271604370874,14.5279656262073,7.21300075615003));
#4105=CARTESIAN_POINT('',(238.318690025822,14.3496619592838,7.22450659995336));
#4106=CARTESIAN_POINT('',(238.392994524803,14.1864135343452,7.23513109326319));
#4107=CARTESIAN_POINT('',(238.467326855333,14.023103962956,7.24575956609108));
#4108=CARTESIAN_POINT('',(238.570962210015,13.8703679543727,7.25584502974919));
#4109=CARTESIAN_POINT('',(238.695250413091,13.7409543183615,7.26646714320389));
#4110=CARTESIAN_POINT('',(238.819496136701,13.6115849135984,7.27708562621168));
#4111=CARTESIAN_POINT('',(238.967780331611,13.5019515156484,7.2887710299112));
#4112=CARTESIAN_POINT('',(239.127871730161,13.4210882292061,7.29963693629735));
#4113=CARTESIAN_POINT('',(239.288010551225,13.3402009893197,7.3105060613986));
#4114=CARTESIAN_POINT('',(239.46439047198,13.2858840880664,7.32083453791338));
#4115=CARTESIAN_POINT('',(239.64232787128,13.2626780741166,7.33108579711741));
#4116=CARTESIAN_POINT('',(239.820208841204,13.2394794195018,7.34133380533441));
#4117=CARTESIAN_POINT('',(240.004503476364,13.2467276150382,7.35256700245218));
#4118=CARTESIAN_POINT('',(240.179961845053,13.2837952956494,7.36375568513405));
#4119=CARTESIAN_POINT('',(240.355444914772,13.3208681946488,7.3749459429587));
#4120=CARTESIAN_POINT('',(240.526962040025,13.3888029843478,7.38590602635451));
#4121=CARTESIAN_POINT('',(240.680272401746,13.4819863409814,7.39623678158741));
#4122=CARTESIAN_POINT('',(240.833586188547,13.5751717794078,7.40656776761787));
#4123=CARTESIAN_POINT('',(240.972896631862,13.6961710513548,7.4169326006655));
#4124=CARTESIAN_POINT('',(241.086610257079,13.8348850722011,7.42802333062499));
#4125=CARTESIAN_POINT('',(241.200309772494,13.9735818811486,7.43911268442566));
#4126=CARTESIAN_POINT('',(241.291594870931,14.133842895949,7.45047045908014));
#4127=CARTESIAN_POINT('',(241.352900243445,14.3024214976429,7.46097116082919));
#4128=CARTESIAN_POINT('',(241.414220967732,14.4710423139123,7.47147449210928));
#4129=CARTESIAN_POINT('',(241.447221033906,14.6526363806089,7.48146404180434));
#4130=CARTESIAN_POINT('',(241.449149933827,14.8320406917187,7.49213659420281));
#4131=CARTESIAN_POINT('',(241.45107823292,15.0113891205825,7.5028058222319));
#4132=CARTESIAN_POINT('',(241.422030156015,15.1934843655712,7.51457473991594));
#4133=CARTESIAN_POINT('',(241.364407797784,15.3633181116569,7.5255096483491));
#4134=CARTESIAN_POINT('',(241.329912534705,15.4649880177613,7.53205576264783));
#4135=CARTESIAN_POINT('',(241.284903045058,15.5636719735131,7.53843170165047));
#4136=CARTESIAN_POINT('',(241.230731923047,15.6563896723337,7.54463351267467));
#4137=CARTESIAN_POINT('',(239.849242404917,14.8492424049176,7.95));
#4138=CARTESIAN_POINT('',(241.449242404917,14.8492424049176,7.95));
#4139=CARTESIAN_POINT('',(239.849242404917,14.8492424049176,0.));
#4140=CARTESIAN_POINT('',(239.849242404917,14.8492424049176,6.35));
#4141=CARTESIAN_POINT('',(210.150757595082,14.8492424049174,6.75));
#4142=CARTESIAN_POINT('',(211.750757595082,14.8492424049174,6.75));
#4143=CARTESIAN_POINT('',(210.150757595082,14.8492424049174,7.95));
#4144=CARTESIAN_POINT('',(210.03849383284,16.4452990604555,7.95));
#4145=CARTESIAN_POINT('',(210.03849383284,13.2531857493793,7.95));
#4146=CARTESIAN_POINT('',(210.03849383284,13.2531857493793,7.95));
#4147=CARTESIAN_POINT('',(209.85950912327,13.2657752127873,7.93893415335342));
#4148=CARTESIAN_POINT('',(209.680254091499,13.3094928537424,7.92735265855715));
#4149=CARTESIAN_POINT('',(209.515552005673,13.3807350473656,7.9166640392168));
#4150=CARTESIAN_POINT('',(209.350867380384,13.4519696884011,7.90597655300742));
#4151=CARTESIAN_POINT('',(209.196199313828,13.5527019709242,7.89585015047612));
#4152=CARTESIAN_POINT('',(209.064455591936,13.6745305432425,7.88531388167124));
#4153=CARTESIAN_POINT('',(208.932759381561,13.7963151798025,7.87478141262327));
#4154=CARTESIAN_POINT('',(208.820345898696,13.9425055025077,7.86311692140976));
#4155=CARTESIAN_POINT('',(208.736476130134,14.1010392654524,7.85219765580578));
#4156=CARTESIAN_POINT('',(208.652583826764,14.2596156245312,7.84127545632518));
#4157=CARTESIAN_POINT('',(208.594948035737,14.4349289036812,7.83086695842855));
#4158=CARTESIAN_POINT('',(208.568385222867,14.6123929260301,7.82063893764995));
#4159=CARTESIAN_POINT('',(208.541829902386,14.7898068923229,7.81041380181882));
#4160=CARTESIAN_POINT('',(208.545596775334,14.9742170499791,7.79933495417358));
#4161=CARTESIAN_POINT('',(208.57934505614,15.1503447670054,7.78813072630619));
#4162=CARTESIAN_POINT('',(208.61309671209,15.3264900984582,7.77692537791074));
#4163=CARTESIAN_POINT('',(208.677775403081,15.499248527772,7.76587124387019));
#4164=CARTESIAN_POINT('',(208.768041103232,15.6542859460797,7.75550716140159));
#4165=CARTESIAN_POINT('',(208.858314477029,15.8093365443903,7.74514219786417));
#4166=CARTESIAN_POINT('',(208.976668248142,15.9509181753798,7.73489168024264));
#4167=CARTESIAN_POINT('',(209.113216561387,16.0672360844571,7.72384158069293));
#4168=CARTESIAN_POINT('',(209.249742024223,16.1835345285429,7.71279333030037));
#4169=CARTESIAN_POINT('',(209.408244716306,16.2778255372327,7.70136010169138));
#4170=CARTESIAN_POINT('',(209.575630098107,16.3423024714328,7.69080297843165));
#4171=CARTESIAN_POINT('',(209.74306382693,16.4067980289302,7.68024280588853));
#4172=CARTESIAN_POINT('',(209.924005347991,16.4432238687436,7.67022336490264));
#4173=CARTESIAN_POINT('',(210.103352016816,16.4485399729607,7.65965174507));
#4174=CARTESIAN_POINT('',(210.28263866049,16.4538542979423,7.64908366343003));
#4175=CARTESIAN_POINT('',(210.465251248852,16.4282473519077,7.63732503692428));
#4176=CARTESIAN_POINT('',(210.636139928648,16.3738420212961,7.62633658306538));
#4177=CARTESIAN_POINT('',(210.807087486271,16.3194179459224,7.61534434325481));
#4178=CARTESIAN_POINT('',(210.971017529444,16.2346570310833,7.60486595657512));
#4179=CARTESIAN_POINT('',(211.114275726302,16.126596236403,7.59457856333073));
#4180=CARTESIAN_POINT('',(211.257494498205,16.0185651802789,7.58429400119843));
#4181=CARTESIAN_POINT('',(211.383971282893,15.8843020430166,7.57316349557657));
#4182=CARTESIAN_POINT('',(211.483249698882,15.7349425761435,7.56204397648034));
#4183=CARTESIAN_POINT('',(211.582537743378,15.5855686236587,7.55092337895873));
#4184=CARTESIAN_POINT('',(211.657377800655,15.4169434793814,7.54003488292924));
#4185=CARTESIAN_POINT('',(211.701536625219,15.2430499717399,7.52976807411581));
#4186=CARTESIAN_POINT('',(211.745694187822,15.069161433594,7.51950155870528));
#4187=CARTESIAN_POINT('',(211.760376803238,14.8852276265719,7.50923145491687));
#4188=CARTESIAN_POINT('',(211.744385172626,14.7065849687561,7.49811462393565));
#4189=CARTESIAN_POINT('',(211.728395629145,14.5279656263072,7.48699924385644));
#4190=CARTESIAN_POINT('',(211.681309974209,14.3496619593808,7.47549340005287));
#4191=CARTESIAN_POINT('',(211.607005475238,14.1864135344375,7.46486890674286));
#4192=CARTESIAN_POINT('',(211.532673144719,14.0231039630435,7.45424043391479));
#4193=CARTESIAN_POINT('',(211.429037790047,13.8703679544535,7.44415497025652));
#4194=CARTESIAN_POINT('',(211.304749586978,13.7409543184345,7.43353285680215));
#4195=CARTESIAN_POINT('',(211.180503863377,13.6115849136634,7.42291437379468));
#4196=CARTESIAN_POINT('',(211.032219668473,13.5019515157041,7.41122897009513));
#4197=CARTESIAN_POINT('',(210.872128269929,13.4210882292516,7.4003630637088));
#4198=CARTESIAN_POINT('',(210.71198944887,13.3402009893551,7.38949393860736));
#4199=CARTESIAN_POINT('',(210.535609528119,13.2858840880906,7.37916546209232));
#4200=CARTESIAN_POINT('',(210.357672128819,13.2626780741295,7.36891420288839));
#4201=CARTESIAN_POINT('',(210.179791158897,13.2394794195034,7.35866619467149));
#4202=CARTESIAN_POINT('',(209.995496523737,13.2467276150281,7.34743299755421));
#4203=CARTESIAN_POINT('',(209.820038155045,13.2837952956282,7.33624431487227));
#4204=CARTESIAN_POINT('',(209.644555085324,13.3208681946165,7.32505405704756));
#4205=CARTESIAN_POINT('',(209.473037960067,13.3888029843046,7.31409397365144));
#4206=CARTESIAN_POINT('',(209.31972759834,13.4819863409285,7.30376321841844));
#4207=CARTESIAN_POINT('',(209.166413811533,13.5751717793451,7.29343223238787));
#4208=CARTESIAN_POINT('',(209.02710336821,13.6961710512833,7.28306739934067));
#4209=CARTESIAN_POINT('',(208.913389742984,13.8348850721224,7.2719766693813));
#4210=CARTESIAN_POINT('',(208.799690227561,13.9735818810627,7.26088731558075));
#4211=CARTESIAN_POINT('',(208.708405129114,14.1338428958573,7.24952954092602));
#4212=CARTESIAN_POINT('',(208.647099756589,14.3024214975473,7.23902883917677));
#4213=CARTESIAN_POINT('',(208.585779032291,14.4710423138128,7.22852550789647));
#4214=CARTESIAN_POINT('',(208.552778966106,14.6526363805073,7.21853595820134));
#4215=CARTESIAN_POINT('',(208.550850066173,14.832040691617,7.20786340580322));
#4216=CARTESIAN_POINT('',(208.548921767069,15.0113891204808,7.19719417777448));
#4217=CARTESIAN_POINT('',(208.577969843962,15.1934843654713,7.18542526009045));
#4218=CARTESIAN_POINT('',(208.635592202183,15.3633181115606,7.17449035165709));
#4219=CARTESIAN_POINT('',(208.670087465266,15.464988017699,7.16794423735618));
#4220=CARTESIAN_POINT('',(208.715096954924,15.5636719734839,7.16156829835148));
#4221=CARTESIAN_POINT('',(208.769268076952,15.6563896723335,7.15536648732533));
#4222=CARTESIAN_POINT('',(208.769268076952,15.6563896723335,7.15536648732533));
#4223=CARTESIAN_POINT('',(208.769268076952,15.6563896723335,0.));
#4224=CARTESIAN_POINT('',(208.769268076952,15.6563896723335,6.8436750179778));
#4225=CARTESIAN_POINT('',(208.769268076952,15.6563896723335,6.8436750179778));
#4226=CARTESIAN_POINT('',(208.678786095647,15.5015233749439,6.85469968793715));
#4227=CARTESIAN_POINT('',(208.613821486716,15.3288414133498,6.8653013478767));
#4228=CARTESIAN_POINT('',(208.579795838612,15.1526878855387,6.87551370640339));
#4229=CARTESIAN_POINT('',(208.545772547152,14.9765465582579,6.88572535761418));
#4230=CARTESIAN_POINT('',(208.54175221612,14.7921130098829,6.89644349323046));
#4231=CARTESIAN_POINT('',(208.56803980819,14.6147122212416,6.90764849439395));
#4232=CARTESIAN_POINT('',(208.594327519467,14.4373106281395,6.91885354636884));
#4233=CARTESIAN_POINT('',(208.651649451694,14.2620002994477,6.93011143249843));
#4234=CARTESIAN_POINT('',(208.73528016759,14.103304302753,6.94057117345867));
#4235=CARTESIAN_POINT('',(208.81892946189,13.9445730520442,6.9510332380305));
#4236=CARTESIAN_POINT('',(208.931214795787,13.7981008523669,6.96111082714015));
#4237=CARTESIAN_POINT('',(209.062749881697,13.6761101806499,6.9720225810005));
#4238=CARTESIAN_POINT('',(209.194251403365,13.5541506376956,6.98293155047259));
#4239=CARTESIAN_POINT('',(209.34862577193,13.4532638672116,6.99450835377468));
#4240=CARTESIAN_POINT('',(209.513131735909,13.3817843088498,7.00519696852455));
#4241=CARTESIAN_POINT('',(209.677693121935,13.3102806690305,7.0158891842679));
#4242=CARTESIAN_POINT('',(209.856936694985,13.2662487886918,7.02601133543011));
#4243=CARTESIAN_POINT('',(210.035916094306,13.2533691550321,7.03640524764055));
#4244=CARTESIAN_POINT('',(210.21483007974,13.2404942286565,7.04679536105511));
#4245=CARTESIAN_POINT('',(210.398370556382,13.2583782704439,7.05841311753721));
#4246=CARTESIAN_POINT('',(210.571396677459,13.3055252150225,7.06950633220227));
#4247=CARTESIAN_POINT('',(210.7444678219,13.3526844277721,7.08060243344789));
#4248=CARTESIAN_POINT('',(210.911804615739,13.4304391801364,7.09127616564519));
#4249=CARTESIAN_POINT('',(211.059486228735,13.5323474697082,7.10155125919989));
#4250=CARTESIAN_POINT('',(211.20714412928,13.6342393964087,7.11182470293753));
#4251=CARTESIAN_POINT('',(211.339194583724,13.7630639023693,7.12262102041192));
#4252=CARTESIAN_POINT('',(211.4446898478,13.9081051538339,7.13376321936431));
#4253=CARTESIAN_POINT('',(211.550186054158,14.053147700805,7.14490551783867));
#4254=CARTESIAN_POINT('',(211.632066318309,14.2184426588803,7.15600173117185));
#4255=CARTESIAN_POINT('',(211.683524516666,14.3903027965841,7.16635004955845));
#4256=CARTESIAN_POINT('',(211.734987645892,14.5621794024065,7.17669935954984));
#4257=CARTESIAN_POINT('',(211.75742626974,14.7453558932986,7.18674755116798));
#4258=CARTESIAN_POINT('',(211.748985028281,14.9245356434521,7.19772444023278));
#4259=CARTESIAN_POINT('',(211.740545644175,15.1036759681345,7.20869891401895));
#4260=CARTESIAN_POINT('',(211.701025842375,15.28379455493,7.22034843030635));
#4261=CARTESIAN_POINT('',(211.633681261445,15.4500230635102,7.23110522169181));
#4262=CARTESIAN_POINT('',(211.566307847734,15.6163227408498,7.24186661846959));
#4263=CARTESIAN_POINT('',(211.469212050189,15.7732982771613,7.25205642826194));
#4264=CARTESIAN_POINT('',(211.350483886851,15.9078532044269,7.26250449017761));
#4265=CARTESIAN_POINT('',(211.231799986902,16.0423579678818,7.27294865692118));
#4266=CARTESIAN_POINT('',(211.088265897484,16.158151914254,7.28454443991391));
#4267=CARTESIAN_POINT('',(210.931733648701,16.24569376593,7.29552439502928));
#4268=CARTESIAN_POINT('',(210.775165039241,16.3332559525913,7.30650690066444));
#4269=CARTESIAN_POINT('',(210.601256211896,16.3949617047308,7.31702064260242));
#4270=CARTESIAN_POINT('',(210.424465552189,16.4256573103965,7.3272345480261));
#4271=CARTESIAN_POINT('',(210.247715862099,16.4563458026364,7.33744608647066));
#4272=CARTESIAN_POINT('',(210.063252535268,16.4568815727751,7.34832610623021));
#4273=CARTESIAN_POINT('',(209.886383188918,16.427249430683,7.35953692676613));
#4274=CARTESIAN_POINT('',(209.709505362691,16.3976158678986,7.37074828479701));
#4275=CARTESIAN_POINT('',(209.535298643504,16.336989507738,7.38191656603727));
#4276=CARTESIAN_POINT('',(209.378204865078,16.2503713352314,7.39233025771228));
#4277=CARTESIAN_POINT('',(209.221085646528,16.1637391355813,7.40274563580414));
#4278=CARTESIAN_POINT('',(209.076769253178,16.0487124974061,7.41288437467422));
#4279=CARTESIAN_POINT('',(208.95729090279,15.9149052288867,7.42386643433979));
#4280=CARTESIAN_POINT('',(208.837838589262,15.7811271198012,7.43484610078229));
#4281=CARTESIAN_POINT('',(208.739881447216,15.6248721522126,7.44636339307679));
#4282=CARTESIAN_POINT('',(208.671519741397,15.4590418573821,7.45699265678319));
#4283=CARTESIAN_POINT('',(208.603135967957,15.2931580314102,7.46762535168784));
#4284=CARTESIAN_POINT('',(208.562497800719,15.1131138499681,7.47769581147524));
#4285=CARTESIAN_POINT('',(208.553000374957,14.9339292724862,7.488161206187));
#4286=CARTESIAN_POINT('',(208.54350633589,14.7548085905704,7.49862286903562));
#4287=CARTESIAN_POINT('',(208.56485062918,14.5716441150124,7.5103218756661));
#4288=CARTESIAN_POINT('',(208.615256151059,14.3995365950761,7.52137116536097));
#4289=CARTESIAN_POINT('',(208.66567670811,14.2273777381841,7.5324237508845));
#4290=CARTESIAN_POINT('',(208.746583829099,14.0615282858824,7.54300786497514));
#4291=CARTESIAN_POINT('',(208.85126817106,13.9157932971166,7.55328238803402));
#4292=CARTESIAN_POINT('',(208.955930051099,13.7700895784325,7.56355470650787));
#4293=CARTESIAN_POINT('',(209.087216780678,13.6405050094258,7.57450243049645));
#4294=CARTESIAN_POINT('',(209.234221844951,13.5377691041096,7.58564012035606));
#4295=CARTESIAN_POINT('',(209.38123420548,13.4350280997347,7.5967783630091));
#4296=CARTESIAN_POINT('',(209.548055541801,13.3562801190336,7.60778257659744));
#4297=CARTESIAN_POINT('',(209.720863534399,13.3080769055015,7.61809065483024));
#4298=CARTESIAN_POINT('',(209.893678449874,13.2598717608963,7.62839914601587));
#4299=CARTESIAN_POINT('',(210.077234991745,13.2408993552739,7.638531447815));
#4300=CARTESIAN_POINT('',(210.256213136742,13.2527214596325,7.64957940824603));
#4301=CARTESIAN_POINT('',(210.435158739955,13.2645414144977,7.66062535993833));
#4302=CARTESIAN_POINT('',(210.614503994423,13.3074550971646,7.6722153418093));
#4303=CARTESIAN_POINT('',(210.779435239919,13.3779285638618,7.68291244617753));
#4304=CARTESIAN_POINT('',(210.944434463288,13.448431076822,7.69361395945199));
#4305=CARTESIAN_POINT('',(211.099548577835,13.5484753567273,7.70375138125374));
#4306=CARTESIAN_POINT('',(211.231833216212,13.6697189836157,7.71426935734419));
#4307=CARTESIAN_POINT('',(211.364069696442,13.7909184718323,7.72478350437158));
#4308=CARTESIAN_POINT('',(211.477131310821,13.9366090597595,7.73643837156451));
#4309=CARTESIAN_POINT('',(211.561703705507,14.0947683672756,7.7473696769988));
#4310=CARTESIAN_POINT('',(211.646298252359,14.2529691016788,7.75830384568513));
#4311=CARTESIAN_POINT('',(211.70471140085,14.4280223879599,7.76873187837615));
#4312=CARTESIAN_POINT('',(211.732062175941,14.6053657505347,7.77895599790503));
#4313=CARTESIAN_POINT('',(211.759405483502,14.782660693387,7.78917732596192));
#4314=CARTESIAN_POINT('',(211.756457539891,14.9670886107822,7.80021879027859));
#4315=CARTESIAN_POINT('',(211.723491531899,15.143364767181,7.81142538561187));
#4316=CARTESIAN_POINT('',(211.690522548876,15.3196568316936,7.82263299228892));
#4317=CARTESIAN_POINT('',(211.62661276244,15.4926982195315,7.83370907626835));
#4318=CARTESIAN_POINT('',(211.537037773714,15.6481336780777,7.84408192160384));
#4319=CARTESIAN_POINT('',(211.447453849084,15.8035846426972,7.85445580172317));
#4320=CARTESIAN_POINT('',(211.329728432608,15.9456929558926,7.86468231060825));
#4321=CARTESIAN_POINT('',(211.193696338569,16.0626173582328,7.87572100938645));
#4322=CARTESIAN_POINT('',(211.057688359362,16.1795210330215,7.88675775130027));
#4323=CARTESIAN_POINT('',(210.899607138443,16.2745139829638,7.89820780783185));
#4324=CARTESIAN_POINT('',(210.732510904501,16.33973329284,7.90877849754515));
#4325=CARTESIAN_POINT('',(210.565365116981,16.4049719439669,7.91935232207175));
#4326=CARTESIAN_POINT('',(210.384586640772,16.4422013748486,7.9293803156633));
#4327=CARTESIAN_POINT('',(210.205263074513,16.4483137456374,7.9399301573367));
#4328=CARTESIAN_POINT('',(210.149691319512,16.4502079482737,7.94319951690285));
#4329=CARTESIAN_POINT('',(210.093951246261,16.4491998354393,7.94657130917041));
#4330=CARTESIAN_POINT('',(210.03849383284,16.4452990604555,7.95));
#4331=CARTESIAN_POINT('',(210.150757595082,14.8492424049174,0.));
#4332=CARTESIAN_POINT('',(210.03849383284,16.4452990604555,7.95));
#4333=CARTESIAN_POINT('',(209.856359098673,16.4589298070799,7.97637660897653));
#4334=CARTESIAN_POINT('',(209.669242894091,16.4412848977095,8.00335907080926));
#4335=CARTESIAN_POINT('',(209.49290166328,16.3926967619347,8.02780385599831));
#4336=CARTESIAN_POINT('',(209.311013565154,16.342580271498,8.05301755937714));
#4337=CARTESIAN_POINT('',(209.135926919152,16.2583460239452,8.07636633891821));
#4338=CARTESIAN_POINT('',(208.980775329072,16.1506422271177,8.10000000000098));
#4339=CARTESIAN_POINT('',(208.980775329072,16.1506422271177,8.10000000000098));
#4340=CARTESIAN_POINT('',(210.150757595082,14.8492424049174,8.1));
#4341=CARTESIAN_POINT('',(211.320739861077,16.1506422271307,8.10000000000006));
#4342=CARTESIAN_POINT('',(211.320739861077,16.1506422271307,8.10000000000006));
#4343=CARTESIAN_POINT('',(211.431991456744,16.0436175119638,8.09478882783044));
#4344=CARTESIAN_POINT('',(211.52947473078,15.9203630475899,8.08907009305979));
#4345=CARTESIAN_POINT('',(211.608269260614,15.78762874438,8.08346738569039));
#4346=CARTESIAN_POINT('',(211.707033329531,15.6212545062522,8.0764447385864));
#4347=CARTESIAN_POINT('',(211.77876895449,15.4357164445243,8.06958532049856));
#4348=CARTESIAN_POINT('',(211.817228408612,15.2460787665798,8.06306861225301));
#4349=CARTESIAN_POINT('',(211.855940070256,15.0551974919757,8.05650916905787));
#4350=CARTESIAN_POINT('',(211.861660462096,14.8546238006758,8.04980768124157));
#4351=CARTESIAN_POINT('',(211.832903035455,14.6620170414052,8.04253260509472));
#4352=CARTESIAN_POINT('',(211.805021761215,14.4752784314976,8.03547917866368));
#4353=CARTESIAN_POINT('',(211.744548250515,14.2908059547666,8.02821697136393));
#4354=CARTESIAN_POINT('',(211.656575560878,14.1237314867995,8.02148252710661));
#4355=CARTESIAN_POINT('',(211.568272194759,13.9560290103269,8.01472276905763));
#4356=CARTESIAN_POINT('',(211.449629754701,13.8010673313118,8.00827322939835));
#4357=CARTESIAN_POINT('',(211.309831794981,13.6731022404657,8.00129000702703));
#4358=CARTESIAN_POINT('',(211.172886392045,13.5477482584571,7.99444927628001));
#4359=CARTESIAN_POINT('',(211.011969707122,13.4448066114634,7.98698132788089));
#4360=CARTESIAN_POINT('',(210.840964388081,13.3725322953625,7.98004851607661));
#4361=CARTESIAN_POINT('',(210.671826803902,13.3010473655833,7.97319142504156));
#4362=CARTESIAN_POINT('',(210.487967252312,13.2575227377882,7.96666496352713));
#4363=CARTESIAN_POINT('',(210.304661234212,13.2465981764645,7.96001703504365));
#4364=CARTESIAN_POINT('',(210.216064153654,13.2413180211827,7.95680389964581));
#4365=CARTESIAN_POINT('',(210.126708991548,13.2435052378288,7.95346704955369));
#4366=CARTESIAN_POINT('',(210.03849383284,13.2531857493793,7.95));
#4367=CARTESIAN_POINT('',(210.150757595082,14.8492424049174,6.35));
#4368=CARTESIAN_POINT('',(219.343145750508,-5.65685424949238,6.75));
#4369=CARTESIAN_POINT('',(219.455411363578,-4.06079772414129,6.75));
#4370=CARTESIAN_POINT('',(219.45540951275,-7.25291090503046,6.75));
#4371=CARTESIAN_POINT('',(219.45540951275,-7.25291090503046,6.75));
#4372=CARTESIAN_POINT('',(219.634394222353,-7.24032144160881,6.76106584664886));
#4373=CARTESIAN_POINT('',(219.813649254158,-7.1966038006508,6.7726473414471));
#4374=CARTESIAN_POINT('',(219.97835134001,-7.12536160700387,6.78333596078923));
#4375=CARTESIAN_POINT('',(220.143035965294,-7.05412696595796,6.7940234469984));
#4376=CARTESIAN_POINT('',(220.297704031845,-6.95339468342502,6.80414984952959));
#4377=CARTESIAN_POINT('',(220.429447753729,-6.83156611109831,6.81468611833473));
#4378=CARTESIAN_POINT('',(220.561143964096,-6.70978147452993,6.82521858738296));
#4379=CARTESIAN_POINT('',(220.673557446952,-6.56359115181761,6.83688307859656));
#4380=CARTESIAN_POINT('',(220.757427215503,-6.40505738886756,6.84780234420037));
#4381=CARTESIAN_POINT('',(220.841319518863,-6.24648102978339,6.85872454368081));
#4382=CARTESIAN_POINT('',(220.898955309879,-6.07116775062966,6.86913304157715));
#4383=CARTESIAN_POINT('',(220.925518122739,-5.89370372827909,6.87936106235582));
#4384=CARTESIAN_POINT('',(220.952073443208,-5.71628976198468,6.88958619818701));
#4385=CARTESIAN_POINT('',(220.948306570248,-5.53187960432868,6.9006650458328));
#4386=CARTESIAN_POINT('',(220.914558289431,-5.35575188730461,6.91186927370016));
#4387=CARTESIAN_POINT('',(220.880806633469,-5.17960655585394,6.92307462209557));
#4388=CARTESIAN_POINT('',(220.816127942467,-5.00684812654422,6.9341287561358));
#4389=CARTESIAN_POINT('',(220.725862242307,-4.85181070824217,6.94449283860427));
#4390=CARTESIAN_POINT('',(220.6355888685,-4.69676010993736,6.95485780214157));
#4391=CARTESIAN_POINT('',(220.517235097378,-4.55517847895536,6.96510831976345));
#4392=CARTESIAN_POINT('',(220.380686784126,-4.43886056988677,6.97615841931333));
#4393=CARTESIAN_POINT('',(220.244161321282,-4.3225621258097,6.98720666970605));
#4394=CARTESIAN_POINT('',(220.085658629194,-4.22827111712993,6.99863989831479));
#4395=CARTESIAN_POINT('',(219.918273247388,-4.1637941829404,7.00919702157433));
#4396=CARTESIAN_POINT('',(219.750839518562,-4.09929862545366,7.01975719411725));
#4397=CARTESIAN_POINT('',(219.569897997498,-4.06287278565174,7.02977663510303));
#4398=CARTESIAN_POINT('',(219.390551328673,-4.05755668144607,7.04034825493599));
#4399=CARTESIAN_POINT('',(219.211264684998,-4.05224235647587,7.05091633657628));
#4400=CARTESIAN_POINT('',(219.028652096638,-4.077849302522,7.06267496308212));
#4401=CARTESIAN_POINT('',(218.857763416845,-4.1322546331445,7.07366341694084));
#4402=CARTESIAN_POINT('',(218.686815859226,-4.18667870852906,7.08465565675125));
#4403=CARTESIAN_POINT('',(218.522885816058,-4.27143962337859,7.09513404343066));
#4404=CARTESIAN_POINT('',(218.379627619207,-4.37950041806805,7.1054214366751));
#4405=CARTESIAN_POINT('',(218.236408847311,-4.48753147420117,7.11570599880744));
#4406=CARTESIAN_POINT('',(218.109932062631,-4.62179461147151,7.12683650442981));
#4407=CARTESIAN_POINT('',(218.010653646651,-4.77115407835086,7.13795602352598));
#4408=CARTESIAN_POINT('',(217.911365602165,-4.92052803084203,7.14907662104752));
#4409=CARTESIAN_POINT('',(217.836525544899,-5.08915317512415,7.15996511707667));
#4410=CARTESIAN_POINT('',(217.792366720346,-5.26304668276843,7.17023192589001));
#4411=CARTESIAN_POINT('',(217.748209157755,-5.43693522091716,7.18049844130045));
#4412=CARTESIAN_POINT('',(217.73352654235,-5.62086902794017,7.19076854508927));
#4413=CARTESIAN_POINT('',(217.749518172973,-5.79951168575491,7.20188537607065));
#4414=CARTESIAN_POINT('',(217.765507716465,-5.97813102820283,7.21300075615002));
#4415=CARTESIAN_POINT('',(217.812593371413,-6.15643469512632,7.22450659995339));
#4416=CARTESIAN_POINT('',(217.886897870394,-6.31968312006489,7.23513109326321));
#4417=CARTESIAN_POINT('',(217.961230200924,-6.48299269145417,7.24575956609109));
#4418=CARTESIAN_POINT('',(218.064865555606,-6.63572870003746,7.2558450297492));
#4419=CARTESIAN_POINT('',(218.189153758682,-6.76514233604864,7.26646714320389));
#4420=CARTESIAN_POINT('',(218.313399482292,-6.89451174081176,7.27708562621167));
#4421=CARTESIAN_POINT('',(218.461683677202,-7.00414513876172,7.28877102991121));
#4422=CARTESIAN_POINT('',(218.621775075752,-7.08500842520399,7.29963693629736));
#4423=CARTESIAN_POINT('',(218.781913896816,-7.1658956650904,7.31050606139862));
#4424=CARTESIAN_POINT('',(218.958293817571,-7.22021256634358,7.32083453791339));
#4425=CARTESIAN_POINT('',(219.136231216872,-7.24341858029338,7.33108579711742));
#4426=CARTESIAN_POINT('',(219.314112186795,-7.26661723490821,7.34133380533442));
#4427=CARTESIAN_POINT('',(219.498406821955,-7.2593690393718,7.3525670024522));
#4428=CARTESIAN_POINT('',(219.673865190644,-7.22230135876054,7.36375568513407));
#4429=CARTESIAN_POINT('',(219.849348260363,-7.18522845976115,7.37494594295871));
#4430=CARTESIAN_POINT('',(220.020865385616,-7.11729367006214,7.38590602635453));
#4431=CARTESIAN_POINT('',(220.174175747337,-7.02411031342852,7.39623678158743));
#4432=CARTESIAN_POINT('',(220.327489534138,-6.93092487500212,7.40656776761789));
#4433=CARTESIAN_POINT('',(220.466799977453,-6.80992560305504,7.41693260066551));
#4434=CARTESIAN_POINT('',(220.58051360267,-6.67121158220873,7.42802333062498));
#4435=CARTESIAN_POINT('',(220.694213118085,-6.5325147732612,7.43911268442565));
#4436=CARTESIAN_POINT('',(220.785498216522,-6.37225375846085,7.45047045908013));
#4437=CARTESIAN_POINT('',(220.846803589036,-6.20367515676698,7.46097116082919));
#4438=CARTESIAN_POINT('',(220.908124313323,-6.03505434049753,7.47147449210931));
#4439=CARTESIAN_POINT('',(220.941124379497,-5.85346027380094,7.48146404180434));
#4440=CARTESIAN_POINT('',(220.943053279418,-5.67405596269112,7.49213659420283));
#4441=CARTESIAN_POINT('',(220.944981578511,-5.49470753382729,7.50280582223193));
#4442=CARTESIAN_POINT('',(220.915933501606,-5.31261228883858,7.51457473991595));
#4443=CARTESIAN_POINT('',(220.858311143375,-5.14277854275292,7.52550964834912));
#4444=CARTESIAN_POINT('',(220.823815880296,-5.04110863664861,7.53205576264786));
#4445=CARTESIAN_POINT('',(220.778806390649,-4.94242468089682,7.53843170165047));
#4446=CARTESIAN_POINT('',(220.724635268638,-4.84970698207625,7.54463351267467));
#4447=CARTESIAN_POINT('',(220.724635268638,-4.84970698207625,7.54463351267467));
#4448=CARTESIAN_POINT('',(220.724635268638,-4.84970698207623,0.));
#4449=CARTESIAN_POINT('',(220.724635268638,-4.84970698207625,7.85632498202221));
#4450=CARTESIAN_POINT('',(220.724635268638,-4.84970698207625,7.85632498202221));
#4451=CARTESIAN_POINT('',(220.815117249943,-5.00457327946593,7.84530031206286));
#4452=CARTESIAN_POINT('',(220.880081858874,-5.17725524106006,7.83469865212331));
#4453=CARTESIAN_POINT('',(220.914107506978,-5.35340876887116,7.82448629359664));
#4454=CARTESIAN_POINT('',(220.948130798438,-5.52955009615187,7.81427464238586));
#4455=CARTESIAN_POINT('',(220.95215112947,-5.71398364452691,7.80355650676955));
#4456=CARTESIAN_POINT('',(220.9258635374,-5.8913844331682,7.79235150560607));
#4457=CARTESIAN_POINT('',(220.899575826123,-6.06878602627029,7.78114645363118));
#4458=CARTESIAN_POINT('',(220.842253893896,-6.24409635496216,7.76988856750156));
#4459=CARTESIAN_POINT('',(220.758623178,-6.40279235165678,7.75942882654132));
#4460=CARTESIAN_POINT('',(220.6749738837,-6.56152360236566,7.74896676196948));
#4461=CARTESIAN_POINT('',(220.562688549803,-6.7079958020429,7.73888917285984));
#4462=CARTESIAN_POINT('',(220.431153463893,-6.82998647375983,7.72797741899951));
#4463=CARTESIAN_POINT('',(220.299651942225,-6.95194601671421,7.71706844952744));
#4464=CARTESIAN_POINT('',(220.14527757366,-7.05283278719823,7.70549164622532));
#4465=CARTESIAN_POINT('',(219.980771609681,-7.12431234555998,7.69480303147545));
#4466=CARTESIAN_POINT('',(219.816210223655,-7.1958159853793,7.68411081573211));
#4467=CARTESIAN_POINT('',(219.636966650605,-7.23984786571795,7.67398866456989));
#4468=CARTESIAN_POINT('',(219.457987251284,-7.25272749937772,7.66359475235945));
#4469=CARTESIAN_POINT('',(219.27907326585,-7.26560242575323,7.65320463894489));
#4470=CARTESIAN_POINT('',(219.095532789208,-7.24771838396589,7.64158688246279));
#4471=CARTESIAN_POINT('',(218.922506668131,-7.20057143938726,7.63049366779773));
#4472=CARTESIAN_POINT('',(218.74943552369,-7.1534122266377,7.61939756655211));
#4473=CARTESIAN_POINT('',(218.582098729851,-7.07565747427343,7.60872383435478));
#4474=CARTESIAN_POINT('',(218.434417116855,-6.97374918470158,7.59844874080009));
#4475=CARTESIAN_POINT('',(218.28675921631,-6.87185725800108,7.58817529706246));
#4476=CARTESIAN_POINT('',(218.154708761867,-6.74303275204042,7.57737897958809));
#4477=CARTESIAN_POINT('',(218.04921349779,-6.59799150057579,7.56623678063571));
#4478=CARTESIAN_POINT('',(217.943717291432,-6.45294895360469,7.55509448216136));
#4479=CARTESIAN_POINT('',(217.861837027281,-6.28765399552948,7.54399826882817));
#4480=CARTESIAN_POINT('',(217.810378828924,-6.11579385782559,7.53364995044155));
#4481=CARTESIAN_POINT('',(217.758915699698,-5.94391725200324,7.52330064045016));
#4482=CARTESIAN_POINT('',(217.73647707585,-5.76074076111114,7.513252448832));
#4483=CARTESIAN_POINT('',(217.744918317309,-5.58156101095764,7.5022755597672));
#4484=CARTESIAN_POINT('',(217.753357701415,-5.4024206862752,7.49130108598103));
#4485=CARTESIAN_POINT('',(217.792877503215,-5.22230209947977,7.47965156969364));
#4486=CARTESIAN_POINT('',(217.860222084145,-5.05607359089953,7.46889477830818));
#4487=CARTESIAN_POINT('',(217.927595497856,-4.88977391355998,7.4581333815304));
#4488=CARTESIAN_POINT('',(218.024691295401,-4.73279837724839,7.44794357173805));
#4489=CARTESIAN_POINT('',(218.143419458739,-4.59824344998287,7.43749550982238));
#4490=CARTESIAN_POINT('',(218.262103358688,-4.4637386865279,7.4270513430788));
#4491=CARTESIAN_POINT('',(218.405637448106,-4.34794474015575,7.41545556008609));
#4492=CARTESIAN_POINT('',(218.562169696889,-4.26040288847974,7.40447560497072));
#4493=CARTESIAN_POINT('',(218.718738306349,-4.17284070181852,7.39349309933556));
#4494=CARTESIAN_POINT('',(218.892647133694,-4.11113494967898,7.38297935739758));
#4495=CARTESIAN_POINT('',(219.069437793401,-4.08043934401331,7.3727654519739));
#4496=CARTESIAN_POINT('',(219.246187483491,-4.04975085177339,7.36255391352934));
#4497=CARTESIAN_POINT('',(219.430650810322,-4.04921508163473,7.35167389376979));
#4498=CARTESIAN_POINT('',(219.607520156672,-4.0788472237268,7.34046307323387));
#4499=CARTESIAN_POINT('',(219.784397982899,-4.10848078651122,7.329251715203));
#4500=CARTESIAN_POINT('',(219.958604702086,-4.16910714667184,7.31808343396276));
#4501=CARTESIAN_POINT('',(220.115698480512,-4.25572531917846,7.30766974228774));
#4502=CARTESIAN_POINT('',(220.272817699062,-4.3423575188285,7.29725436419586));
#4503=CARTESIAN_POINT('',(220.417134092412,-4.45738415700376,7.2871156253258));
#4504=CARTESIAN_POINT('',(220.5366124428,-4.59119142552314,7.27613356566023));
#4505=CARTESIAN_POINT('',(220.656064756328,-4.72496953460866,7.26515389921774));
#4506=CARTESIAN_POINT('',(220.754021898374,-4.88122450219718,7.25363660692318));
#4507=CARTESIAN_POINT('',(220.822383604193,-5.04705479702768,7.24300734321678));
#4508=CARTESIAN_POINT('',(220.890767377633,-5.21293862299963,7.23237464831212));
#4509=CARTESIAN_POINT('',(220.931405544871,-5.39298280444177,7.22230418852477));
#4510=CARTESIAN_POINT('',(220.940902970633,-5.57216738192367,7.21183879381301));
#4511=CARTESIAN_POINT('',(220.9503970097,-5.7512880638394,7.2013771309644));
#4512=CARTESIAN_POINT('',(220.92905271641,-5.93445253939743,7.18967812433392));
#4513=CARTESIAN_POINT('',(220.87864719453,-6.10656005933372,7.17862883463905));
#4514=CARTESIAN_POINT('',(220.828226637479,-6.27871891622569,7.16757624911553));
#4515=CARTESIAN_POINT('',(220.747319516491,-6.44456836852747,7.15699213502486));
#4516=CARTESIAN_POINT('',(220.64263517453,-6.59030335729326,7.14671761196599));
#4517=CARTESIAN_POINT('',(220.537973294491,-6.73600707597733,7.13644529349216));
#4518=CARTESIAN_POINT('',(220.406686564912,-6.86559164498393,7.12549756950357));
#4519=CARTESIAN_POINT('',(220.259681500639,-6.96832755030017,7.11435987964397));
#4520=CARTESIAN_POINT('',(220.11266914011,-7.07106855467496,7.10322163699094));
#4521=CARTESIAN_POINT('',(219.945847803789,-7.14981653537617,7.09221742340256));
#4522=CARTESIAN_POINT('',(219.773039811191,-7.19801974890821,7.08190934516976));
#4523=CARTESIAN_POINT('',(219.600224895716,-7.24622489351346,7.07160085398412));
#4524=CARTESIAN_POINT('',(219.416668353845,-7.26519729913584,7.061468552185));
#4525=CARTESIAN_POINT('',(219.237690208848,-7.25337519477724,7.05042059175397));
#4526=CARTESIAN_POINT('',(219.058744605635,-7.24155523991211,7.03937464006166));
#4527=CARTESIAN_POINT('',(218.879399351167,-7.19864155724519,7.0277846581907));
#4528=CARTESIAN_POINT('',(218.714468105671,-7.12816809054797,7.01708755382247));
#4529=CARTESIAN_POINT('',(218.549468882302,-7.0576655775878,7.006386040548));
#4530=CARTESIAN_POINT('',(218.394354767754,-6.95762129768246,6.99624861874623));
#4531=CARTESIAN_POINT('',(218.262070129378,-6.83637767079411,6.98573064265579));
#4532=CARTESIAN_POINT('',(218.129833649148,-6.7151781825775,6.97521649562842));
#4533=CARTESIAN_POINT('',(218.016772034769,-6.56948759465023,6.96356162843545));
#4534=CARTESIAN_POINT('',(217.932199640083,-6.4113282871342,6.95263032300116));
#4535=CARTESIAN_POINT('',(217.847605093231,-6.25312755273098,6.94169615431486));
#4536=CARTESIAN_POINT('',(217.78919194474,-6.07807426644989,6.93126812162383));
#4537=CARTESIAN_POINT('',(217.761841169649,-5.90073090387509,6.92104400209495));
#4538=CARTESIAN_POINT('',(217.734497862088,-5.72343596102271,6.91082267403806));
#4539=CARTESIAN_POINT('',(217.737445805699,-5.53900804362756,6.89978120972141));
#4540=CARTESIAN_POINT('',(217.770411813691,-5.36273188722875,6.88857461438812));
#4541=CARTESIAN_POINT('',(217.803380796714,-5.18643982271612,6.87736700771106));
#4542=CARTESIAN_POINT('',(217.86729058315,-5.01339843487827,6.86629092373167));
#4543=CARTESIAN_POINT('',(217.956865571876,-4.85796297633202,6.85591807839616));
#4544=CARTESIAN_POINT('',(218.046449496506,-4.70251201171254,6.84554419827682));
#4545=CARTESIAN_POINT('',(218.164174912982,-4.56040369851726,6.83531768939177));
#4546=CARTESIAN_POINT('',(218.300207007021,-4.443479296177,6.82427899061357));
#4547=CARTESIAN_POINT('',(218.436214986228,-4.32657562138842,6.81324224869977));
#4548=CARTESIAN_POINT('',(218.594296207148,-4.23158267144594,6.80179219216814));
#4549=CARTESIAN_POINT('',(218.761392441089,-4.16636336156976,6.79122150245484));
#4550=CARTESIAN_POINT('',(218.928538228609,-4.10112471044292,6.78064767792825));
#4551=CARTESIAN_POINT('',(219.109316704819,-4.06389527956122,6.77061968433669));
#4552=CARTESIAN_POINT('',(219.288640271077,-4.05778290877241,6.7600698426633));
#4553=CARTESIAN_POINT('',(219.344212641156,-4.05588868517076,6.75680044691132));
#4554=CARTESIAN_POINT('',(219.399953330558,-4.05689684094584,6.75342856147455));
#4555=CARTESIAN_POINT('',(219.45541136356,-4.06079772413806,6.75));
#4556=CARTESIAN_POINT('',(219.343145750508,-5.65685424949238,7.95));
#4557=CARTESIAN_POINT('',(220.943145750508,-5.65685424949238,7.95));
#4558=CARTESIAN_POINT('',(219.343145750508,-5.65685424949238,0.));
#4559=CARTESIAN_POINT('',(219.343145750508,-5.65685424949238,6.35));
#4560=CARTESIAN_POINT('',(210.150757595083,-14.8492424049177,6.75));
#4561=CARTESIAN_POINT('',(210.263023208156,-13.2531858795671,6.75));
#4562=CARTESIAN_POINT('',(210.263021357325,-16.4452990604558,6.75));
#4563=CARTESIAN_POINT('',(210.263021357325,-16.4452990604558,6.75));
#4564=CARTESIAN_POINT('',(210.442006066928,-16.4327095970341,6.76106584664885));
#4565=CARTESIAN_POINT('',(210.621261098733,-16.3889919560761,6.7726473414471));
#4566=CARTESIAN_POINT('',(210.785963184585,-16.3177497624291,6.78333596078923));
#4567=CARTESIAN_POINT('',(210.950647809869,-16.2465151213832,6.79402344699841));
#4568=CARTESIAN_POINT('',(211.10531587642,-16.1457828388503,6.80414984952962));
#4569=CARTESIAN_POINT('',(211.237059598304,-16.0239542665236,6.81468611833476));
#4570=CARTESIAN_POINT('',(211.368755808671,-15.9021696299552,6.82521858738299));
#4571=CARTESIAN_POINT('',(211.481169291527,-15.7559793072428,6.83688307859656));
#4572=CARTESIAN_POINT('',(211.565039060078,-15.5974455442928,6.84780234420037));
#4573=CARTESIAN_POINT('',(211.648931363438,-15.4388691852086,6.85872454368081));
#4574=CARTESIAN_POINT('',(211.706567154454,-15.2635559060549,6.86913304157717));
#4575=CARTESIAN_POINT('',(211.733129967314,-15.0860918837043,6.87936106235584));
#4576=CARTESIAN_POINT('',(211.759685287783,-14.9086779174099,6.88958619818703));
#4577=CARTESIAN_POINT('',(211.755918414823,-14.7242677597539,6.9006650458328));
#4578=CARTESIAN_POINT('',(211.722170134006,-14.5481400427298,6.91186927370014));
#4579=CARTESIAN_POINT('',(211.688418478044,-14.3719947112792,6.92307462209554));
#4580=CARTESIAN_POINT('',(211.623739787042,-14.1992362819695,6.93412875613579));
#4581=CARTESIAN_POINT('',(211.533474086881,-14.0441988636674,6.94449283860426));
#4582=CARTESIAN_POINT('',(211.443200713075,-13.8891482653626,6.95485780214155));
#4583=CARTESIAN_POINT('',(211.324846941953,-13.7475666343806,6.96510831976346));
#4584=CARTESIAN_POINT('',(211.188298628701,-13.631248725312,6.97615841931334));
#4585=CARTESIAN_POINT('',(211.051773165857,-13.5149502812349,6.98720666970606));
#4586=CARTESIAN_POINT('',(210.893270473769,-13.4206592725552,6.9986398983148));
#4587=CARTESIAN_POINT('',(210.725885091963,-13.3561823383657,7.00919702157434));
#4588=CARTESIAN_POINT('',(210.558451363136,-13.291686780879,7.01975719411726));
#4589=CARTESIAN_POINT('',(210.377509842073,-13.255260941077,7.02977663510304));
#4590=CARTESIAN_POINT('',(210.198163173248,-13.2499448368714,7.04034825493599));
#4591=CARTESIAN_POINT('',(210.018876529573,-13.2446305119012,7.05091633657629));
#4592=CARTESIAN_POINT('',(209.836263941213,-13.2702374579473,7.06267496308213));
#4593=CARTESIAN_POINT('',(209.66537526142,-13.3246427885699,7.07366341694085));
#4594=CARTESIAN_POINT('',(209.494427703801,-13.3790668639544,7.08465565675125));
#4595=CARTESIAN_POINT('',(209.330497660633,-13.4638277788039,7.09513404343069));
#4596=CARTESIAN_POINT('',(209.187239463782,-13.5718885734934,7.10542143667513));
#4597=CARTESIAN_POINT('',(209.044020691886,-13.6799196296265,7.11570599880748));
#4598=CARTESIAN_POINT('',(208.917543907206,-13.814182766897,7.12683650442981));
#4599=CARTESIAN_POINT('',(208.818265491226,-13.9635422337763,7.13795602352598));
#4600=CARTESIAN_POINT('',(208.71897744674,-14.1129161862675,7.14907662104752));
#4601=CARTESIAN_POINT('',(208.644137389474,-14.2815413305496,7.15996511707666));
#4602=CARTESIAN_POINT('',(208.599978564921,-14.4554348381939,7.17023192589001));
#4603=CARTESIAN_POINT('',(208.55582100233,-14.6293233763426,7.18049844130046));
#4604=CARTESIAN_POINT('',(208.541138386925,-14.8132571833656,7.19076854508928));
#4605=CARTESIAN_POINT('',(208.557130017548,-14.9918998411803,7.20188537607067));
#4606=CARTESIAN_POINT('',(208.57311956104,-15.1705191836283,7.21300075615004));
#4607=CARTESIAN_POINT('',(208.620205215988,-15.3488228505517,7.22450659995334));
#4608=CARTESIAN_POINT('',(208.69450971497,-15.5120712754902,7.23513109326317));
#4609=CARTESIAN_POINT('',(208.768842045499,-15.6753808468795,7.24575956609106));
#4610=CARTESIAN_POINT('',(208.872477400181,-15.8281168554629,7.25584502974922));
#4611=CARTESIAN_POINT('',(208.996765603257,-15.957530491474,7.2664671432039));
#4612=CARTESIAN_POINT('',(209.121011326867,-16.0868998962372,7.27708562621168));
#4613=CARTESIAN_POINT('',(209.269295521778,-16.1965332941871,7.28877102991122));
#4614=CARTESIAN_POINT('',(209.429386920327,-16.2773965806294,7.29963693629737));
#4615=CARTESIAN_POINT('',(209.589525741391,-16.3582838205158,7.31050606139863));
#4616=CARTESIAN_POINT('',(209.765905662146,-16.4126007217689,7.32083453791339));
#4617=CARTESIAN_POINT('',(209.943843061447,-16.4358067357187,7.33108579711742));
#4618=CARTESIAN_POINT('',(210.12172403137,-16.4590053903335,7.34133380533442));
#4619=CARTESIAN_POINT('',(210.30601866653,-16.4517571947971,7.35256700245219));
#4620=CARTESIAN_POINT('',(210.481477035219,-16.4146895141858,7.36375568513407));
#4621=CARTESIAN_POINT('',(210.656960104938,-16.3776166151864,7.37494594295872));
#4622=CARTESIAN_POINT('',(210.828477230191,-16.3096818254874,7.38590602635452));
#4623=CARTESIAN_POINT('',(210.981787591912,-16.2164984688538,7.39623678158742));
#4624=CARTESIAN_POINT('',(211.135101378713,-16.1233130304274,7.40656776761789));
#4625=CARTESIAN_POINT('',(211.274411822028,-16.0023137584803,7.41693260066547));
#4626=CARTESIAN_POINT('',(211.388125447245,-15.8635997376339,7.42802333062496));
#4627=CARTESIAN_POINT('',(211.50182496266,-15.7249029286864,7.43911268442564));
#4628=CARTESIAN_POINT('',(211.593110061097,-15.5646419138861,7.45047045908013));
#4629=CARTESIAN_POINT('',(211.654415433611,-15.3960633121922,7.4609711608292));
#4630=CARTESIAN_POINT('',(211.715736157898,-15.2274424959228,7.47147449210931));
#4631=CARTESIAN_POINT('',(211.748736224072,-15.0458484292261,7.48146404180431));
#4632=CARTESIAN_POINT('',(211.750665123993,-14.8664441181163,7.49213659420279));
#4633=CARTESIAN_POINT('',(211.752593423085,-14.6870956892525,7.5028058222319));
#4634=CARTESIAN_POINT('',(211.723545346181,-14.5050004442638,7.51457473991598));
#4635=CARTESIAN_POINT('',(211.66592298795,-14.3351666981781,7.52550964834913));
#4636=CARTESIAN_POINT('',(211.631427724871,-14.2334967920738,7.53205576264785));
#4637=CARTESIAN_POINT('',(211.586418235224,-14.1348128363221,7.53843170165046));
#4638=CARTESIAN_POINT('',(211.532247113213,-14.0420951375016,7.54463351267466));
#4639=CARTESIAN_POINT('',(211.532247113213,-14.0420951375016,7.54463351267466));
#4640=CARTESIAN_POINT('',(211.532247113213,-14.0420951375015,0.));
#4641=CARTESIAN_POINT('',(211.532247113213,-14.0420951375016,7.85632498202221));
#4642=CARTESIAN_POINT('',(211.532247113213,-14.0420951375016,7.85632498202221));
#4643=CARTESIAN_POINT('',(211.622729094518,-14.1969614348912,7.84530031206286));
#4644=CARTESIAN_POINT('',(211.687693703449,-14.3696433964854,7.8346986521233));
#4645=CARTESIAN_POINT('',(211.721719351553,-14.5457969242965,7.82448629359662));
#4646=CARTESIAN_POINT('',(211.755742643013,-14.7219382515772,7.81427464238583));
#4647=CARTESIAN_POINT('',(211.759762974046,-14.9063717999522,7.80355650676957));
#4648=CARTESIAN_POINT('',(211.733475381975,-15.0837725885935,7.79235150560607));
#4649=CARTESIAN_POINT('',(211.707187670698,-15.2611741816956,7.78114645363116));
#4650=CARTESIAN_POINT('',(211.649865738471,-15.4364845103874,7.7698885675016));
#4651=CARTESIAN_POINT('',(211.566235022575,-15.5951805070821,7.75942882654136));
#4652=CARTESIAN_POINT('',(211.482585728275,-15.7539117577909,7.74896676196954));
#4653=CARTESIAN_POINT('',(211.370300394378,-15.9003839574682,7.73888917285987));
#4654=CARTESIAN_POINT('',(211.238765308468,-16.0223746291851,7.72797741899952));
#4655=CARTESIAN_POINT('',(211.1072637868,-16.1443341721395,7.71706844952744));
#4656=CARTESIAN_POINT('',(210.952889418235,-16.2452209426236,7.70549164622532));
#4657=CARTESIAN_POINT('',(210.788383454256,-16.3167005009853,7.69480303147545));
#4658=CARTESIAN_POINT('',(210.62382206823,-16.3882041408046,7.6841108157321));
#4659=CARTESIAN_POINT('',(210.44457849518,-16.4322360211433,7.67398866456989));
#4660=CARTESIAN_POINT('',(210.265599095859,-16.445115654803,7.66359475235945));
#4661=CARTESIAN_POINT('',(210.086685110425,-16.4579905811786,7.65320463894489));
#4662=CARTESIAN_POINT('',(209.903144633783,-16.4401065393912,7.64158688246279));
#4663=CARTESIAN_POINT('',(209.730118512706,-16.3929595948126,7.63049366779773));
#4664=CARTESIAN_POINT('',(209.557047368265,-16.345800382063,7.6193975665521));
#4665=CARTESIAN_POINT('',(209.389710574426,-16.2680456296987,7.60872383435481));
#4666=CARTESIAN_POINT('',(209.24202896143,-16.1661373401269,7.59844874080012));
#4667=CARTESIAN_POINT('',(209.094371060885,-16.0642454134263,7.58817529706248));
#4668=CARTESIAN_POINT('',(208.962320606441,-15.9354209074658,7.57737897958808));
#4669=CARTESIAN_POINT('',(208.856825342365,-15.7903796560012,7.56623678063569));
#4670=CARTESIAN_POINT('',(208.751329136007,-15.64533710903,7.55509448216133));
#4671=CARTESIAN_POINT('',(208.669448871856,-15.4800421509548,7.54399826882815));
#4672=CARTESIAN_POINT('',(208.617990673499,-15.3081820132509,7.53364995044155));
#4673=CARTESIAN_POINT('',(208.566527544273,-15.1363054074286,7.52330064045017));
#4674=CARTESIAN_POINT('',(208.544088920425,-14.9531289165365,7.513252448832));
#4675=CARTESIAN_POINT('',(208.552530161884,-14.773949166383,7.5022755597672));
#4676=CARTESIAN_POINT('',(208.56096954599,-14.5948088417005,7.49130108598104));
#4677=CARTESIAN_POINT('',(208.60048934779,-14.4146902549051,7.47965156969364));
#4678=CARTESIAN_POINT('',(208.66783392872,-14.2484617463249,7.46889477830819));
#4679=CARTESIAN_POINT('',(208.735207342431,-14.0821620689854,7.45813338153042));
#4680=CARTESIAN_POINT('',(208.832303139976,-13.9251865326737,7.44794357173805));
#4681=CARTESIAN_POINT('',(208.951031303314,-13.7906316054082,7.43749550982237));
#4682=CARTESIAN_POINT('',(209.069715203263,-13.6561268419532,7.4270513430788));
#4683=CARTESIAN_POINT('',(209.213249292681,-13.5403328955811,7.41545556008608));
#4684=CARTESIAN_POINT('',(209.369781541464,-13.4527910439051,7.40447560497071));
#4685=CARTESIAN_POINT('',(209.526350150924,-13.3652288572438,7.39349309933555));
#4686=CARTESIAN_POINT('',(209.700258978269,-13.3035231051043,7.38297935739758));
#4687=CARTESIAN_POINT('',(209.877049637976,-13.2728274994386,7.3727654519739));
#4688=CARTESIAN_POINT('',(210.053799328066,-13.2421390071987,7.36255391352935));
#4689=CARTESIAN_POINT('',(210.238262654897,-13.24160323706,7.35167389376978));
#4690=CARTESIAN_POINT('',(210.415132001247,-13.2712353791521,7.34046307323387));
#4691=CARTESIAN_POINT('',(210.592009827474,-13.3008689419365,7.32925171520299));
#4692=CARTESIAN_POINT('',(210.766216546661,-13.3614953020971,7.31808343396272));
#4693=CARTESIAN_POINT('',(210.923310325088,-13.4481134746037,7.30766974228773));
#4694=CARTESIAN_POINT('',(211.080429543637,-13.5347456742538,7.29725436419587));
#4695=CARTESIAN_POINT('',(211.224745936987,-13.6497723124291,7.28711562532579));
#4696=CARTESIAN_POINT('',(211.344224287375,-13.7835795809484,7.27613356566022));
#4697=CARTESIAN_POINT('',(211.463676600903,-13.917357690034,7.26515389921773));
#4698=CARTESIAN_POINT('',(211.561633742949,-14.0736126576225,7.25363660692318));
#4699=CARTESIAN_POINT('',(211.629995448768,-14.239442952453,7.24300734321679));
#4700=CARTESIAN_POINT('',(211.698379222208,-14.4053267784249,7.23237464831213));
#4701=CARTESIAN_POINT('',(211.739017389446,-14.5853709598671,7.22230418852475));
#4702=CARTESIAN_POINT('',(211.748514815208,-14.764555537349,7.21183879381299));
#4703=CARTESIAN_POINT('',(211.758008854275,-14.9436762192647,7.20137713096437));
#4704=CARTESIAN_POINT('',(211.736664560985,-15.1268406948227,7.18967812433394));
#4705=CARTESIAN_POINT('',(211.686259039105,-15.298948214759,7.17862883463906));
#4706=CARTESIAN_POINT('',(211.635838482055,-15.471107071651,7.16757624911552));
#4707=CARTESIAN_POINT('',(211.554931361066,-15.6369565239528,7.15699213502485));
#4708=CARTESIAN_POINT('',(211.450247019105,-15.7826915127186,7.14671761196598));
#4709=CARTESIAN_POINT('',(211.345585139066,-15.9283952314027,7.13644529349215));
#4710=CARTESIAN_POINT('',(211.214298409487,-16.0579798004093,7.12549756950358));
#4711=CARTESIAN_POINT('',(211.067293345214,-16.1607157057255,7.11435987964396));
#4712=CARTESIAN_POINT('',(210.920280984685,-16.2634567101003,7.10322163699092));
#4713=CARTESIAN_POINT('',(210.753459648364,-16.3422046908015,7.09221742340256));
#4714=CARTESIAN_POINT('',(210.580651655766,-16.3904079043335,7.08190934516976));
#4715=CARTESIAN_POINT('',(210.407836740291,-16.4386130489388,7.07160085398412));
#4716=CARTESIAN_POINT('',(210.22428019842,-16.4575854545612,7.061468552185));
#4717=CARTESIAN_POINT('',(210.045302053423,-16.4457633502026,7.05042059175397));
#4718=CARTESIAN_POINT('',(209.86635645021,-16.4339433953374,7.03937464006167));
#4719=CARTESIAN_POINT('',(209.687011195742,-16.3910297126705,7.02778465819069));
#4720=CARTESIAN_POINT('',(209.522079950246,-16.3205562459733,7.01708755382247));
#4721=CARTESIAN_POINT('',(209.357080726877,-16.2500537330131,7.00638604054802));
#4722=CARTESIAN_POINT('',(209.20196661233,-16.1500094531078,6.99624861874624));
#4723=CARTESIAN_POINT('',(209.069681973953,-16.0287658262194,6.98573064265578));
#4724=CARTESIAN_POINT('',(208.937445493723,-15.9075663380028,6.97521649562839));
#4725=CARTESIAN_POINT('',(208.824383879344,-15.7618757500756,6.96356162843543));
#4726=CARTESIAN_POINT('',(208.739811484658,-15.6037164425596,6.95263032300114));
#4727=CARTESIAN_POINT('',(208.655216937806,-15.4455157081563,6.94169615431483));
#4728=CARTESIAN_POINT('',(208.596803789315,-15.2704624218752,6.93126812162383));
#4729=CARTESIAN_POINT('',(208.569453014224,-15.0931190593004,6.92104400209495));
#4730=CARTESIAN_POINT('',(208.542109706663,-14.9158241164481,6.91082267403807));
#4731=CARTESIAN_POINT('',(208.545057650273,-14.7313961990529,6.8997812097214));
#4732=CARTESIAN_POINT('',(208.578023658266,-14.5551200426541,6.88857461438811));
#4733=CARTESIAN_POINT('',(208.610992641289,-14.3788279781414,6.87736700771104));
#4734=CARTESIAN_POINT('',(208.674902427725,-14.2057865903036,6.86629092373164));
#4735=CARTESIAN_POINT('',(208.764477416451,-14.0503511317574,6.85591807839614));
#4736=CARTESIAN_POINT('',(208.854061341081,-13.8949001671379,6.84554419827681));
#4737=CARTESIAN_POINT('',(208.971786757557,-13.7527918539425,6.83531768939177));
#4738=CARTESIAN_POINT('',(209.107818851596,-13.6358674516023,6.82427899061357));
#4739=CARTESIAN_POINT('',(209.243826830803,-13.5189637768137,6.81324224869975));
#4740=CARTESIAN_POINT('',(209.401908051722,-13.4239708268713,6.80179219216815));
#4741=CARTESIAN_POINT('',(209.569004285664,-13.3587515169951,6.79122150245484));
#4742=CARTESIAN_POINT('',(209.736150073184,-13.2935128658682,6.78064767792824));
#4743=CARTESIAN_POINT('',(209.916928549394,-13.2562834349865,6.7706196843367));
#4744=CARTESIAN_POINT('',(210.096252115652,-13.2501710641977,6.7600698426633));
#4745=CARTESIAN_POINT('',(210.151824485731,-13.2482768405961,6.75680044691132));
#4746=CARTESIAN_POINT('',(210.207565175133,-13.2492849963712,6.75342856147455));
#4747=CARTESIAN_POINT('',(210.263023208135,-13.2531858795634,6.75));
#4748=CARTESIAN_POINT('',(210.150757595083,-14.8492424049177,7.95));
#4749=CARTESIAN_POINT('',(211.750757595083,-14.8492424049177,7.95));
#4750=CARTESIAN_POINT('',(210.150757595083,-14.8492424049177,0.));
#4751=CARTESIAN_POINT('',(210.150757595083,-14.8492424049177,6.35));
#4752=CARTESIAN_POINT('',(231.717514421272,-6.71751442127222,6.75));
#4753=CARTESIAN_POINT('',(233.317514421272,-6.71751442127222,6.75));
#4754=CARTESIAN_POINT('',(231.717514421272,-6.71751442127222,7.95));
#4755=CARTESIAN_POINT('',(231.60525065903,-5.12145776573415,7.95));
#4756=CARTESIAN_POINT('',(231.60525065917,-8.31357107682012,7.95));
#4757=CARTESIAN_POINT('',(231.60525065917,-8.31357107682012,7.95));
#4758=CARTESIAN_POINT('',(231.426265949554,-8.30098161340896,7.93893415335059));
#4759=CARTESIAN_POINT('',(231.247010917731,-8.25726397246545,7.92735265855989));
#4760=CARTESIAN_POINT('',(231.082308831863,-8.18602177882403,7.91666403921681));
#4761=CARTESIAN_POINT('',(230.917624206574,-8.11478713778861,7.90597655300745));
#4762=CARTESIAN_POINT('',(230.762956140018,-8.01405485526554,7.89585015047611));
#4763=CARTESIAN_POINT('',(230.631212418126,-7.89222628294723,7.88531388167125));
#4764=CARTESIAN_POINT('',(230.499516207751,-7.77044164638724,7.87478141262329));
#4765=CARTESIAN_POINT('',(230.387102724886,-7.624251323682,7.8631169214098));
#4766=CARTESIAN_POINT('',(230.303232956324,-7.46571756073731,7.85219765580582));
#4767=CARTESIAN_POINT('',(230.219340652954,-7.30714120165849,7.84127545632521));
#4768=CARTESIAN_POINT('',(230.161704861927,-7.13182792250849,7.8308669584286));
#4769=CARTESIAN_POINT('',(230.135142049057,-6.95436390015962,7.82063893764998));
#4770=CARTESIAN_POINT('',(230.108586728576,-6.77694993386689,7.81041380181884));
#4771=CARTESIAN_POINT('',(230.112353601524,-6.59253977621062,7.79933495417357));
#4772=CARTESIAN_POINT('',(230.14610188233,-6.4164120591844,7.7881307263062));
#4773=CARTESIAN_POINT('',(230.179853538281,-6.24026672773161,7.77692537791077));
#4774=CARTESIAN_POINT('',(230.244532229271,-6.06750829841781,7.76587124387023));
#4775=CARTESIAN_POINT('',(230.334797929422,-5.91247088011005,7.75550716140163));
#4776=CARTESIAN_POINT('',(230.425071303219,-5.7574202817995,7.74514219786419));
#4777=CARTESIAN_POINT('',(230.543425074332,-5.61583865080987,7.73489168024265));
#4778=CARTESIAN_POINT('',(230.679973387577,-5.49952074173259,7.72384158069294));
#4779=CARTESIAN_POINT('',(230.816498850413,-5.38322229764683,7.71279333030038));
#4780=CARTESIAN_POINT('',(230.975001542495,-5.28893128895699,7.70136010169139));
#4781=CARTESIAN_POINT('',(231.142386924297,-5.22445435475682,7.69080297843166));
#4782=CARTESIAN_POINT('',(231.309820653119,-5.15995879725941,7.68024280588854));
#4783=CARTESIAN_POINT('',(231.490762174181,-5.12353295744599,7.67022336490265));
#4784=CARTESIAN_POINT('',(231.670108843005,-5.11821685322892,7.65965174507));
#4785=CARTESIAN_POINT('',(231.84939548668,-5.11290252824732,7.64908366343003));
#4786=CARTESIAN_POINT('',(232.032008075042,-5.13850947428183,7.63732503692429));
#4787=CARTESIAN_POINT('',(232.202896754838,-5.19291480489346,7.62633658306539));
#4788=CARTESIAN_POINT('',(232.373844312461,-5.24733888026716,7.61534434325481));
#4789=CARTESIAN_POINT('',(232.537774355634,-5.33209979510625,7.60486595657513));
#4790=CARTESIAN_POINT('',(232.681032552492,-5.44016058978659,7.59457856333073));
#4791=CARTESIAN_POINT('',(232.824251324394,-5.54819164591059,7.58429400119844));
#4792=CARTESIAN_POINT('',(232.950728109083,-5.68245478317298,7.57316349557656));
#4793=CARTESIAN_POINT('',(233.050006525072,-5.83181425004599,7.56204397648032));
#4794=CARTESIAN_POINT('',(233.149294569568,-5.98118820253084,7.55092337895873));
#4795=CARTESIAN_POINT('',(233.224134626844,-6.14981334680811,7.54003488292927));
#4796=CARTESIAN_POINT('',(233.268293451409,-6.32370685444957,7.52976807411583));
#4797=CARTESIAN_POINT('',(233.312451014011,-6.4975953925955,7.51950155870528));
#4798=CARTESIAN_POINT('',(233.327133629428,-6.68152919961763,7.50923145491691));
#4799=CARTESIAN_POINT('',(233.311141998816,-6.8601718574334,7.49811462393567));
#4800=CARTESIAN_POINT('',(233.295152455335,-7.03879119988235,7.48699924385645));
#4801=CARTESIAN_POINT('',(233.248066800399,-7.2170948668088,7.47549340005286));
#4802=CARTESIAN_POINT('',(233.173762301428,-7.38034329175208,7.46486890674284));
#4803=CARTESIAN_POINT('',(233.099429970909,-7.54365286314608,7.45424043391475));
#4804=CARTESIAN_POINT('',(232.995794616237,-7.696388871736,7.44415497025651));
#4805=CARTESIAN_POINT('',(232.871506413168,-7.8258025077551,7.43353285680212));
#4806=CARTESIAN_POINT('',(232.747260689567,-7.95517191252613,7.42291437379466));
#4807=CARTESIAN_POINT('',(232.598976494663,-8.06480531048552,7.41122897009514));
#4808=CARTESIAN_POINT('',(232.438885096119,-8.14566859693797,7.4003630637088));
#4809=CARTESIAN_POINT('',(232.27874627506,-8.22655583683455,7.38949393860736));
#4810=CARTESIAN_POINT('',(232.102366354309,-8.28087273809894,7.37916546209233));
#4811=CARTESIAN_POINT('',(231.924428955009,-8.30407875206006,7.3689142028884));
#4812=CARTESIAN_POINT('',(231.746547985088,-8.3272774066862,7.3586661946715));
#4813=CARTESIAN_POINT('',(231.562253349927,-8.32002921116149,7.34743299755423));
#4814=CARTESIAN_POINT('',(231.386794981235,-8.2829615305614,7.33624431487228));
#4815=CARTESIAN_POINT('',(231.211311911514,-8.24588863157317,7.32505405704757));
#4816=CARTESIAN_POINT('',(231.039794786257,-8.17795384188511,7.31409397365144));
#4817=CARTESIAN_POINT('',(230.88648442453,-8.08477048526126,7.30376321841844));
#4818=CARTESIAN_POINT('',(230.733170637723,-7.99158504684461,7.29343223238788));
#4819=CARTESIAN_POINT('',(230.5938601944,-7.87058577490636,7.28306739934069));
#4820=CARTESIAN_POINT('',(230.480146569174,-7.73187175406726,7.27197666938132));
#4821=CARTESIAN_POINT('',(230.366447053751,-7.59317494512697,7.26088731558076));
#4822=CARTESIAN_POINT('',(230.275161955304,-7.43291393033243,7.24952954092603));
#4823=CARTESIAN_POINT('',(230.213856582779,-7.26433532864248,7.23902883917678));
#4824=CARTESIAN_POINT('',(230.152535858481,-7.09571451237693,7.22852550789648));
#4825=CARTESIAN_POINT('',(230.119535792296,-6.91412044568242,7.21853595820137));
#4826=CARTESIAN_POINT('',(230.117606892363,-6.73471613457269,7.20786340580325));
#4827=CARTESIAN_POINT('',(230.115678593259,-6.55536770570897,7.19719417777451));
#4828=CARTESIAN_POINT('',(230.144726670152,-6.3732724607184,7.18542526009043));
#4829=CARTESIAN_POINT('',(230.202349028373,-6.20343871462908,7.17449035165709));
#4830=CARTESIAN_POINT('',(230.236844291456,-6.10176880849064,7.16794423735619));
#4831=CARTESIAN_POINT('',(230.281853781114,-6.0030848527058,7.16156829835148));
#4832=CARTESIAN_POINT('',(230.336024903142,-5.91036715385609,7.15536648732533));
#4833=CARTESIAN_POINT('',(230.336024903142,-5.91036715385609,7.15536648732533));
#4834=CARTESIAN_POINT('',(230.336024903142,-5.91036715385607,0.));
#4835=CARTESIAN_POINT('',(230.336024903142,-5.91036715385608,6.8436750179778));
#4836=CARTESIAN_POINT('',(230.336024903142,-5.91036715385608,6.8436750179778));
#4837=CARTESIAN_POINT('',(230.245542921837,-6.06523345124575,6.85469968793716));
#4838=CARTESIAN_POINT('',(230.180578312906,-6.23791541283983,6.86530134787675));
#4839=CARTESIAN_POINT('',(230.146552664802,-6.41406894065092,6.87551370640341));
#4840=CARTESIAN_POINT('',(230.112529373342,-6.59021026793165,6.88572535761417));
#4841=CARTESIAN_POINT('',(230.108509042309,-6.77464381630669,6.89644349323049));
#4842=CARTESIAN_POINT('',(230.13479663438,-6.952044604948,6.90764849439396));
#4843=CARTESIAN_POINT('',(230.161084345657,-7.1294461980501,6.91885354636885));
#4844=CARTESIAN_POINT('',(230.218406277884,-7.30475652674189,6.9301114324984));
#4845=CARTESIAN_POINT('',(230.30203699378,-7.46345252343653,6.94057117345865));
#4846=CARTESIAN_POINT('',(230.38568628808,-7.6221837741454,6.95103323803049));
#4847=CARTESIAN_POINT('',(230.497971621977,-7.76865597382269,6.96111082714012));
#4848=CARTESIAN_POINT('',(230.629506707887,-7.89064664553961,6.97202258100047));
#4849=CARTESIAN_POINT('',(230.761008229555,-8.01260618849398,6.98293155047255));
#4850=CARTESIAN_POINT('',(230.91538259812,-8.11349295897806,6.99450835377468));
#4851=CARTESIAN_POINT('',(231.079888562099,-8.1849725173398,7.00519696852455));
#4852=CARTESIAN_POINT('',(231.244449948125,-8.25647615715914,7.0158891842679));
#4853=CARTESIAN_POINT('',(231.423693521175,-8.30050803749779,7.02601133543011));
#4854=CARTESIAN_POINT('',(231.602672920496,-8.31338767115756,7.03640524764055));
#4855=CARTESIAN_POINT('',(231.78158690593,-8.32626259753307,7.04679536105511));
#4856=CARTESIAN_POINT('',(231.965127382572,-8.30837855574572,7.05841311753721));
#4857=CARTESIAN_POINT('',(232.138153503649,-8.26123161116711,7.06950633220226));
#4858=CARTESIAN_POINT('',(232.31122464809,-8.21407239841756,7.08060243344788));
#4859=CARTESIAN_POINT('',(232.478561441929,-8.13631764605332,7.09127616564522));
#4860=CARTESIAN_POINT('',(232.626243054925,-8.03440935648147,7.1015512591999));
#4861=CARTESIAN_POINT('',(232.77390095547,-7.93251742978096,7.11182470293753));
#4862=CARTESIAN_POINT('',(232.905951409914,-7.80369292382035,7.12262102041189));
#4863=CARTESIAN_POINT('',(233.01144667399,-7.65865167235571,7.13376321936429));
#4864=CARTESIAN_POINT('',(233.116942880348,-7.51360912538461,7.14490551783866));
#4865=CARTESIAN_POINT('',(233.198823144499,-7.34831416730939,7.15600173117185));
#4866=CARTESIAN_POINT('',(233.250281342856,-7.17645402960551,7.16635004955845));
#4867=CARTESIAN_POINT('',(233.301744472082,-7.00457742378316,7.17669935954984));
#4868=CARTESIAN_POINT('',(233.32418309593,-6.82140093289105,7.18674755116799));
#4869=CARTESIAN_POINT('',(233.315741854471,-6.64222118273755,7.19772444023279));
#4870=CARTESIAN_POINT('',(233.307302470365,-6.46308085805512,7.20869891401895));
#4871=CARTESIAN_POINT('',(233.267782668565,-6.28296227125967,7.22034843030633));
#4872=CARTESIAN_POINT('',(233.200438087635,-6.11673376267942,7.23110522169181));
#4873=CARTESIAN_POINT('',(233.133064673924,-5.95043408533987,7.2418666184696));
#4874=CARTESIAN_POINT('',(233.035968876379,-5.79345854902831,7.25205642826194));
#4875=CARTESIAN_POINT('',(232.917240713041,-5.65890362176278,7.26250449017761));
#4876=CARTESIAN_POINT('',(232.798556813092,-5.52439885830781,7.27294865692118));
#4877=CARTESIAN_POINT('',(232.655022723674,-5.40860491193564,7.2845444399139));
#4878=CARTESIAN_POINT('',(232.498490474891,-5.32106306025963,7.29552439502927));
#4879=CARTESIAN_POINT('',(232.341921865431,-5.23350087359841,7.30650690066443));
#4880=CARTESIAN_POINT('',(232.168013038086,-5.17179512145884,7.31702064260241));
#4881=CARTESIAN_POINT('',(231.991222378379,-5.14109951579317,7.3272345480261));
#4882=CARTESIAN_POINT('',(231.814472688289,-5.11041102355324,7.33744608647065));
#4883=CARTESIAN_POINT('',(231.630009361458,-5.10987525341457,7.34832610623021));
#4884=CARTESIAN_POINT('',(231.453140015108,-5.13950739550663,7.35953692676613));
#4885=CARTESIAN_POINT('',(231.276262188881,-5.16914095829105,7.37074828479701));
#4886=CARTESIAN_POINT('',(231.102055469694,-5.22976731845158,7.38191656603726));
#4887=CARTESIAN_POINT('',(230.944961691268,-5.31638549095823,7.39233025771226));
#4888=CARTESIAN_POINT('',(230.787842472718,-5.40301769060826,7.40274563580413));
#4889=CARTESIAN_POINT('',(230.643526079368,-5.51804432878357,7.41288437467421));
#4890=CARTESIAN_POINT('',(230.52404772898,-5.65185159730292,7.42386643433978));
#4891=CARTESIAN_POINT('',(230.404595415452,-5.78562970638844,7.43484610078227));
#4892=CARTESIAN_POINT('',(230.306638273406,-5.94188467397695,7.44636339307682));
#4893=CARTESIAN_POINT('',(230.238276567587,-6.10771496880745,7.45699265678321));
#4894=CARTESIAN_POINT('',(230.169892794147,-6.27359879477941,7.46762535168785));
#4895=CARTESIAN_POINT('',(230.129254626909,-6.45364297622153,7.47769581147526));
#4896=CARTESIAN_POINT('',(230.119757201147,-6.63282755370343,7.48816120618703));
#4897=CARTESIAN_POINT('',(230.110263162079,-6.81194823561917,7.49862286903565));
#4898=CARTESIAN_POINT('',(230.13160745537,-6.99511271117719,7.51032187566606));
#4899=CARTESIAN_POINT('',(230.18201297725,-7.16722023111348,7.52137116536093));
#4900=CARTESIAN_POINT('',(230.232433534301,-7.33937908800545,7.53242375088445));
#4901=CARTESIAN_POINT('',(230.313340655289,-7.50522854030729,7.54300786497515));
#4902=CARTESIAN_POINT('',(230.41802499725,-7.65096352907308,7.55328238803403));
#4903=CARTESIAN_POINT('',(230.522686877289,-7.79666724775715,7.56355470650787));
#4904=CARTESIAN_POINT('',(230.653973606868,-7.92625181676378,7.57450243049643));
#4905=CARTESIAN_POINT('',(230.800978671141,-8.02898772208003,7.58564012035604));
#4906=CARTESIAN_POINT('',(230.94799103167,-8.13172872645485,7.59677836300908));
#4907=CARTESIAN_POINT('',(231.114812367991,-8.210476707156,7.60778257659743));
#4908=CARTESIAN_POINT('',(231.287620360589,-8.25867992068806,7.61809065483024));
#4909=CARTESIAN_POINT('',(231.460435276064,-8.30688506529333,7.62839914601588));
#4910=CARTESIAN_POINT('',(231.643991817935,-8.32585747091567,7.638531447815));
#4911=CARTESIAN_POINT('',(231.822969962932,-8.31403536655707,7.64957940824603));
#4912=CARTESIAN_POINT('',(232.001915566145,-8.30221541169196,7.66062535993833));
#4913=CARTESIAN_POINT('',(232.181260820613,-8.25930172902503,7.67221534180929));
#4914=CARTESIAN_POINT('',(232.346192066109,-8.18882826232782,7.68291244617753));
#4915=CARTESIAN_POINT('',(232.511191289478,-8.11832574936766,7.69361395945199));
#4916=CARTESIAN_POINT('',(232.666305404025,-8.01828146946227,7.70375138125373));
#4917=CARTESIAN_POINT('',(232.798590042401,-7.89703784257395,7.71426935734418));
#4918=CARTESIAN_POINT('',(232.930826522632,-7.77583835435734,7.72478350437156));
#4919=CARTESIAN_POINT('',(233.043888137011,-7.63014776643013,7.73643837156452));
#4920=CARTESIAN_POINT('',(233.128460531697,-7.47198845891409,7.74736967699882));
#4921=CARTESIAN_POINT('',(233.213055078549,-7.31378772451087,7.75830384568513));
#4922=CARTESIAN_POINT('',(233.27146822704,-7.13873443822979,7.76873187837615));
#4923=CARTESIAN_POINT('',(233.298819002131,-6.96139107565499,7.77895599790503));
#4924=CARTESIAN_POINT('',(233.326162309692,-6.78409613280261,7.78917732596191));
#4925=CARTESIAN_POINT('',(233.323214366081,-6.59966821540745,7.80021879027862));
#4926=CARTESIAN_POINT('',(233.290248358089,-6.42339205900865,7.81142538561189));
#4927=CARTESIAN_POINT('',(233.257279375066,-6.24709999449601,7.82263299228894));
#4928=CARTESIAN_POINT('',(233.19336958863,-6.0740586066582,7.83370907626832));
#4929=CARTESIAN_POINT('',(233.103794599904,-5.91862314811194,7.84408192160383));
#4930=CARTESIAN_POINT('',(233.014210675274,-5.76317218349249,7.85445580172316));
#4931=CARTESIAN_POINT('',(232.896485258798,-5.62106387029709,7.86468231060822));
#4932=CARTESIAN_POINT('',(232.760453164759,-5.50413946795684,7.87572100938642));
#4933=CARTESIAN_POINT('',(232.624445185552,-5.38723579316823,7.88675775130024));
#4934=CARTESIAN_POINT('',(232.466363964633,-5.2922428432258,7.89820780783186));
#4935=CARTESIAN_POINT('',(232.299267730691,-5.2270235333496,7.90877849754516));
#4936=CARTESIAN_POINT('',(232.132121943171,-5.16178488222273,7.91935232207176));
#4937=CARTESIAN_POINT('',(231.951343466962,-5.12455545134107,7.9293803156633));
#4938=CARTESIAN_POINT('',(231.772019900703,-5.11844308055225,7.9399301573367));
#4939=CARTESIAN_POINT('',(231.716448145702,-5.11654887791596,7.94319951690285));
#4940=CARTESIAN_POINT('',(231.660708072451,-5.11755699075027,7.94657130917041));
#4941=CARTESIAN_POINT('',(231.60525065903,-5.12145776573415,7.95));
#4942=CARTESIAN_POINT('',(231.717514421272,-6.71751442127222,0.));
#4943=CARTESIAN_POINT('',(231.60525065903,-5.12145776573415,7.95));
#4944=CARTESIAN_POINT('',(231.423115924863,-5.10782701910968,7.97637660897652));
#4945=CARTESIAN_POINT('',(231.235999720281,-5.1254719284801,8.00335907080926));
#4946=CARTESIAN_POINT('',(231.05965848947,-5.17406006425483,8.02780385599828));
#4947=CARTESIAN_POINT('',(230.877770391341,-5.22417655469256,8.0530175593776));
#4948=CARTESIAN_POINT('',(230.702683745336,-5.30841080224912,8.07636633891828));
#4949=CARTESIAN_POINT('',(230.547532155254,-5.41611459907962,8.10000000000158));
#4950=CARTESIAN_POINT('',(230.547532155254,-5.41611459907962,8.10000000000158));
#4951=CARTESIAN_POINT('',(231.717514421272,-6.71751442127222,8.1));
#4952=CARTESIAN_POINT('',(232.887496687268,-5.41611459905946,8.10000000000002));
#4953=CARTESIAN_POINT('',(232.887496687268,-5.41611459905946,8.10000000000002));
#4954=CARTESIAN_POINT('',(232.998748282934,-5.52313931422629,8.0947888278304));
#4955=CARTESIAN_POINT('',(233.09623155697,-5.64639377860027,8.08907009305978));
#4956=CARTESIAN_POINT('',(233.175026086804,-5.7791280818101,8.08346738569037));
#4957=CARTESIAN_POINT('',(233.273790155721,-5.94550231993787,8.07644473858638));
#4958=CARTESIAN_POINT('',(233.345525780681,-6.13104038166579,8.0695853204985));
#4959=CARTESIAN_POINT('',(233.383985234803,-6.32067805961034,8.06306861225294));
#4960=CARTESIAN_POINT('',(233.422696896446,-6.5115593342145,8.0565091690578));
#4961=CARTESIAN_POINT('',(233.428417288286,-6.71213302551431,8.04980768124155));
#4962=CARTESIAN_POINT('',(233.399659861645,-6.9047397847849,8.0425326050947));
#4963=CARTESIAN_POINT('',(233.371778587405,-7.09147839469258,8.03547917866366));
#4964=CARTESIAN_POINT('',(233.311305076705,-7.27595087142355,8.02821697136391));
#4965=CARTESIAN_POINT('',(233.223332387068,-7.4430253393906,8.02148252710659));
#4966=CARTESIAN_POINT('',(233.135029020949,-7.61072781586319,8.01472276905761));
#4967=CARTESIAN_POINT('',(233.016386580891,-7.76568949487823,8.00827322939835));
#4968=CARTESIAN_POINT('',(232.87658862117,-7.89365458572427,8.00129000702703));
#4969=CARTESIAN_POINT('',(232.739643218235,-8.01900856773277,7.99444927628001));
#4970=CARTESIAN_POINT('',(232.578726533312,-8.12195021472648,7.98698132788087));
#4971=CARTESIAN_POINT('',(232.40772121427,-8.19422453082737,7.98004851607659));
#4972=CARTESIAN_POINT('',(232.238583630091,-8.26570946060645,7.97319142504153));
#4973=CARTESIAN_POINT('',(232.054724078501,-8.30923408840146,7.96666496352711));
#4974=CARTESIAN_POINT('',(231.871418060401,-8.32015864972514,7.96001703504363));
#4975=CARTESIAN_POINT('',(231.78282097989,-8.32543880500414,7.95680389964748));
#4976=CARTESIAN_POINT('',(231.693465817832,-8.32325158835768,7.95346704955176));
#4977=CARTESIAN_POINT('',(231.60525065917,-8.31357107682012,7.95));
#4978=CARTESIAN_POINT('',(231.717514421272,-6.71751442127222,6.35));
#4979=CARTESIAN_POINT('',(239.849242404918,-14.8492424049175,6.75));
#4980=CARTESIAN_POINT('',(239.961508017986,-13.2531858795661,6.75));
#4981=CARTESIAN_POINT('',(239.96150616716,-16.4452990604556,6.75));
#4982=CARTESIAN_POINT('',(239.96150616716,-16.4452990604556,6.75));
#4983=CARTESIAN_POINT('',(240.140490876763,-16.4327095970339,6.76106584664885));
#4984=CARTESIAN_POINT('',(240.319745908568,-16.3889919560759,6.77264734144711));
#4985=CARTESIAN_POINT('',(240.48444799442,-16.317749762429,6.78333596078924));
#4986=CARTESIAN_POINT('',(240.649132619704,-16.246515121383,6.79402344699842));
#4987=CARTESIAN_POINT('',(240.803800686255,-16.1457828388501,6.80414984952959));
#4988=CARTESIAN_POINT('',(240.935544408139,-16.0239542665234,6.81468611833473));
#4989=CARTESIAN_POINT('',(241.067240618506,-15.902169629955,6.82521858738295));
#4990=CARTESIAN_POINT('',(241.179654101362,-15.7559793072426,6.83688307859656));
#4991=CARTESIAN_POINT('',(241.263523869913,-15.5974455442926,6.84780234420038));
#4992=CARTESIAN_POINT('',(241.347416173273,-15.4388691852084,6.85872454368082));
#4993=CARTESIAN_POINT('',(241.405051964289,-15.2635559060547,6.86913304157714));
#4994=CARTESIAN_POINT('',(241.431614777148,-15.0860918837041,6.8793610623558));
#4995=CARTESIAN_POINT('',(241.458170097618,-14.9086779174097,6.88958619818699));
#4996=CARTESIAN_POINT('',(241.454403224658,-14.7242677597537,6.90066504583282));
#4997=CARTESIAN_POINT('',(241.420654943841,-14.5481400427296,6.91186927370016));
#4998=CARTESIAN_POINT('',(241.386903287879,-14.371994711279,6.92307462209557));
#4999=CARTESIAN_POINT('',(241.322224596877,-14.1992362819693,6.93412875613579));
#5000=CARTESIAN_POINT('',(241.231958896716,-14.0441988636672,6.94449283860426));
#5001=CARTESIAN_POINT('',(241.14168552291,-13.8891482653625,6.95485780214155));
#5002=CARTESIAN_POINT('',(241.023331751788,-13.7475666343804,6.96510831976345));
#5003=CARTESIAN_POINT('',(240.886783438536,-13.6312487253118,6.97615841931333));
#5004=CARTESIAN_POINT('',(240.750257975692,-13.5149502812348,6.98720666970605));
#5005=CARTESIAN_POINT('',(240.591755283604,-13.420659272555,6.9986398983148));
#5006=CARTESIAN_POINT('',(240.424369901798,-13.3561823383655,7.00919702157434));
#5007=CARTESIAN_POINT('',(240.256936172972,-13.2916867808787,7.01975719411726));
#5008=CARTESIAN_POINT('',(240.075994651908,-13.2552609410768,7.02977663510304));
#5009=CARTESIAN_POINT('',(239.896647983083,-13.2499448368712,7.040348254936));
#5010=CARTESIAN_POINT('',(239.717361339408,-13.244630511901,7.05091633657629));
#5011=CARTESIAN_POINT('',(239.534748751048,-13.2702374579471,7.06267496308213));
#5012=CARTESIAN_POINT('',(239.363860071255,-13.3246427885696,7.07366341694085));
#5013=CARTESIAN_POINT('',(239.192912513635,-13.3790668639542,7.08465565675125));
#5014=CARTESIAN_POINT('',(239.028982470468,-13.4638277788037,7.09513404343067));
#5015=CARTESIAN_POINT('',(238.885724273617,-13.5718885734932,7.10542143667512));
#5016=CARTESIAN_POINT('',(238.742505501721,-13.6799196296263,7.11570599880746));
#5017=CARTESIAN_POINT('',(238.616028717041,-13.8141827668968,7.12683650442981));
#5018=CARTESIAN_POINT('',(238.516750301062,-13.9635422337761,7.13795602352598));
#5019=CARTESIAN_POINT('',(238.417462256575,-14.1129161862673,7.14907662104751));
#5020=CARTESIAN_POINT('',(238.342622199309,-14.2815413305493,7.15996511707667));
#5021=CARTESIAN_POINT('',(238.298463374756,-14.4554348381936,7.17023192589002));
#5022=CARTESIAN_POINT('',(238.254305812165,-14.6293233763424,7.18049844130047));
#5023=CARTESIAN_POINT('',(238.23962319676,-14.8132571833654,7.19076854508931));
#5024=CARTESIAN_POINT('',(238.255614827383,-14.9918998411801,7.2018853760707));
#5025=CARTESIAN_POINT('',(238.271604370875,-15.1705191836281,7.21300075615008));
#5026=CARTESIAN_POINT('',(238.318690025823,-15.3488228505515,7.22450659995338));
#5027=CARTESIAN_POINT('',(238.392994524804,-15.5120712754901,7.2351310932632));
#5028=CARTESIAN_POINT('',(238.467326855334,-15.6753808468793,7.24575956609108));
#5029=CARTESIAN_POINT('',(238.570962210016,-15.8281168554626,7.25584502974922));
#5030=CARTESIAN_POINT('',(238.695250413093,-15.9575304914738,7.26646714320391));
#5031=CARTESIAN_POINT('',(238.819496136702,-16.0868998962369,7.2770856262117));
#5032=CARTESIAN_POINT('',(238.967780331613,-16.1965332941869,7.28877102991123));
#5033=CARTESIAN_POINT('',(239.127871730162,-16.2773965806292,7.29963693629738));
#5034=CARTESIAN_POINT('',(239.288010551226,-16.3582838205156,7.31050606139863));
#5035=CARTESIAN_POINT('',(239.464390471981,-16.4126007217687,7.32083453791339));
#5036=CARTESIAN_POINT('',(239.642327871282,-16.4358067357185,7.33108579711742));
#5037=CARTESIAN_POINT('',(239.820208841205,-16.4590053903333,7.34133380533442));
#5038=CARTESIAN_POINT('',(240.004503476365,-16.4517571947969,7.35256700245219));
#5039=CARTESIAN_POINT('',(240.179961845054,-16.4146895141856,7.36375568513407));
#5040=CARTESIAN_POINT('',(240.355444914773,-16.3776166151862,7.37494594295871));
#5041=CARTESIAN_POINT('',(240.526962040026,-16.3096818254872,7.38590602635453));
#5042=CARTESIAN_POINT('',(240.680272401747,-16.2164984688536,7.39623678158742));
#5043=CARTESIAN_POINT('',(240.833586188548,-16.1233130304272,7.40656776761788));
#5044=CARTESIAN_POINT('',(240.972896631863,-16.0023137584801,7.41693260066551));
#5045=CARTESIAN_POINT('',(241.08661025708,-15.8635997376338,7.42802333062498));
#5046=CARTESIAN_POINT('',(241.200309772495,-15.7249029286862,7.43911268442565));
#5047=CARTESIAN_POINT('',(241.291594870932,-15.5646419138859,7.45047045908012));
#5048=CARTESIAN_POINT('',(241.352900243446,-15.396063312192,7.46097116082917));
#5049=CARTESIAN_POINT('',(241.414220967733,-15.2274424959226,7.47147449210927));
#5050=CARTESIAN_POINT('',(241.447221033907,-15.045848429226,7.48146404180433));
#5051=CARTESIAN_POINT('',(241.449149933828,-14.8664441181161,7.49213659420283));
#5052=CARTESIAN_POINT('',(241.45107823292,-14.6870956892523,7.50280582223195));
#5053=CARTESIAN_POINT('',(241.422030156016,-14.5050004442636,7.51457473991593));
#5054=CARTESIAN_POINT('',(241.364407797785,-14.335166698178,7.5255096483491));
#5055=CARTESIAN_POINT('',(241.329912534706,-14.2334967920737,7.53205576264784));
#5056=CARTESIAN_POINT('',(241.284903045059,-14.1348128363219,7.53843170165047));
#5057=CARTESIAN_POINT('',(241.230731923048,-14.0420951375014,7.54463351267466));
#5058=CARTESIAN_POINT('',(241.230731923048,-14.0420951375014,7.54463351267466));
#5059=CARTESIAN_POINT('',(241.230731923048,-14.0420951375014,0.));
#5060=CARTESIAN_POINT('',(241.230731923048,-14.0420951375014,7.85632498202221));
#5061=CARTESIAN_POINT('',(241.230731923048,-14.0420951375014,7.85632498202221));
#5062=CARTESIAN_POINT('',(241.321213904353,-14.1969614348911,7.84530031206286));
#5063=CARTESIAN_POINT('',(241.386178513284,-14.3696433964851,7.83469865212327));
#5064=CARTESIAN_POINT('',(241.420204161388,-14.5457969242963,7.8244862935966));
#5065=CARTESIAN_POINT('',(241.454227452849,-14.721938251577,7.81427464238582));
#5066=CARTESIAN_POINT('',(241.458247783881,-14.906371799952,7.80355650676957));
#5067=CARTESIAN_POINT('',(241.43196019181,-15.0837725885933,7.79235150560606));
#5068=CARTESIAN_POINT('',(241.405672480533,-15.2611741816954,7.78114645363114));
#5069=CARTESIAN_POINT('',(241.348350548306,-15.4364845103872,7.76988856750163));
#5070=CARTESIAN_POINT('',(241.26471983241,-15.5951805070818,7.75942882654137));
#5071=CARTESIAN_POINT('',(241.18107053811,-15.7539117577907,7.74896676196951));
#5072=CARTESIAN_POINT('',(241.068785204213,-15.900383957468,7.73888917285986));
#5073=CARTESIAN_POINT('',(240.937250118303,-16.0223746291849,7.72797741899952));
#5074=CARTESIAN_POINT('',(240.805748596635,-16.1443341721393,7.71706844952744));
#5075=CARTESIAN_POINT('',(240.65137422807,-16.2452209426233,7.70549164622533));
#5076=CARTESIAN_POINT('',(240.486868264091,-16.3167005009851,7.69480303147546));
#5077=CARTESIAN_POINT('',(240.322306878065,-16.3882041408044,7.68411081573211));
#5078=CARTESIAN_POINT('',(240.143063305015,-16.4322360211431,7.67398866456989));
#5079=CARTESIAN_POINT('',(239.964083905694,-16.4451156548028,7.66359475235945));
#5080=CARTESIAN_POINT('',(239.78516992026,-16.4579905811784,7.65320463894488));
#5081=CARTESIAN_POINT('',(239.601629443618,-16.440106539391,7.64158688246279));
#5082=CARTESIAN_POINT('',(239.428603322541,-16.3929595948124,7.63049366779772));
#5083=CARTESIAN_POINT('',(239.2555321781,-16.3458003820628,7.6193975665521));
#5084=CARTESIAN_POINT('',(239.088195384261,-16.2680456296985,7.60872383435479));
#5085=CARTESIAN_POINT('',(238.940513771265,-16.1661373401267,7.5984487408001));
#5086=CARTESIAN_POINT('',(238.79285587072,-16.0642454134262,7.58817529706246));
#5087=CARTESIAN_POINT('',(238.660805416277,-15.9354209074656,7.5773789795881));
#5088=CARTESIAN_POINT('',(238.5553101522,-15.7903796560009,7.5662367806357));
#5089=CARTESIAN_POINT('',(238.449813945842,-15.6453371090298,7.55509448216134));
#5090=CARTESIAN_POINT('',(238.367933681691,-15.4800421509546,7.54399826882816));
#5091=CARTESIAN_POINT('',(238.316475483334,-15.3081820132507,7.53364995044154));
#5092=CARTESIAN_POINT('',(238.265012354108,-15.1363054074284,7.52330064045015));
#5093=CARTESIAN_POINT('',(238.24257373026,-14.9531289165363,7.51325244883198));
#5094=CARTESIAN_POINT('',(238.251014971719,-14.7739491663828,7.50227555976719));
#5095=CARTESIAN_POINT('',(238.259454355825,-14.5948088417003,7.49130108598103));
#5096=CARTESIAN_POINT('',(238.298974157625,-14.4146902549049,7.47965156969367));
#5097=CARTESIAN_POINT('',(238.366318738555,-14.2484617463247,7.4688947783082));
#5098=CARTESIAN_POINT('',(238.433692152266,-14.0821620689851,7.4581333815304));
#5099=CARTESIAN_POINT('',(238.530787949811,-13.9251865326735,7.44794357173805));
#5100=CARTESIAN_POINT('',(238.649516113149,-13.790631605408,7.43749550982238));
#5101=CARTESIAN_POINT('',(238.768200013098,-13.656126841953,7.42705134307881));
#5102=CARTESIAN_POINT('',(238.911734102516,-13.5403328955809,7.41545556008609));
#5103=CARTESIAN_POINT('',(239.068266351299,-13.4527910439049,7.40447560497072));
#5104=CARTESIAN_POINT('',(239.224834960759,-13.3652288572436,7.39349309933556));
#5105=CARTESIAN_POINT('',(239.398743788104,-13.3035231051041,7.38297935739758));
#5106=CARTESIAN_POINT('',(239.575534447811,-13.2728274994384,7.3727654519739));
#5107=CARTESIAN_POINT('',(239.752284137901,-13.2421390071985,7.36255391352934));
#5108=CARTESIAN_POINT('',(239.936747464732,-13.2416032370598,7.35167389376978));
#5109=CARTESIAN_POINT('',(240.113616811082,-13.2712353791519,7.34046307323387));
#5110=CARTESIAN_POINT('',(240.290494637309,-13.3008689419363,7.32925171520299));
#5111=CARTESIAN_POINT('',(240.464701356496,-13.361495302097,7.31808343396275));
#5112=CARTESIAN_POINT('',(240.621795134922,-13.4481134746036,7.30766974228774));
#5113=CARTESIAN_POINT('',(240.778914353472,-13.5347456742536,7.29725436419587));
#5114=CARTESIAN_POINT('',(240.923230746822,-13.6497723124288,7.2871156253258));
#5115=CARTESIAN_POINT('',(241.04270909721,-13.7835795809482,7.27613356566023));
#5116=CARTESIAN_POINT('',(241.162161410738,-13.9173576900338,7.26515389921774));
#5117=CARTESIAN_POINT('',(241.260118552784,-14.0736126576223,7.25363660692322));
#5118=CARTESIAN_POINT('',(241.328480258603,-14.2394429524528,7.24300734321682));
#5119=CARTESIAN_POINT('',(241.396864032043,-14.4053267784248,7.23237464831217));
#5120=CARTESIAN_POINT('',(241.437502199281,-14.5853709598669,7.22230418852474));
#5121=CARTESIAN_POINT('',(241.446999625043,-14.7645555373488,7.21183879381298));
#5122=CARTESIAN_POINT('',(241.456493664111,-14.9436762192645,7.20137713096436));
#5123=CARTESIAN_POINT('',(241.43514937082,-15.1268406948226,7.18967812433389));
#5124=CARTESIAN_POINT('',(241.38474384894,-15.2989482147589,7.17862883463903));
#5125=CARTESIAN_POINT('',(241.33432329189,-15.4711070716508,7.16757624911552));
#5126=CARTESIAN_POINT('',(241.253416170901,-15.6369565239526,7.15699213502485));
#5127=CARTESIAN_POINT('',(241.14873182894,-15.7826915127184,7.14671761196597));
#5128=CARTESIAN_POINT('',(241.044069948901,-15.9283952314025,7.13644529349213));
#5129=CARTESIAN_POINT('',(240.912783219322,-16.0579798004091,7.12549756950355));
#5130=CARTESIAN_POINT('',(240.765778155049,-16.1607157057253,7.11435987964395));
#5131=CARTESIAN_POINT('',(240.61876579452,-16.2634567101002,7.10322163699093));
#5132=CARTESIAN_POINT('',(240.451944458199,-16.3422046908013,7.09221742340256));
#5133=CARTESIAN_POINT('',(240.279136465601,-16.3904079043334,7.08190934516976));
#5134=CARTESIAN_POINT('',(240.106321550126,-16.4386130489386,7.07160085398412));
#5135=CARTESIAN_POINT('',(239.922765008255,-16.457585454561,7.061468552185));
#5136=CARTESIAN_POINT('',(239.743786863258,-16.4457633502024,7.05042059175397));
#5137=CARTESIAN_POINT('',(239.564841260045,-16.4339433953372,7.03937464006166));
#5138=CARTESIAN_POINT('',(239.385496005577,-16.3910297126703,7.0277846581907));
#5139=CARTESIAN_POINT('',(239.220564760081,-16.3205562459731,7.01708755382246));
#5140=CARTESIAN_POINT('',(239.055565536712,-16.2500537330129,7.00638604054798));
#5141=CARTESIAN_POINT('',(238.900451422165,-16.1500094531075,6.99624861874625));
#5142=CARTESIAN_POINT('',(238.768166783788,-16.0287658262192,6.9857306426558));
#5143=CARTESIAN_POINT('',(238.635930303558,-15.9075663380026,6.97521649562841));
#5144=CARTESIAN_POINT('',(238.522868689179,-15.7618757500754,6.96356162843544));
#5145=CARTESIAN_POINT('',(238.438296294493,-15.6037164425593,6.95263032300115));
#5146=CARTESIAN_POINT('',(238.353701747641,-15.4455157081561,6.94169615431484));
#5147=CARTESIAN_POINT('',(238.29528859915,-15.270462421875,6.93126812162382));
#5148=CARTESIAN_POINT('',(238.267937824059,-15.0931190593002,6.92104400209495));
#5149=CARTESIAN_POINT('',(238.240594516498,-14.9158241164478,6.91082267403807));
#5150=CARTESIAN_POINT('',(238.243542460108,-14.7313961990527,6.89978120972138));
#5151=CARTESIAN_POINT('',(238.276508468101,-14.5551200426539,6.8885746143881));
#5152=CARTESIAN_POINT('',(238.309477451124,-14.3788279781412,6.87736700771105));
#5153=CARTESIAN_POINT('',(238.37338723756,-14.2057865903034,6.86629092373164));
#5154=CARTESIAN_POINT('',(238.462962226286,-14.0503511317571,6.85591807839614));
#5155=CARTESIAN_POINT('',(238.552546150916,-13.8949001671377,6.84554419827681));
#5156=CARTESIAN_POINT('',(238.670271567392,-13.7527918539423,6.83531768939176));
#5157=CARTESIAN_POINT('',(238.806303661431,-13.6358674516021,6.82427899061355));
#5158=CARTESIAN_POINT('',(238.942311640638,-13.5189637768135,6.81324224869973));
#5159=CARTESIAN_POINT('',(239.100392861557,-13.423970826871,6.80179219216813));
#5160=CARTESIAN_POINT('',(239.267489095499,-13.3587515169948,6.79122150245483));
#5161=CARTESIAN_POINT('',(239.434634883019,-13.293512865868,6.78064767792824));
#5162=CARTESIAN_POINT('',(239.615413359228,-13.2562834349863,6.77061968433669));
#5163=CARTESIAN_POINT('',(239.794736925487,-13.2501710641975,6.7600698426633));
#5164=CARTESIAN_POINT('',(239.850309295566,-13.2482768405959,6.75680044691132));
#5165=CARTESIAN_POINT('',(239.906049984968,-13.249284996371,6.75342856147455));
#5166=CARTESIAN_POINT('',(239.96150801797,-13.2531858795632,6.74999999999999));
#5167=CARTESIAN_POINT('',(239.849242404918,-14.8492424049175,7.95));
#5168=CARTESIAN_POINT('',(241.449242404918,-14.8492424049175,7.95));
#5169=CARTESIAN_POINT('',(239.849242404918,-14.8492424049175,0.));
#5170=CARTESIAN_POINT('',(239.849242404918,-14.8492424049175,6.35));
#5171=CARTESIAN_POINT('',(225.,1.42398112988694E-14,6.75));
#5172=CARTESIAN_POINT('',(230.,1.42398112988694E-14,6.75));
#5173=CARTESIAN_POINT('',(225.,1.42398112988694E-14,15.));
#5174=CARTESIAN_POINT('',(212.979184719829,-17.6776695296642,6.75));
#5175=CARTESIAN_POINT('',(215.240518998593,-4.10262675191473,6.75));
#5176=CARTESIAN_POINT('',(207.322330470336,12.0208152801711,6.75));
#5177=CARTESIAN_POINT('',(220.897373248085,9.75948100140694,6.75));
#5178=CARTESIAN_POINT('',(237.020815280171,17.677669529664,6.75));
#5179=CARTESIAN_POINT('',(234.759481001407,4.10262675191455,6.75));
#5180=CARTESIAN_POINT('',(242.677669529664,-12.0208152801713,6.75));
#5181=CARTESIAN_POINT('',(229.102626751915,-9.75948100140695,6.75));
#5182=CARTESIAN_POINT('',(210.150757595083,-14.8492424049177,6.75));
#5183=CARTESIAN_POINT('',(208.849357772839,-13.6792601389509,6.75));
#5184=CARTESIAN_POINT('',(208.84935777287,-16.0192246709137,6.75));
#5185=CARTESIAN_POINT('',(208.84935777287,-16.0192246709137,6.75));
#5186=CARTESIAN_POINT('',(208.975889511406,-16.1362824250786,6.75));
#5187=CARTESIAN_POINT('',(209.122592339591,-16.234324385325,6.75));
#5188=CARTESIAN_POINT('',(209.278638068371,-16.3075536772563,6.75));
#5189=CARTESIAN_POINT('',(209.449479138241,-16.3877261412977,6.75));
#5190=CARTESIAN_POINT('',(209.636121587737,-16.4405407556499,6.75));
#5191=CARTESIAN_POINT('',(209.823805284095,-16.4602670139471,6.75));
#5192=CARTESIAN_POINT('',(209.96949315019,-16.4755793534477,6.75));
#5193=CARTESIAN_POINT('',(210.118810115778,-16.4710389104937,6.75));
#5194=CARTESIAN_POINT('',(210.263021357325,-16.4452990604558,6.75));
#5195=CARTESIAN_POINT('',(210.263023208156,-13.2531858795671,6.75));
#5196=CARTESIAN_POINT('',(210.149926286988,-13.2330000019605,6.75));
#5197=CARTESIAN_POINT('',(210.033847263234,-13.2257400340309,6.75));
#5198=CARTESIAN_POINT('',(209.91908429172,-13.2310167376885,6.75));
#5199=CARTESIAN_POINT('',(209.745423558226,-13.2390015102638,6.75));
#5200=CARTESIAN_POINT('',(209.571176850879,-13.2756078066022,6.75));
#5201=CARTESIAN_POINT('',(209.408311361322,-13.3364078005312,6.75));
#5202=CARTESIAN_POINT('',(209.232110465039,-13.4021860906615,6.75));
#5203=CARTESIAN_POINT('',(209.064356349761,-13.4982076028023,6.75));
#5204=CARTESIAN_POINT('',(208.919374473671,-13.618014926905,6.75));
#5205=CARTESIAN_POINT('',(208.895471912168,-13.6377670642759,6.75));
#5206=CARTESIAN_POINT('',(208.872119105276,-13.6582030469682,6.75));
#5207=CARTESIAN_POINT('',(208.849357772839,-13.6792601389509,6.75));
#5208=CARTESIAN_POINT('',(230.656854249492,5.65685424949237,6.75));
#5209=CARTESIAN_POINT('',(229.355454427248,6.82683651545925,6.75));
#5210=CARTESIAN_POINT('',(229.35545442728,4.48687198349629,6.75000000000001));
#5211=CARTESIAN_POINT('',(229.35545442728,4.48687198349629,6.75000000000001));
#5212=CARTESIAN_POINT('',(229.481986165815,4.36981422933139,6.75000000000001));
#5213=CARTESIAN_POINT('',(229.628688994,4.27177226908497,6.75));
#5214=CARTESIAN_POINT('',(229.78473472278,4.19854297715371,6.75));
#5215=CARTESIAN_POINT('',(229.95557579265,4.1183705131123,6.75));
#5216=CARTESIAN_POINT('',(230.142218242146,4.06555589876007,6.75));
#5217=CARTESIAN_POINT('',(230.329901938504,4.04582964046292,6.75));
#5218=CARTESIAN_POINT('',(230.475589804599,4.03051730096234,6.75));
#5219=CARTESIAN_POINT('',(230.624906770187,4.03505774391644,6.75));
#5220=CARTESIAN_POINT('',(230.769118011734,4.0607975939543,6.75));
#5221=CARTESIAN_POINT('',(230.769119862562,7.25291077484345,6.75));
#5222=CARTESIAN_POINT('',(230.656022941395,7.2730966524497,6.75));
#5223=CARTESIAN_POINT('',(230.539943917642,7.28035662037916,6.75));
#5224=CARTESIAN_POINT('',(230.425180946129,7.27507991672156,6.75));
#5225=CARTESIAN_POINT('',(230.251520212635,7.26709514414624,6.75));
#5226=CARTESIAN_POINT('',(230.077273505288,7.23048884780785,6.75));
#5227=CARTESIAN_POINT('',(229.914408015731,7.16968885387883,6.75));
#5228=CARTESIAN_POINT('',(229.738207119448,7.10391056374858,6.75));
#5229=CARTESIAN_POINT('',(229.57045300417,7.00788905160784,6.75));
#5230=CARTESIAN_POINT('',(229.42547112808,6.88808172750516,6.75));
#5231=CARTESIAN_POINT('',(229.401568566577,6.86832959013429,6.75));
#5232=CARTESIAN_POINT('',(229.378215759686,6.84789360744196,6.75));
#5233=CARTESIAN_POINT('',(229.355454427248,6.82683651545925,6.75));
#5234=CARTESIAN_POINT('',(219.343145750508,-5.65685424949238,6.75));
#5235=CARTESIAN_POINT('',(218.041745928264,-4.48687198352543,6.75));
#5236=CARTESIAN_POINT('',(218.04174592831,-6.8268365155051,6.75000000000121));
#5237=CARTESIAN_POINT('',(218.04174592831,-6.8268365155051,6.75000000000121));
#5238=CARTESIAN_POINT('',(218.168277666843,-6.9438942696635,6.75000000000121));
#5239=CARTESIAN_POINT('',(218.314980495023,-7.04193622990299,6.75));
#5240=CARTESIAN_POINT('',(218.471026223796,-7.11516552183119,6.75));
#5241=CARTESIAN_POINT('',(218.641867293666,-7.19533798587257,6.75));
#5242=CARTESIAN_POINT('',(218.828509743163,-7.24815260022476,6.75));
#5243=CARTESIAN_POINT('',(219.01619343952,-7.26787885852187,6.75));
#5244=CARTESIAN_POINT('',(219.161881305615,-7.28319119802241,6.75));
#5245=CARTESIAN_POINT('',(219.311198271203,-7.27865075506831,6.75));
#5246=CARTESIAN_POINT('',(219.45540951275,-7.25291090503046,6.75));
#5247=CARTESIAN_POINT('',(219.455411363578,-4.06079772414129,6.75));
#5248=CARTESIAN_POINT('',(219.342314442411,-4.04061184653499,6.75));
#5249=CARTESIAN_POINT('',(219.226235418657,-4.03335187860555,6.75));
#5250=CARTESIAN_POINT('',(219.111472447143,-4.03862858226324,6.75));
#5251=CARTESIAN_POINT('',(218.93781171365,-4.04661335483867,6.75));
#5252=CARTESIAN_POINT('',(218.763565006303,-4.08321965117718,6.75));
#5253=CARTESIAN_POINT('',(218.600699516746,-4.1440196451063,6.75));
#5254=CARTESIAN_POINT('',(218.424498620463,-4.20979793523667,6.75));
#5255=CARTESIAN_POINT('',(218.256744505185,-4.30581944737766,6.75));
#5256=CARTESIAN_POINT('',(218.111762629095,-4.42562677148051,6.75));
#5257=CARTESIAN_POINT('',(218.087860067593,-4.44537890885108,6.75));
#5258=CARTESIAN_POINT('',(218.064507260701,-4.46581489154305,6.75));
#5259=CARTESIAN_POINT('',(218.041745928264,-4.48687198352543,6.75));
#5260=CARTESIAN_POINT('',(239.849242404917,14.8492424049176,6.75));
#5261=CARTESIAN_POINT('',(238.547842582673,16.0192246708845,6.75));
#5262=CARTESIAN_POINT('',(238.547842582716,13.6792601389094,6.75000000000087));
#5263=CARTESIAN_POINT('',(238.547842582716,13.6792601389094,6.75000000000087));
#5264=CARTESIAN_POINT('',(238.674374321249,13.5622023847492,6.75000000000087));
#5265=CARTESIAN_POINT('',(238.82107714943,13.4641604245078,6.75));
#5266=CARTESIAN_POINT('',(238.977122878205,13.3909311325788,6.75));
#5267=CARTESIAN_POINT('',(239.147963948075,13.3107586685374,6.75));
#5268=CARTESIAN_POINT('',(239.334606397572,13.2579440541852,6.75));
#5269=CARTESIAN_POINT('',(239.522290093929,13.2382177958881,6.75));
#5270=CARTESIAN_POINT('',(239.667977960024,13.2229054563876,6.75));
#5271=CARTESIAN_POINT('',(239.817294925612,13.2274458993417,6.75));
#5272=CARTESIAN_POINT('',(239.961506167159,13.2531857493795,6.75));
#5273=CARTESIAN_POINT('',(239.961508017991,16.4452989302681,6.75));
#5274=CARTESIAN_POINT('',(239.848411096823,16.4654848078748,6.75));
#5275=CARTESIAN_POINT('',(239.732332073069,16.4727447758044,6.75));
#5276=CARTESIAN_POINT('',(239.617569101554,16.4674680721468,6.75));
#5277=CARTESIAN_POINT('',(239.443908368061,16.4594832995715,6.75));
#5278=CARTESIAN_POINT('',(239.269661660713,16.4228770032332,6.75));
#5279=CARTESIAN_POINT('',(239.106796171156,16.3620770093042,6.75));
#5280=CARTESIAN_POINT('',(238.930595274873,16.296298719174,6.75));
#5281=CARTESIAN_POINT('',(238.762841159596,16.2002772070332,6.75));
#5282=CARTESIAN_POINT('',(238.617859283505,16.0804698829306,6.75));
#5283=CARTESIAN_POINT('',(238.593956722002,16.0607177455597,6.75));
#5284=CARTESIAN_POINT('',(238.570603915111,16.0402817628673,6.75));
#5285=CARTESIAN_POINT('',(238.547842582673,16.0192246708845,6.75));
#5286=CARTESIAN_POINT('',(239.849242404918,-14.8492424049175,6.75));
#5287=CARTESIAN_POINT('',(238.547842582674,-13.6792601389507,6.75));
#5288=CARTESIAN_POINT('',(238.547842582705,-16.0192246709134,6.75));
#5289=CARTESIAN_POINT('',(238.547842582705,-16.0192246709134,6.75));
#5290=CARTESIAN_POINT('',(238.674374321241,-16.1362824250785,6.75));
#5291=CARTESIAN_POINT('',(238.821077149427,-16.2343243853251,6.74999999999999));
#5292=CARTESIAN_POINT('',(238.977122878206,-16.3075536772563,6.74999999999999));
#5293=CARTESIAN_POINT('',(239.147963948076,-16.3877261412977,6.74999999999999));
#5294=CARTESIAN_POINT('',(239.334606397573,-16.4405407556498,6.75));
#5295=CARTESIAN_POINT('',(239.52229009393,-16.460267013947,6.75));
#5296=CARTESIAN_POINT('',(239.667977960025,-16.4755793534475,6.75));
#5297=CARTESIAN_POINT('',(239.817294925613,-16.4710389104934,6.75));
#5298=CARTESIAN_POINT('',(239.96150616716,-16.4452990604556,6.75));
#5299=CARTESIAN_POINT('',(239.961508017986,-13.2531858795661,6.75));
#5300=CARTESIAN_POINT('',(239.84841109682,-13.2330000019601,6.75));
#5301=CARTESIAN_POINT('',(239.732332073068,-13.2257400340308,6.75));
#5302=CARTESIAN_POINT('',(239.617569101555,-13.2310167376883,6.75));
#5303=CARTESIAN_POINT('',(239.443908368062,-13.2390015102635,6.75));
#5304=CARTESIAN_POINT('',(239.269661660715,-13.2756078066018,6.75));
#5305=CARTESIAN_POINT('',(239.106796171158,-13.3364078005308,6.75));
#5306=CARTESIAN_POINT('',(238.930595274875,-13.4021860906609,6.75));
#5307=CARTESIAN_POINT('',(238.762841159597,-13.4982076028016,6.75));
#5308=CARTESIAN_POINT('',(238.617859283506,-13.6180149269042,6.75));
#5309=CARTESIAN_POINT('',(238.593956722004,-13.6377670642753,6.75));
#5310=CARTESIAN_POINT('',(238.570603915112,-13.6582030469678,6.75));
#5311=CARTESIAN_POINT('',(238.547842582674,-13.6792601389507,6.75));
#5312=CARTESIAN_POINT('',(239.849242404918,-14.8492424049174,6.75));
#5313=CARTESIAN_POINT('',(229.102626751915,-9.75948100140695,-8.67361737988404E-16));
#5314=CARTESIAN_POINT('',(242.677669529664,-12.0208152801713,-8.67361737988404E-16));
#5315=CARTESIAN_POINT('',(234.759481001407,4.10262675191455,-8.67361737988404E-16));
#5316=CARTESIAN_POINT('',(237.020815280171,17.677669529664,-8.67361737988403E-16));
#5317=CARTESIAN_POINT('',(220.897373248085,9.75948100140694,-8.67361737988404E-16));
#5318=CARTESIAN_POINT('',(207.322330470336,12.0208152801711,-8.67361737988404E-16));
#5319=CARTESIAN_POINT('',(215.240518998593,-4.10262675191473,-8.67361737988404E-16));
#5320=CARTESIAN_POINT('',(212.979184719829,-17.6776695296642,-8.67361737988404E-16));
#5321=CARTESIAN_POINT('',(169.372166581032,15.,15.));
#5322=CARTESIAN_POINT('',(203.769890754398,22.9943104334153,15.));
#5323=CARTESIAN_POINT('',(169.372166581032,93.,15.));
#5324=CARTESIAN_POINT('',(211.770106087177,26.9252652179222,15.));
#5325=CARTESIAN_POINT('',(211.770106087167,26.9252652179172,15.));
#5326=CARTESIAN_POINT('',(211.770106087167,-26.9252652179172,15.));
#5327=CARTESIAN_POINT('',(225.,0.,15.));
#5328=CARTESIAN_POINT('',(203.769890754398,-22.9943104334154,15.));
#5329=CARTESIAN_POINT('',(203.769890754398,-22.9943104334154,15.));
#5330=CARTESIAN_POINT('',(169.372166581032,-15.,15.));
#5331=CARTESIAN_POINT('',(169.372166581032,-93.,15.));
#5332=CARTESIAN_POINT('',(169.372166581032,0.,-4.54277288160059));
#5333=CARTESIAN_POINT('',(202.500697708913,3.69537756502102,17.8755640276776));
#5334=CARTESIAN_POINT('',(191.7,3.69537756502102,10.3128340739726));
#5335=CARTESIAN_POINT('',(202.500697708911,-3.69537756502151,17.8755640276799));
#5336=CARTESIAN_POINT('',(191.7,-3.69537756502151,10.3128340739761));
#5337=CARTESIAN_POINT('',(191.7,0.,11.0913443902516));
#5338=CARTESIAN_POINT('',(191.7,-3.65523582917005,10.0686944179561));
#5339=CARTESIAN_POINT('',(191.7,3.65523585385657,10.0686945494541));
#5340=CARTESIAN_POINT('',(192.826574013652,3.50771456945868,10.0717264179725));
#5341=CARTESIAN_POINT('',(193.906210224573,3.21094177848555,10.0781719270807));
#5342=CARTESIAN_POINT('',(195.397444400622,2.36131449009854,10.0906949625308));
#5343=CARTESIAN_POINT('',(195.860637659546,2.00993755229277,10.0952682956446));
#5344=CARTESIAN_POINT('',(196.576487819151,1.13422494632519,10.1028718156507));
#5345=CARTESIAN_POINT('',(196.827738736124,0.578342363241194,10.1058334928034));
#5346=CARTESIAN_POINT('',(196.833243651557,-0.557844700933733,10.1058972835792));
#5347=CARTESIAN_POINT('',(196.586789487387,-1.11665900439286,10.1029341435622));
#5348=CARTESIAN_POINT('',(195.873149630626,-1.99921422964956,10.095320429771));
#5349=CARTESIAN_POINT('',(195.410722820096,-2.35133965247486,10.0907626799018));
#5350=CARTESIAN_POINT('',(193.93732121144,-3.19778531210133,10.078383344564));
#5351=CARTESIAN_POINT('',(192.82945608687,-3.50733694670418,10.0717330854279));
#5352=CARTESIAN_POINT('',(191.7,-3.65523582917005,10.0686944179561));
#5353=CARTESIAN_POINT('',(191.7,3.65523585385657,10.0686945494541));
#5354=CARTESIAN_POINT('',(191.7,0.,11.0913443902516));
#5355=CARTESIAN_POINT('',(202.134917509206,0.,18.3979522907942));
#5356=CARTESIAN_POINT('',(210.,3.69537756502102,10.067864877863));
#5357=CARTESIAN_POINT('',(210.,2.48062350030825,10.0931136430187));
#5358=CARTESIAN_POINT('',(210.,1.25312930974171,10.1057743518323));
#5359=CARTESIAN_POINT('',(210.,-1.2265264705365,10.1059560295098));
#5360=CARTESIAN_POINT('',(210.,-2.48061702010214,10.0931137777105));
#5361=CARTESIAN_POINT('',(210.,-3.69537756502151,10.0678648778631));
#5362=CARTESIAN_POINT('',(210.,-3.69537756502151,10.0678648778631));
#5363=CARTESIAN_POINT('',(210.,-3.69537756502151,11.8178648778631));
#5364=CARTESIAN_POINT('',(210.,0.0133014196026088,10.105865190671));
#5365=CARTESIAN_POINT('',(191.7,3.69537756502102,10.067864877863));
#5366=CARTESIAN_POINT('',(191.7,2.48062350030825,10.0931136430187));
#5367=CARTESIAN_POINT('',(191.7,1.25312930974171,10.1057743518323));
#5368=CARTESIAN_POINT('',(191.7,-1.2265264705365,10.1059560295098));
#5369=CARTESIAN_POINT('',(191.7,-2.48061702010214,10.0931137777105));
#5370=CARTESIAN_POINT('',(191.7,-3.69537756502151,10.0678648778631));
#5371=CARTESIAN_POINT('',(191.7,3.69537756502102,10.067864877863));
#5372=CARTESIAN_POINT('',(191.7,3.69537756502102,10.067864877863));
#5373=CARTESIAN_POINT('',(191.7,0.0133014196026088,10.105865190671));
#5374=CARTESIAN_POINT('',(191.7,-3.69537756502151,10.0678648778631));
#5375=CARTESIAN_POINT('',(191.7,-3.69537756502151,10.0678648778631));
#5376=CARTESIAN_POINT('',(191.7,-3.69537756502151,11.8178648778631));
#5377=CARTESIAN_POINT('',(191.7,-3.69537756502151,11.8178648778631));
#5378=CARTESIAN_POINT('',(191.7,3.69537756502102,10.067864877863));
#5379=CARTESIAN_POINT('',(191.7,2.48062350030825,10.0931136430187));
#5380=CARTESIAN_POINT('',(191.7,1.25312930974171,10.1057743518323));
#5381=CARTESIAN_POINT('',(191.7,-1.2265264705365,10.1059560295098));
#5382=CARTESIAN_POINT('',(191.7,-2.48061702010214,10.0931137777105));
#5383=CARTESIAN_POINT('',(191.7,-3.69537756502151,10.0678648778631));
#5384=CARTESIAN_POINT('',(210.,3.69537756502102,10.067864877863));
#5385=CARTESIAN_POINT('',(210.,2.48062350030825,10.0931136430187));
#5386=CARTESIAN_POINT('',(210.,1.25312930974171,10.1057743518323));
#5387=CARTESIAN_POINT('',(210.,-1.2265264705365,10.1059560295098));
#5388=CARTESIAN_POINT('',(210.,-2.48061702010214,10.0931137777105));
#5389=CARTESIAN_POINT('',(210.,-3.69537756502151,10.0678648778631));
#5390=CARTESIAN_POINT('',(210.,3.69537756502102,10.067864877863));
#5391=CARTESIAN_POINT('',(191.7,3.69537756502102,10.067864877863));
#5392=CARTESIAN_POINT('',(191.7,-3.69537756502151,10.0678648778631));
#5393=CARTESIAN_POINT('',(191.7,-2.48061702010214,10.0931137777105));
#5394=CARTESIAN_POINT('',(191.7,-1.2265264705365,10.1059560295098));
#5395=CARTESIAN_POINT('',(191.7,1.25312930974171,10.1057743518323));
#5396=CARTESIAN_POINT('',(191.7,2.48062350030825,10.0931136430187));
#5397=CARTESIAN_POINT('',(191.7,3.69537756502102,10.067864877863));
#5398=CARTESIAN_POINT('',(210.,3.69537756502102,10.067864877863));
#5399=CARTESIAN_POINT('',(191.7,3.69537756502102,10.067864877863));
#5400=CARTESIAN_POINT('',(191.7,0.0133014196026088,10.105865190671));
#5401=CARTESIAN_POINT('',(210.,0.0133014196026088,10.105865190671));
#5402=CARTESIAN_POINT('',(208.565740751823,15.7753022823581,7.01912784203626));
#5403=CARTESIAN_POINT('',(208.971990835066,15.5379471375858,7.29106656551963));
#5404=CARTESIAN_POINT('',(208.639753434627,15.7320597286538,7.06867100599761));
#5405=CARTESIAN_POINT('',(208.639753434627,15.7320597286538,8.55));
#5406=CARTESIAN_POINT('',(208.639753434627,15.7320597286538,6.93037049930552));
#5407=CARTESIAN_POINT('',(208.971990835066,15.5379471375858,6.7079749397835));
#5408=CARTESIAN_POINT('',(208.565740751823,15.7753022823581,6.97991366326686));
#5409=CARTESIAN_POINT('',(208.971990835066,15.5379471375858,6.99952075265156));
#5410=CARTESIAN_POINT('',(208.639753434627,15.7320597286538,6.93037049930552));
#5411=CARTESIAN_POINT('',(208.535012782074,15.5527887090196,6.94207164479022));
#5412=CARTESIAN_POINT('',(208.461560767107,15.3514813368393,6.9532206274767));
#5413=CARTESIAN_POINT('',(208.426245379285,15.1468287244387,6.96397940083818));
#5414=CARTESIAN_POINT('',(208.392883552541,14.9534969951669,6.97414302511064));
#5415=CARTESIAN_POINT('',(208.392501637084,14.7517604085711,6.98502916502253));
#5416=CARTESIAN_POINT('',(208.425102052113,14.5583593579356,6.99628593357493));
#5417=CARTESIAN_POINT('',(208.457696627829,14.3649929488627,7.00754068584019));
#5418=CARTESIAN_POINT('',(208.52416511489,14.1745804432027,7.01873245692397));
#5419=CARTESIAN_POINT('',(208.619024173084,14.0029016201654,7.02911440141904));
#5420=CARTESIAN_POINT('',(208.71391038862,13.8311736469403,7.03949931817657));
#5421=CARTESIAN_POINT('',(208.839825784101,13.673471012383,7.04956988389873));
#5422=CARTESIAN_POINT('',(208.986254899855,13.5429371294136,7.06057700156708));
#5423=CARTESIAN_POINT('',(209.132636580852,13.4124455320441,7.07158055355148));
#5424=CARTESIAN_POINT('',(209.303570743303,13.3054683215427,7.08315487837134));
#5425=CARTESIAN_POINT('',(209.484943786534,13.230850619117,7.09377322786484));
#5426=CARTESIAN_POINT('',(209.6663681494,13.1562118035574,7.10439458182815));
#5427=CARTESIAN_POINT('',(209.863244313184,13.1119094764984,7.11438603078202));
#5428=CARTESIAN_POINT('',(210.059163049363,13.1016410661692,7.12482508979568));
#5429=CARTESIAN_POINT('',(210.25503818569,13.0913749409771,7.13526182569603));
#5430=CARTESIAN_POINT('',(210.455321620026,13.1148262515432,7.14703729739228));
#5431=CARTESIAN_POINT('',(210.643496228372,13.1700435961804,7.1581165319678));
#5432=CARTESIAN_POINT('',(210.831684167193,13.2252648524688,7.16919655140723));
#5433=CARTESIAN_POINT('',(211.012957042203,13.3137964321673,7.1797508149998));
#5434=CARTESIAN_POINT('',(211.172239590879,13.4283009802757,7.18997981516068));
#5435=CARTESIAN_POINT('',(211.331524167121,13.5428069859549,7.20020894553029));
#5436=CARTESIAN_POINT('',(211.473179212286,13.6864165361177,7.21116211288806));
#5437=CARTESIAN_POINT('',(211.585476146116,13.8472031445491,7.22233806363232));
#5438=CARTESIAN_POINT('',(211.697756817398,14.0079664682852,7.23351239590468));
#5439=CARTESIAN_POINT('',(211.783809267815,14.1903695158092,7.24452775172903));
#5440=CARTESIAN_POINT('',(211.836479964248,14.3793061389268,7.25479475159017));
#5441=CARTESIAN_POINT('',(211.88917018966,14.5683128150241,7.26506555819837));
#5442=CARTESIAN_POINT('',(211.909891888556,14.7690607401006,7.27512635603743));
#5443=CARTESIAN_POINT('',(211.896937972609,14.9648022990791,7.28620385945424));
#5444=CARTESIAN_POINT('',(211.883988379215,15.1604785416603,7.29727766645309));
#5445=CARTESIAN_POINT('',(211.837044381792,15.3565903991109,7.3089347418788));
#5446=CARTESIAN_POINT('',(211.759973285309,15.5369377315892,7.31963048103874));
#5447=CARTESIAN_POINT('',(211.682883244902,15.717329393088,7.33032884919038));
#5448=CARTESIAN_POINT('',(211.573510814825,15.8869136632935,7.3403952039955));
#5449=CARTESIAN_POINT('',(211.440967345678,16.0315531929374,7.35088883063466));
#5450=CARTESIAN_POINT('',(211.308459663619,16.1761536695237,7.36137962396671));
#5451=CARTESIAN_POINT('',(211.149174714332,16.2998012494255,7.37310421164457));
#5452=CARTESIAN_POINT('',(210.976257646522,16.3923074278743,7.38405569497198));
#5453=CARTESIAN_POINT('',(210.80332227126,16.4848234003387,7.39500833777869));
#5454=CARTESIAN_POINT('',(210.611969339194,16.5487323447954,7.40539498074966));
#5455=CARTESIAN_POINT('',(210.418102845737,16.5787008510652,7.41556753742997));
#5456=CARTESIAN_POINT('',(210.224222971028,16.6086714258522,7.42574079625097));
#5457=CARTESIAN_POINT('',(210.022526274245,16.6055229198525,7.43679047270585));
#5458=CARTESIAN_POINT('',(209.829730726186,16.5695452124041,7.44804292047805));
#5459=CARTESIAN_POINT('',(209.636962687629,16.5335726385224,7.45929376266735));
#5460=CARTESIAN_POINT('',(209.447735814591,16.4637805992408,7.47039199918603));
#5461=CARTESIAN_POINT('',(209.277740387412,16.3659298991335,7.48073218473788));
#5462=CARTESIAN_POINT('',(209.107700436091,16.2680535705816,7.4910750785266));
#5463=CARTESIAN_POINT('',(208.952232110445,16.139403080611,7.50123451976196));
#5464=CARTESIAN_POINT('',(208.824283834813,15.9907183631912,7.51229931784389));
#5465=CARTESIAN_POINT('',(208.696374591164,15.8420790036272,7.52336074049137));
#5466=CARTESIAN_POINT('',(208.592400681863,15.6692966897594,7.53486723648788));
#5467=CARTESIAN_POINT('',(208.520966029264,15.4866429477388,7.54542611082712));
#5468=CARTESIAN_POINT('',(208.449509124717,15.3039323089386,7.55598827426376));
#5469=CARTESIAN_POINT('',(208.408658234724,15.1063024543006,7.56593663144924));
#5470=CARTESIAN_POINT('',(208.401820727027,14.9102328267797,7.57646163439385));
#5471=CARTESIAN_POINT('',(208.394985014793,14.7142146852303,7.58698387357536));
#5472=CARTESIAN_POINT('',(208.421935851812,14.5143778396228,7.59881281360769));
#5473=CARTESIAN_POINT('',(208.480437508797,14.3271975702981,7.60984273659455));
#5474=CARTESIAN_POINT('',(208.538945158532,14.1399981267396,7.62087378945648));
#5475=CARTESIAN_POINT('',(208.630640662473,13.96029462188,7.63134039525768));
#5476=CARTESIAN_POINT('',(208.747918639229,13.8030383789542,7.64157812460786));
#5477=CARTESIAN_POINT('',(208.865192400301,13.6457877887744,7.65181548595178));
#5478=CARTESIAN_POINT('',(209.011248513138,13.5066776428381,7.66291946642197));
#5479=CARTESIAN_POINT('',(209.173971172169,13.3972133817868,7.67408183648525));
#5480=CARTESIAN_POINT('',(209.336676167094,13.2877610034595,7.68524299483467));
#5481=CARTESIAN_POINT('',(209.520563603328,13.2049102748473,7.69616347016043));
#5482=CARTESIAN_POINT('',(209.71039650336,13.1555534993337,7.70639522108617));
#5483=CARTESIAN_POINT('',(209.900294743719,13.1061797352588,7.71663049377213));
#5484=CARTESIAN_POINT('',(210.101364941947,13.0889753179122,7.72680086291798));
#5485=CARTESIAN_POINT('',(210.296843088253,13.1053504849049,7.73793725819366));
#5486=CARTESIAN_POINT('',(210.492259723637,13.1217204991393,7.7490701491904));
#5487=CARTESIAN_POINT('',(210.687524768598,13.1720878323429,7.76065959324297));
#5488=CARTESIAN_POINT('',(210.866499346345,13.2523035377406,7.77129543551573));
#5489=CARTESIAN_POINT('',(211.045521541341,13.3325405850033,7.78193410751751));
#5490=CARTESIAN_POINT('',(211.213171009814,13.4448685345352,7.79195622666695));
#5491=CARTESIAN_POINT('',(211.355468379665,13.579922931534,7.80253355059751));
#5492=CARTESIAN_POINT('',(211.497723326043,13.714937064426,7.8131077210839));
#5493=CARTESIAN_POINT('',(211.618563426662,13.8763578465115,7.82486324304771));
#5494=CARTESIAN_POINT('',(211.708030550227,14.0508684679847,7.83576167069603));
#5495=CARTESIAN_POINT('',(211.797510134374,14.2254033945182,7.84666161622871));
#5496=CARTESIAN_POINT('',(211.858062270077,14.4178554526516,7.85696542131698));
#5497=CARTESIAN_POINT('',(211.884632127247,14.6122210837069,7.86715804247762));
#5498=CARTESIAN_POINT('',(211.911202356502,14.8065894366601,7.87735080637581));
#5499=CARTESIAN_POINT('',(211.904524929412,15.0081849708642,7.88855931248458));
#5500=CARTESIAN_POINT('',(211.865180755215,15.2003167958932,7.89979870375108));
#5501=CARTESIAN_POINT('',(211.825840700807,15.3924285025035,7.91103691812365));
#5502=CARTESIAN_POINT('',(211.752745541935,15.58041221453,7.92204004192372));
#5503=CARTESIAN_POINT('',(211.651932513312,15.7486721491879,7.93234406096935));
#5504=CARTESIAN_POINT('',(211.551096360721,15.9169706784329,7.94265044349718));
#5505=CARTESIAN_POINT('',(211.419751802742,16.0701555103619,7.95291956984481));
#5506=CARTESIAN_POINT('',(211.268857349673,16.1954789884286,7.9640297459989));
#5507=CARTESIAN_POINT('',(211.118005493427,16.3207670882425,7.97513678580034));
#5508=CARTESIAN_POINT('',(210.943427563362,16.4217056988221,7.98656898109598));
#5509=CARTESIAN_POINT('',(210.759549260484,16.4899351574269,7.99706981582746));
#5510=CARTESIAN_POINT('',(210.5756085356,16.558187778197,8.00757421532517));
#5511=CARTESIAN_POINT('',(210.37728630314,16.5955742283237,8.01748892702729));
#5512=CARTESIAN_POINT('',(210.181126925546,16.5989788718653,8.02811248132113));
#5513=CARTESIAN_POINT('',(209.985025942594,16.6023825018793,8.0387328730914));
#5514=CARTESIAN_POINT('',(209.785694350659,16.5719403787969,8.05058415843161));
#5515=CARTESIAN_POINT('',(209.599565002205,16.5101718813123,8.06156101116191));
#5516=CARTESIAN_POINT('',(209.413411145356,16.4483952505227,8.07253930925827));
#5517=CARTESIAN_POINT('',(209.235332446535,16.3535634281026,8.08292237265016));
#5518=CARTESIAN_POINT('',(209.080151163299,16.2335479594195,8.09317859859903));
#5519=CARTESIAN_POINT('',(209.046025920919,16.2071558786684,8.09543400072689));
#5520=CARTESIAN_POINT('',(209.012855126598,16.179482552406,8.09770148730385));
#5521=CARTESIAN_POINT('',(208.980775329072,16.1506422271177,8.10000000000098));
#5522=CARTESIAN_POINT('',(211.320739861077,16.1506422271307,8.10000000000006));
#5523=CARTESIAN_POINT('',(211.458463409698,16.0268262354992,8.09013212832974));
#5524=CARTESIAN_POINT('',(211.577696698965,15.8791122423801,8.07915544289862));
#5525=CARTESIAN_POINT('',(211.669662035996,15.7183967636898,8.06874092351887));
#5526=CARTESIAN_POINT('',(211.76706444437,15.5481796450128,8.0577106886238));
#5527=CARTESIAN_POINT('',(211.836399626478,15.3587426145147,8.04718046452752));
#5528=CARTESIAN_POINT('',(211.871885283776,15.165817007833,8.03701969967668));
#5529=CARTESIAN_POINT('',(211.907376553871,14.9728608859403,8.02685732768883));
#5530=CARTESIAN_POINT('',(211.909980969071,14.7711308102648,8.01607468102933));
#5531=CARTESIAN_POINT('',(211.879511504865,14.5773786165764,8.00481998311168));
#5532=CARTESIAN_POINT('',(211.849048161136,14.3836653423734,7.99356754595321));
#5533=CARTESIAN_POINT('',(211.78468170412,14.1925361640993,7.98231809351208));
#5534=CARTESIAN_POINT('',(211.691720343469,14.0198246524651,7.97190730917097));
#5535=CARTESIAN_POINT('',(211.598731393896,13.8470618837873,7.96149343513408));
#5536=CARTESIAN_POINT('',(211.474558382668,13.6879785987033,7.95146635289502));
#5537=CARTESIAN_POINT('',(211.329572384521,13.5558377148841,7.94050209636152));
#5538=CARTESIAN_POINT('',(211.184634637399,13.4237408072635,7.92954148870873));
#5539=CARTESIAN_POINT('',(211.014890403494,13.3148898986208,7.91792815960753));
#5540=CARTESIAN_POINT('',(210.834352026782,13.2382803777583,7.90727197307574));
#5541=CARTESIAN_POINT('',(210.653765841468,13.1616505698288,7.8966129646653));
#5542=CARTESIAN_POINT('',(210.457395306567,13.1151828768386,7.88658987257786));
#5543=CARTESIAN_POINT('',(210.261602773935,13.102756405453,7.87619856733095));
#5544=CARTESIAN_POINT('',(210.065848458011,13.0903323595881,7.86580929036097));
#5545=CARTESIAN_POINT('',(209.865314150487,13.1115771039064,7.85408179949544));
#5546=CARTESIAN_POINT('',(209.676542767594,13.1647186450995,7.84297379360651));
#5547=CARTESIAN_POINT('',(209.487761992497,13.2178628303174,7.83186523504556));
#5548=CARTESIAN_POINT('',(209.305529893207,13.3043892080055,7.82125405606045));
#5549=CARTESIAN_POINT('',(209.144997110027,13.4171300326846,7.81102578557628));
#5550=CARTESIAN_POINT('',(208.984457312696,13.5298757833429,7.80079706818879));
#5551=CARTESIAN_POINT('',(208.84122228072,13.6719227698659,7.78994038099247));
#5552=CARTESIAN_POINT('',(208.727159725284,13.831465855223,7.77876027186089));
#5553=CARTESIAN_POINT('',(208.613116167706,13.990982367646,7.7675820248489));
#5554=CARTESIAN_POINT('',(208.525062067788,14.1724229841553,7.75650766812528));
#5555=CARTESIAN_POINT('',(208.470313941892,14.3607660713534,7.74621552633751));
#5556=CARTESIAN_POINT('',(208.415544893324,14.5491811361846,7.73591945128085));
#5557=CARTESIAN_POINT('',(208.392612514791,14.7496932916606,7.72591589623035));
#5558=CARTESIAN_POINT('',(208.403410731456,14.9455696501604,7.7148820756945));
#5559=CARTESIAN_POINT('',(208.414205250535,15.1413789355851,7.70385203342102));
#5560=CARTESIAN_POINT('',(208.458987259175,15.3379932368573,7.69215611484391));
#5561=CARTESIAN_POINT('',(208.534066950581,15.5191762523854,7.68142231049947));
#5562=CARTESIAN_POINT('',(208.609164095779,15.7004013875662,7.67068601086533));
#5563=CARTESIAN_POINT('',(208.716658912771,15.8711764653653,7.66058733713562));
#5564=CARTESIAN_POINT('',(208.847600660874,16.0172672354864,7.65014011468335));
#5565=CARTESIAN_POINT('',(208.978509676023,16.1633214856841,7.63969550383868));
#5566=CARTESIAN_POINT('',(209.136426073837,16.2887176711397,7.6280052383617));
#5567=CARTESIAN_POINT('',(209.308313344338,16.3831223494986,7.61702220201475));
#5568=CARTESIAN_POINT('',(209.480215060673,16.4775349618619,7.60603824262607));
#5569=CARTESIAN_POINT('',(209.67084620253,16.5435464851831,7.59559726063723));
#5570=CARTESIAN_POINT('',(209.864367949632,16.5756493589636,7.58543223680116));
#5571=CARTESIAN_POINT('',(210.057909770466,16.6077555627289,7.57526615856182));
#5572=CARTESIAN_POINT('',(210.259638748063,16.6068290416688,7.56431912653534));
#5573=CARTESIAN_POINT('',(210.452822215503,16.5729758428624,7.55306289638014));
#5574=CARTESIAN_POINT('',(210.64597364276,16.5391282587326,7.54180853311179));
#5575=CARTESIAN_POINT('',(210.835953493569,16.4714257863889,7.53065118657213));
#5576=CARTESIAN_POINT('',(211.007014575768,16.3754547043785,7.52028532578191));
#5577=CARTESIAN_POINT('',(211.178123265565,16.2794569128874,7.50991658009395));
#5578=CARTESIAN_POINT('',(211.335003701256,16.1525231768568,7.49981575777009));
#5579=CARTESIAN_POINT('',(211.464584018763,16.0052528410459,7.48878579460719));
#5580=CARTESIAN_POINT('',(211.594123188753,15.8580292701204,7.47775933394845));
#5581=CARTESIAN_POINT('',(211.699991190566,15.6864041256415,7.46620933837379));
#5582=CARTESIAN_POINT('',(211.773431933167,15.5045499605899,7.45561314981932));
#5583=CARTESIAN_POINT('',(211.84689423607,15.3226424078599,7.445013850498));
#5584=CARTESIAN_POINT('',(211.889919087033,15.1254798177846,7.43503942702793));
#5585=CARTESIAN_POINT('',(211.898916349644,14.9294980517509,7.42456997231443));
#5586=CARTESIAN_POINT('',(211.907911471811,14.7335629096735,7.41410300827855));
#5587=CARTESIAN_POINT('',(211.883162381263,14.5334381131882,7.40230432078823));
#5588=CARTESIAN_POINT('',(211.826725940321,14.3456253820158,7.3912428740827));
#5589=CARTESIAN_POINT('',(211.770284824922,14.1577970948915,7.3801805111915));
#5590=CARTESIAN_POINT('',(211.680577583832,13.9770993164121,7.36965916023082));
#5591=CARTESIAN_POINT('',(211.565041108783,13.818561977785,7.35942803035146));
#5592=CARTESIAN_POINT('',(211.449505260202,13.6600254987875,7.34919695594786));
#5593=CARTESIAN_POINT('',(211.304983891813,13.5193086219076,7.33818738994049));
#5594=CARTESIAN_POINT('',(211.143474130545,13.4080575173271,7.32701550072881));
#5595=CARTESIAN_POINT('',(210.981985623452,13.2968210530412,7.31584508170252));
#5596=CARTESIAN_POINT('',(210.799026072917,13.2119520461475,7.30486475651112));
#5597=CARTESIAN_POINT('',(210.60975060713,13.1605075486149,7.29461151820526));
#5598=CARTESIAN_POINT('',(210.420406608444,13.1090444240482,7.28435456740482));
#5599=CARTESIAN_POINT('',(210.219531783324,13.0896254889125,7.27425567190873));
#5600=CARTESIAN_POINT('',(210.023880804424,13.1038478134303,7.26315486072296));
#5601=CARTESIAN_POINT('',(209.828293858687,13.1180654832287,7.2520576826396));
#5602=CARTESIAN_POINT('',(209.632488863548,13.1662797961122,7.240424854961));
#5603=CARTESIAN_POINT('',(209.452643806893,13.2445190210472,7.22975142453529));
#5604=CARTESIAN_POINT('',(209.272753169419,13.3227780753169,7.21907528898278));
#5605=CARTESIAN_POINT('',(209.1038797756,13.4332497516391,7.20902637339058));
#5606=CARTESIAN_POINT('',(208.960103006837,13.5667286032411,7.19850316879499));
#5607=CARTESIAN_POINT('',(208.816366636616,13.7001699498196,7.18798292102013));
#5608=CARTESIAN_POINT('',(208.693755286676,13.8602519232796,7.17624335451472));
#5609=CARTESIAN_POINT('',(208.602372095566,14.033765645661,7.16531114329557));
#5610=CARTESIAN_POINT('',(208.510978081529,14.2072999180617,7.15437763732494));
#5611=CARTESIAN_POINT('',(208.448310812131,14.3990670012753,7.14402222457161));
#5612=CARTESIAN_POINT('',(208.419600728878,14.5931254304783,7.13384341191666));
#5613=CARTESIAN_POINT('',(208.390889250785,14.787193287752,7.12366410473765));
#5614=CARTESIAN_POINT('',(208.395345733749,14.9888596201444,7.11255480086081));
#5615=CARTESIAN_POINT('',(208.432572298176,15.1814159822784,7.10130620990816));
#5616=CARTESIAN_POINT('',(208.469792694199,15.3739404380145,7.09005948283585));
#5617=CARTESIAN_POINT('',(208.540807278865,15.5627063992643,7.07899674524521));
#5618=CARTESIAN_POINT('',(208.639753434627,15.7320597286538,7.06867100599761));
#5619=CARTESIAN_POINT('',(210.150757595082,14.8492424049174,8.55));
#5620=CARTESIAN_POINT('',(211.517435268485,14.8492424049174,8.25845418713193));
#5621=CARTESIAN_POINT('',(211.517435268485,14.4914470267017,8.23345418713193));
#5622=CARTESIAN_POINT('',(211.221295170392,13.7787048296076,8.18345418713193));
#5623=CARTESIAN_POINT('',(210.150757595082,13.3344946824675,8.10845418713193));
#5624=CARTESIAN_POINT('',(209.080220019772,13.7787048296076,8.03345418713193));
#5625=CARTESIAN_POINT('',(208.636009872632,14.8492424049174,7.95845418713194));
#5626=CARTESIAN_POINT('',(209.080220019772,15.9197799802272,7.88345418713193));
#5627=CARTESIAN_POINT('',(210.150757595082,16.3639901273673,7.80845418713193));
#5628=CARTESIAN_POINT('',(211.221295170392,15.9197799802272,7.73345418713193));
#5629=CARTESIAN_POINT('',(211.665505317532,14.8492424049174,7.65845418713193));
#5630=CARTESIAN_POINT('',(211.221295170392,13.7787048296076,7.58345418713193));
#5631=CARTESIAN_POINT('',(210.150757595082,13.3344946824675,7.50845418713193));
#5632=CARTESIAN_POINT('',(209.080220019772,13.7787048296076,7.43345418713193));
#5633=CARTESIAN_POINT('',(208.636009872632,14.8492424049174,7.35845418713193));
#5634=CARTESIAN_POINT('',(209.080220019772,15.9197799802272,7.28345418713193));
#5635=CARTESIAN_POINT('',(210.150757595082,16.3639901273673,7.20845418713193));
#5636=CARTESIAN_POINT('',(211.221295170392,15.9197799802272,7.13345418713193));
#5637=CARTESIAN_POINT('',(211.665505317532,14.8492424049174,7.05845418713193));
#5638=CARTESIAN_POINT('',(211.221295170392,13.7787048296076,6.98345418713193));
#5639=CARTESIAN_POINT('',(210.150757595082,13.3344946824675,6.90845418713193));
#5640=CARTESIAN_POINT('',(209.080220019772,13.7787048296076,6.83345418713193));
#5641=CARTESIAN_POINT('',(208.684420393269,14.732574017858,6.76662777134912));
#5642=CARTESIAN_POINT('',(208.851156428148,15.3295973476717,6.72480135556631));
#5643=CARTESIAN_POINT('',(208.971990835066,15.5379471375858,6.7079749397835));
#5644=CARTESIAN_POINT('',(211.988446954104,14.8492424049174,8.5303929106153));
#5645=CARTESIAN_POINT('',(211.988446954104,14.3681364557605,8.5053929106153));
#5646=CARTESIAN_POINT('',(211.59024515595,13.4097548440494,8.4553929106153));
#5647=CARTESIAN_POINT('',(210.150757595082,12.8124521468187,8.3803929106153));
#5648=CARTESIAN_POINT('',(208.711270034214,13.4097548440494,8.3053929106153));
#5649=CARTESIAN_POINT('',(208.113967336983,14.8492424049174,8.2303929106153));
#5650=CARTESIAN_POINT('',(208.711270034214,16.2887299657854,8.1553929106153));
#5651=CARTESIAN_POINT('',(210.150757595082,16.8860326630161,8.0803929106153));
#5652=CARTESIAN_POINT('',(211.59024515595,16.2887299657854,8.0053929106153));
#5653=CARTESIAN_POINT('',(212.187547853181,14.8492424049174,7.9303929106153));
#5654=CARTESIAN_POINT('',(211.59024515595,13.4097548440494,7.8553929106153));
#5655=CARTESIAN_POINT('',(210.150757595082,12.8124521468187,7.7803929106153));
#5656=CARTESIAN_POINT('',(208.711270034214,13.4097548440494,7.7053929106153));
#5657=CARTESIAN_POINT('',(208.113967336983,14.8492424049174,7.6303929106153));
#5658=CARTESIAN_POINT('',(208.711270034214,16.2887299657854,7.5553929106153));
#5659=CARTESIAN_POINT('',(210.150757595082,16.8860326630161,7.4803929106153));
#5660=CARTESIAN_POINT('',(211.59024515595,16.2887299657854,7.4053929106153));
#5661=CARTESIAN_POINT('',(212.187547853181,14.8492424049174,7.3303929106153));
#5662=CARTESIAN_POINT('',(211.59024515595,13.4097548440494,7.2553929106153));
#5663=CARTESIAN_POINT('',(210.150757595082,12.8124521468187,7.1803929106153));
#5664=CARTESIAN_POINT('',(208.711270034214,13.4097548440494,7.1053929106153));
#5665=CARTESIAN_POINT('',(208.179062055636,14.6923654341394,7.03856649483249));
#5666=CARTESIAN_POINT('',(208.403261984431,15.4951468372735,6.99674007904967));
#5667=CARTESIAN_POINT('',(208.565740751823,15.7753022823581,6.97991366326686));
#5668=CARTESIAN_POINT('',(211.988446954104,14.8492424049174,8.5696070893847));
#5669=CARTESIAN_POINT('',(211.988446954104,14.3681364557605,8.5446070893847));
#5670=CARTESIAN_POINT('',(211.59024515595,13.4097548440494,8.4946070893847));
#5671=CARTESIAN_POINT('',(210.150757595082,12.8124521468187,8.4196070893847));
#5672=CARTESIAN_POINT('',(208.711270034214,13.4097548440494,8.3446070893847));
#5673=CARTESIAN_POINT('',(208.113967336983,14.8492424049174,8.2696070893847));
#5674=CARTESIAN_POINT('',(208.711270034214,16.2887299657854,8.1946070893847));
#5675=CARTESIAN_POINT('',(210.150757595082,16.8860326630161,8.1196070893847));
#5676=CARTESIAN_POINT('',(211.59024515595,16.2887299657854,8.0446070893847));
#5677=CARTESIAN_POINT('',(212.187547853181,14.8492424049174,7.9696070893847));
#5678=CARTESIAN_POINT('',(211.59024515595,13.4097548440494,7.8946070893847));
#5679=CARTESIAN_POINT('',(210.150757595082,12.8124521468187,7.8196070893847));
#5680=CARTESIAN_POINT('',(208.711270034214,13.4097548440494,7.7446070893847));
#5681=CARTESIAN_POINT('',(208.113967336983,14.8492424049174,7.6696070893847));
#5682=CARTESIAN_POINT('',(208.711270034214,16.2887299657854,7.5946070893847));
#5683=CARTESIAN_POINT('',(210.150757595082,16.8860326630161,7.5196070893847));
#5684=CARTESIAN_POINT('',(211.59024515595,16.2887299657854,7.4446070893847));
#5685=CARTESIAN_POINT('',(212.187547853181,14.8492424049174,7.3696070893847));
#5686=CARTESIAN_POINT('',(211.59024515595,13.4097548440494,7.2946070893847));
#5687=CARTESIAN_POINT('',(210.150757595082,12.8124521468187,7.2196070893847));
#5688=CARTESIAN_POINT('',(208.711270034214,13.4097548440494,7.1446070893847));
#5689=CARTESIAN_POINT('',(208.179062055636,14.6923654341394,7.07778067360189));
#5690=CARTESIAN_POINT('',(208.403261984431,15.4951468372735,7.03595425781908));
#5691=CARTESIAN_POINT('',(208.565740751823,15.7753022823581,7.01912784203626));
#5692=CARTESIAN_POINT('',(211.517435268485,14.8492424049174,8.84154581286807));
#5693=CARTESIAN_POINT('',(211.517435268485,14.4914470267017,8.81654581286807));
#5694=CARTESIAN_POINT('',(211.221295170392,13.7787048296076,8.76654581286807));
#5695=CARTESIAN_POINT('',(210.150757595082,13.3344946824675,8.69154581286807));
#5696=CARTESIAN_POINT('',(209.080220019772,13.7787048296076,8.61654581286807));
#5697=CARTESIAN_POINT('',(208.636009872632,14.8492424049174,8.54154581286807));
#5698=CARTESIAN_POINT('',(209.080220019772,15.9197799802272,8.46654581286807));
#5699=CARTESIAN_POINT('',(210.150757595082,16.3639901273673,8.39154581286807));
#5700=CARTESIAN_POINT('',(211.221295170392,15.9197799802272,8.31654581286807));
#5701=CARTESIAN_POINT('',(211.665505317532,14.8492424049174,8.24154581286807));
#5702=CARTESIAN_POINT('',(211.221295170392,13.7787048296076,8.16654581286807));
#5703=CARTESIAN_POINT('',(210.150757595082,13.3344946824675,8.09154581286807));
#5704=CARTESIAN_POINT('',(209.080220019772,13.7787048296076,8.01654581286807));
#5705=CARTESIAN_POINT('',(208.636009872632,14.8492424049174,7.94154581286807));
#5706=CARTESIAN_POINT('',(209.080220019772,15.9197799802272,7.86654581286807));
#5707=CARTESIAN_POINT('',(210.150757595082,16.3639901273673,7.79154581286807));
#5708=CARTESIAN_POINT('',(211.221295170392,15.9197799802272,7.71654581286807));
#5709=CARTESIAN_POINT('',(211.665505317532,14.8492424049174,7.64154581286807));
#5710=CARTESIAN_POINT('',(211.221295170392,13.7787048296076,7.56654581286807));
#5711=CARTESIAN_POINT('',(210.150757595082,13.3344946824675,7.49154581286807));
#5712=CARTESIAN_POINT('',(209.080220019772,13.7787048296076,7.41654581286807));
#5713=CARTESIAN_POINT('',(208.684420393269,14.732574017858,7.34971939708525));
#5714=CARTESIAN_POINT('',(208.851156428148,15.3295973476717,7.30789298130244));
#5715=CARTESIAN_POINT('',(208.971990835066,15.5379471375858,7.29106656551963));
#5716=CARTESIAN_POINT('',(241.434259248176,15.7753022823583,7.68087215796374));
#5717=CARTESIAN_POINT('',(241.028009164933,15.537947137586,7.40893343448037));
#5718=CARTESIAN_POINT('',(241.360246565372,15.732059728654,7.63132899400239));
#5719=CARTESIAN_POINT('',(241.360246565372,15.732059728654,6.45));
#5720=CARTESIAN_POINT('',(241.360246565372,15.732059728654,7.76962950069448));
#5721=CARTESIAN_POINT('',(241.028009164933,15.537947137586,7.99202506021651));
#5722=CARTESIAN_POINT('',(241.434259248176,15.7753022823583,7.72008633673314));
#5723=CARTESIAN_POINT('',(241.028009164933,15.5379471375861,7.70047924734843));
#5724=CARTESIAN_POINT('',(241.360246565372,15.732059728654,7.76962950069448));
#5725=CARTESIAN_POINT('',(241.435627497953,15.6030399420156,7.76120828851562));
#5726=CARTESIAN_POINT('',(241.494829703092,15.4631483788343,7.75302870236434));
#5727=CARTESIAN_POINT('',(241.534964774083,15.3191786709082,7.7452052484098));
#5728=CARTESIAN_POINT('',(241.587654999495,15.1301719948109,7.73493444180159));
#5729=CARTESIAN_POINT('',(241.608376698391,14.9294240697344,7.72487364396254));
#5730=CARTESIAN_POINT('',(241.595422782444,14.7336825107559,7.71379614054574));
#5731=CARTESIAN_POINT('',(241.58247318905,14.5380062681747,7.70272233354691));
#5732=CARTESIAN_POINT('',(241.535529191627,14.3418944107241,7.69106525812118));
#5733=CARTESIAN_POINT('',(241.458458095144,14.1615470782458,7.68036951896125));
#5734=CARTESIAN_POINT('',(241.381368054737,13.9811554167469,7.66967115080961));
#5735=CARTESIAN_POINT('',(241.27199562466,13.8115711465416,7.65960479600451));
#5736=CARTESIAN_POINT('',(241.139452155512,13.6669316168976,7.64911116936536));
#5737=CARTESIAN_POINT('',(241.006944473454,13.5223311403113,7.6386203760333));
#5738=CARTESIAN_POINT('',(240.847659524167,13.3986835604095,7.62689578835542));
#5739=CARTESIAN_POINT('',(240.674742456357,13.3061773819607,7.61594430502801));
#5740=CARTESIAN_POINT('',(240.501807081095,13.2136614094963,7.60499166222132));
#5741=CARTESIAN_POINT('',(240.310454149028,13.1497524650395,7.59460501925033));
#5742=CARTESIAN_POINT('',(240.116587655572,13.1197839587698,7.58443246257003));
#5743=CARTESIAN_POINT('',(239.922707780863,13.0898133839828,7.57425920374904));
#5744=CARTESIAN_POINT('',(239.72101108408,13.0929618899825,7.56320952729415));
#5745=CARTESIAN_POINT('',(239.528215536021,13.1289395974309,7.55195707952195));
#5746=CARTESIAN_POINT('',(239.335447497464,13.1649121713126,7.54070623733265));
#5747=CARTESIAN_POINT('',(239.146220624426,13.2347042105942,7.52960800081398));
#5748=CARTESIAN_POINT('',(238.976225197247,13.3325549107015,7.51926781526214));
#5749=CARTESIAN_POINT('',(238.806185245926,13.4304312392535,7.50892492147343));
#5750=CARTESIAN_POINT('',(238.65071692028,13.559081729224,7.49876548023806));
#5751=CARTESIAN_POINT('',(238.522768644648,13.7077664466438,7.48770068215613));
#5752=CARTESIAN_POINT('',(238.394859400999,13.8564058062078,7.47663925950864));
#5753=CARTESIAN_POINT('',(238.290885491698,14.0291881200756,7.4651327635121));
#5754=CARTESIAN_POINT('',(238.219450839099,14.2118418620962,7.45457388917289));
#5755=CARTESIAN_POINT('',(238.147993934552,14.3945525008964,7.44401172573628));
#5756=CARTESIAN_POINT('',(238.107143044559,14.5921823555344,7.43406336855079));
#5757=CARTESIAN_POINT('',(238.100305536862,14.7882519830553,7.42353836560619));
#5758=CARTESIAN_POINT('',(238.093469824628,14.9842701246047,7.41301612642469));
#5759=CARTESIAN_POINT('',(238.120420661647,15.1841069702122,7.40118718639237));
#5760=CARTESIAN_POINT('',(238.178922318632,15.3712872395369,7.39015726340552));
#5761=CARTESIAN_POINT('',(238.237429968367,15.5584866830954,7.37912621054359));
#5762=CARTESIAN_POINT('',(238.329125472308,15.738190187955,7.36865960474233));
#5763=CARTESIAN_POINT('',(238.446403449064,15.8954464308808,7.35842187539215));
#5764=CARTESIAN_POINT('',(238.563677210136,16.0526970210606,7.34818451404823));
#5765=CARTESIAN_POINT('',(238.709733322973,16.1918071669969,7.33708053357802));
#5766=CARTESIAN_POINT('',(238.872455982004,16.3012714280482,7.32591816351474));
#5767=CARTESIAN_POINT('',(239.035160976929,16.4107238063755,7.31475700516532));
#5768=CARTESIAN_POINT('',(239.219048413163,16.4935745349877,7.30383652983957));
#5769=CARTESIAN_POINT('',(239.408881313195,16.5429313105013,7.29360477891383));
#5770=CARTESIAN_POINT('',(239.598779553554,16.5923050745762,7.28336950622787));
#5771=CARTESIAN_POINT('',(239.799849751781,16.6095094919228,7.27319913708202));
#5772=CARTESIAN_POINT('',(239.995327898088,16.5931343249301,7.26206274180634));
#5773=CARTESIAN_POINT('',(240.190744533472,16.5767643106957,7.2509298508096));
#5774=CARTESIAN_POINT('',(240.386009578433,16.5263969774921,7.23934040675703));
#5775=CARTESIAN_POINT('',(240.56498415618,16.4461812720944,7.22870456448426));
#5776=CARTESIAN_POINT('',(240.744006351176,16.3659442248317,7.21806589248246));
#5777=CARTESIAN_POINT('',(240.911655819649,16.2536162752998,7.20804377333304));
#5778=CARTESIAN_POINT('',(241.0539531895,16.118561878301,7.19746644940248));
#5779=CARTESIAN_POINT('',(241.196208135878,15.9835477454089,7.18689227891607));
#5780=CARTESIAN_POINT('',(241.317048236497,15.8221269633235,7.17513675695227));
#5781=CARTESIAN_POINT('',(241.406515360062,15.6476163418503,7.16423832930394));
#5782=CARTESIAN_POINT('',(241.495994944209,15.4730814153168,7.15333838377125));
#5783=CARTESIAN_POINT('',(241.556547079912,15.2806293571834,7.143034578683));
#5784=CARTESIAN_POINT('',(241.583116937082,15.0862637261281,7.13284195752237));
#5785=CARTESIAN_POINT('',(241.609687166337,14.8918953731749,7.12264919362419));
#5786=CARTESIAN_POINT('',(241.603009739247,14.6902998389708,7.11144068751543));
#5787=CARTESIAN_POINT('',(241.56366556505,14.4981680139418,7.10020129624891));
#5788=CARTESIAN_POINT('',(241.524325510642,14.3060563073315,7.08896308187634));
#5789=CARTESIAN_POINT('',(241.45123035177,14.118072595305,7.0779599580763));
#5790=CARTESIAN_POINT('',(241.350417323147,13.9498126606471,7.06765593903066));
#5791=CARTESIAN_POINT('',(241.249581170556,13.7815141314022,7.05734955650282));
#5792=CARTESIAN_POINT('',(241.118236612577,13.6283292994731,7.04708043015517));
#5793=CARTESIAN_POINT('',(240.967342159508,13.5030058214064,7.03597025400109));
#5794=CARTESIAN_POINT('',(240.816490303262,13.3777177215924,7.02486321419965));
#5795=CARTESIAN_POINT('',(240.641912373197,13.2767791110129,7.01343101890402));
#5796=CARTESIAN_POINT('',(240.458034070319,13.2085496524081,7.00293018417254));
#5797=CARTESIAN_POINT('',(240.274093345435,13.140297031638,6.99242578467482));
#5798=CARTESIAN_POINT('',(240.075771112975,13.1029105815113,6.98251107297271));
#5799=CARTESIAN_POINT('',(239.879611735381,13.0995059379697,6.97188751867887));
#5800=CARTESIAN_POINT('',(239.683510752429,13.0961023079557,6.9612671269086));
#5801=CARTESIAN_POINT('',(239.484179160494,13.1265444310381,6.94941584156839));
#5802=CARTESIAN_POINT('',(239.29804981204,13.1883129285227,6.93843898883808));
#5803=CARTESIAN_POINT('',(239.111895955191,13.2500895593123,6.92746069074172));
#5804=CARTESIAN_POINT('',(238.93381725637,13.3449213817324,6.91707762734986));
#5805=CARTESIAN_POINT('',(238.778635973134,13.4649368504155,6.906821401401));
#5806=CARTESIAN_POINT('',(238.623467598108,13.5849423360341,6.89656602858021));
#5807=CARTESIAN_POINT('',(238.48694413374,13.7334005631724,6.88531777584658));
#5808=CARTESIAN_POINT('',(238.380345705893,13.8980103156798,6.87417693124484));
#5809=CARTESIAN_POINT('',(238.273754830979,14.0626084049138,6.86303687601745));
#5810=CARTESIAN_POINT('',(238.194131680805,14.2479249854382,6.85221194027744));
#5811=CARTESIAN_POINT('',(238.14810455201,14.4385965655309,6.84200907869004));
#5812=CARTESIAN_POINT('',(238.102063217136,14.6293269955977,6.83180306803272));
#5813=CARTESIAN_POINT('',(238.08838138263,14.8306556439014,6.82150385621232));
#5814=CARTESIAN_POINT('',(238.108172675306,15.0258102293718,6.81032098413108));
#5815=CARTESIAN_POINT('',(238.127958200833,15.2209079471231,6.79914137072002));
#5816=CARTESIAN_POINT('',(238.181733972123,15.4152665363436,6.7876261000849));
#5817=CARTESIAN_POINT('',(238.265069909438,15.592813184714,6.77704879170973));
#5818=CARTESIAN_POINT('',(238.337532284315,15.7471937821723,6.76785159648557));
#5819=CARTESIAN_POINT('',(238.433821663029,15.8923964198301,6.75908722522812));
#5820=CARTESIAN_POINT('',(238.547842582673,16.0192246708845,6.75));
#5821=CARTESIAN_POINT('',(238.547842582716,13.6792601389094,6.75000000000087));
#5822=CARTESIAN_POINT('',(238.586611754927,13.6361362426862,6.75308982071869));
#5823=CARTESIAN_POINT('',(238.62757473582,13.5948940200766,6.7562572461145));
#5824=CARTESIAN_POINT('',(238.670427615478,13.5558377148843,6.75949790363852));
#5825=CARTESIAN_POINT('',(238.8153653626,13.4237408072637,6.77045851129131));
#5826=CARTESIAN_POINT('',(238.985109596505,13.314889898621,6.78207184039248));
#5827=CARTESIAN_POINT('',(239.165647973217,13.2382803777585,6.79272802692426));
#5828=CARTESIAN_POINT('',(239.346234158531,13.161650569829,6.80338703533469));
#5829=CARTESIAN_POINT('',(239.542604693432,13.1151828768388,6.81341012742215));
#5830=CARTESIAN_POINT('',(239.738397226064,13.1027564054532,6.82380143266905));
#5831=CARTESIAN_POINT('',(239.934151541988,13.0903323595883,6.83419070963903));
#5832=CARTESIAN_POINT('',(240.134685849512,13.1115771039066,6.84591820050456));
#5833=CARTESIAN_POINT('',(240.323457232405,13.1647186450997,6.85702620639349));
#5834=CARTESIAN_POINT('',(240.512238007502,13.2178628303176,6.86813476495444));
#5835=CARTESIAN_POINT('',(240.694470106792,13.3043892080057,6.87874594393954));
#5836=CARTESIAN_POINT('',(240.855002889972,13.4171300326848,6.88897421442372));
#5837=CARTESIAN_POINT('',(241.015542687303,13.5298757833431,6.89920293181121));
#5838=CARTESIAN_POINT('',(241.158777719279,13.6719227698661,6.91005961900754));
#5839=CARTESIAN_POINT('',(241.272840274715,13.8314658552232,6.9212397281391));
#5840=CARTESIAN_POINT('',(241.386883832293,13.9909823676462,6.93241797515108));
#5841=CARTESIAN_POINT('',(241.474937932211,14.1724229841555,6.94349233187476));
#5842=CARTESIAN_POINT('',(241.529686058107,14.3607660713536,6.95378447366252));
#5843=CARTESIAN_POINT('',(241.584455106675,14.5491811361848,6.96408054871917));
#5844=CARTESIAN_POINT('',(241.607387485208,14.7496932916608,6.97408410376963));
#5845=CARTESIAN_POINT('',(241.596589268543,14.9455696501606,6.9851179243055));
#5846=CARTESIAN_POINT('',(241.585794749464,15.1413789355853,6.996147966579));
#5847=CARTESIAN_POINT('',(241.541012740824,15.3379932368575,7.0078438851561));
#5848=CARTESIAN_POINT('',(241.465933049418,15.5191762523856,7.01857768950054));
#5849=CARTESIAN_POINT('',(241.39083590422,15.7004013875664,7.02931398913468));
#5850=CARTESIAN_POINT('',(241.283341087229,15.8711764653655,7.0394126628644));
#5851=CARTESIAN_POINT('',(241.152399339125,16.0172672354866,7.04985988531667));
#5852=CARTESIAN_POINT('',(241.021490323976,16.1633214856844,7.06030449616135));
#5853=CARTESIAN_POINT('',(240.863573926162,16.2887176711399,7.07199476163829));
#5854=CARTESIAN_POINT('',(240.691686655661,16.3831223494989,7.08297779798525));
#5855=CARTESIAN_POINT('',(240.519784939326,16.4775349618621,7.09396175737392));
#5856=CARTESIAN_POINT('',(240.329153797469,16.5435464851834,7.10440273936277));
#5857=CARTESIAN_POINT('',(240.135632050367,16.5756493589638,7.11456776319884));
#5858=CARTESIAN_POINT('',(239.942090229533,16.6077555627291,7.12473384143818));
#5859=CARTESIAN_POINT('',(239.740361251936,16.606829041669,7.13568087346466));
#5860=CARTESIAN_POINT('',(239.547177784496,16.5729758428626,7.14693710361986));
#5861=CARTESIAN_POINT('',(239.354026357239,16.5391282587328,7.15819146688821));
#5862=CARTESIAN_POINT('',(239.16404650643,16.4714257863891,7.16934881342787));
#5863=CARTESIAN_POINT('',(238.992985424231,16.3754547043787,7.17971467421809));
#5864=CARTESIAN_POINT('',(238.821876734434,16.2794569128876,7.19008341990605));
#5865=CARTESIAN_POINT('',(238.664996298743,16.1525231768569,7.20018424222991));
#5866=CARTESIAN_POINT('',(238.535415981236,16.0052528410461,7.21121420539279));
#5867=CARTESIAN_POINT('',(238.405876811247,15.8580292701206,7.22224066605152));
#5868=CARTESIAN_POINT('',(238.300008809434,15.6864041256417,7.23379066162619));
#5869=CARTESIAN_POINT('',(238.226568066832,15.5045499605901,7.24438685018066));
#5870=CARTESIAN_POINT('',(238.153105763929,15.3226424078601,7.25498614950197));
#5871=CARTESIAN_POINT('',(238.110080912966,15.1254798177848,7.2649605729721));
#5872=CARTESIAN_POINT('',(238.101083650355,14.929498051751,7.27543002768559));
#5873=CARTESIAN_POINT('',(238.092088528188,14.7335629096737,7.28589699172145));
#5874=CARTESIAN_POINT('',(238.116837618736,14.5334381131884,7.29769567921176));
#5875=CARTESIAN_POINT('',(238.173274059678,14.345625382016,7.3087571259173));
#5876=CARTESIAN_POINT('',(238.229715175077,14.1577970948917,7.31981948880851));
#5877=CARTESIAN_POINT('',(238.319422416167,13.9770993164123,7.33034083976914));
#5878=CARTESIAN_POINT('',(238.434958891216,13.8185619777852,7.3405719696485));
#5879=CARTESIAN_POINT('',(238.550494739797,13.6600254987877,7.3508030440521));
#5880=CARTESIAN_POINT('',(238.695016108186,13.5193086219078,7.36181261005949));
#5881=CARTESIAN_POINT('',(238.856525869454,13.4080575173273,7.37298449927118));
#5882=CARTESIAN_POINT('',(239.018014376547,13.2968210530414,7.38415491829747));
#5883=CARTESIAN_POINT('',(239.200973927082,13.2119520461477,7.39513524348888));
#5884=CARTESIAN_POINT('',(239.390249392869,13.1605075486151,7.40538848179474));
#5885=CARTESIAN_POINT('',(239.579593391555,13.1090444240484,7.41564543259519));
#5886=CARTESIAN_POINT('',(239.780468216675,13.0896254889126,7.42574432809128));
#5887=CARTESIAN_POINT('',(239.976119195575,13.1038478134305,7.43684513927704));
#5888=CARTESIAN_POINT('',(240.171706141312,13.1180654832289,7.4479423173604));
#5889=CARTESIAN_POINT('',(240.367511136451,13.1662797961124,7.459575145039));
#5890=CARTESIAN_POINT('',(240.547356193106,13.2445190210474,7.47024857546471));
#5891=CARTESIAN_POINT('',(240.72724683058,13.3227780753171,7.48092471101721));
#5892=CARTESIAN_POINT('',(240.896120224399,13.4332497516393,7.4909736266094));
#5893=CARTESIAN_POINT('',(241.039896993162,13.5667286032413,7.50149683120499));
#5894=CARTESIAN_POINT('',(241.183633363383,13.7001699498198,7.51201707897986));
#5895=CARTESIAN_POINT('',(241.306244713324,13.8602519232798,7.52375664548527));
#5896=CARTESIAN_POINT('',(241.397627904433,14.0337656456612,7.53468885670443));
#5897=CARTESIAN_POINT('',(241.48902191847,14.2072999180619,7.54562236267509));
#5898=CARTESIAN_POINT('',(241.551689187868,14.3990670012755,7.5559777754284));
#5899=CARTESIAN_POINT('',(241.580399271121,14.5931254304785,7.56615658808335));
#5900=CARTESIAN_POINT('',(241.609110749214,14.7871932877522,7.57633589526236));
#5901=CARTESIAN_POINT('',(241.60465426625,14.9888596201446,7.58744519913918));
#5902=CARTESIAN_POINT('',(241.567427701823,15.1814159822786,7.59869379009183));
#5903=CARTESIAN_POINT('',(241.5302073058,15.3739404380147,7.60994051716414));
#5904=CARTESIAN_POINT('',(241.459192721134,15.5627063992645,7.6210032547548));
#5905=CARTESIAN_POINT('',(241.360246565372,15.732059728654,7.63132899400239));
#5906=CARTESIAN_POINT('',(239.849242404917,14.8492424049176,6.45));
#5907=CARTESIAN_POINT('',(241.686931763939,14.8492424049176,6.4303929106153));
#5908=CARTESIAN_POINT('',(241.686931763939,15.3303483540745,6.4553929106153));
#5909=CARTESIAN_POINT('',(241.288729965785,16.2887299657856,6.5053929106153));
#5910=CARTESIAN_POINT('',(239.849242404917,16.8860326630163,6.5803929106153));
#5911=CARTESIAN_POINT('',(238.409754844049,16.2887299657856,6.6553929106153));
#5912=CARTESIAN_POINT('',(237.812452146818,14.8492424049176,6.7303929106153));
#5913=CARTESIAN_POINT('',(238.409754844049,13.4097548440496,6.8053929106153));
#5914=CARTESIAN_POINT('',(239.849242404917,12.8124521468189,6.8803929106153));
#5915=CARTESIAN_POINT('',(241.288729965785,13.4097548440496,6.9553929106153));
#5916=CARTESIAN_POINT('',(241.886032663016,14.8492424049176,7.0303929106153));
#5917=CARTESIAN_POINT('',(241.288729965785,16.2887299657856,7.1053929106153));
#5918=CARTESIAN_POINT('',(239.849242404917,16.8860326630163,7.1803929106153));
#5919=CARTESIAN_POINT('',(238.409754844049,16.2887299657856,7.2553929106153));
#5920=CARTESIAN_POINT('',(237.812452146818,14.8492424049176,7.3303929106153));
#5921=CARTESIAN_POINT('',(238.409754844049,13.4097548440496,7.4053929106153));
#5922=CARTESIAN_POINT('',(239.849242404917,12.8124521468189,7.4803929106153));
#5923=CARTESIAN_POINT('',(241.288729965785,13.4097548440496,7.5553929106153));
#5924=CARTESIAN_POINT('',(241.820937944363,14.6923654341396,7.62221932639811));
#5925=CARTESIAN_POINT('',(241.596738015568,15.4951468372736,7.66404574218092));
#5926=CARTESIAN_POINT('',(241.434259248176,15.7753022823583,7.68087215796374));
#5927=CARTESIAN_POINT('',(241.21592007832,14.8492424049176,6.15845418713193));
#5928=CARTESIAN_POINT('',(241.21592007832,15.2070377831333,6.18345418713193));
#5929=CARTESIAN_POINT('',(240.919779980227,15.9197799802274,6.23345418713193));
#5930=CARTESIAN_POINT('',(239.849242404917,16.3639901273675,6.30845418713193));
#5931=CARTESIAN_POINT('',(238.778704829607,15.9197799802274,6.38345418713193));
#5932=CARTESIAN_POINT('',(238.334494682467,14.8492424049176,6.45845418713193));
#5933=CARTESIAN_POINT('',(238.778704829607,13.7787048296078,6.53345418713193));
#5934=CARTESIAN_POINT('',(239.849242404917,13.3344946824677,6.60845418713193));
#5935=CARTESIAN_POINT('',(240.919779980227,13.7787048296078,6.68345418713193));
#5936=CARTESIAN_POINT('',(241.363990127367,14.8492424049176,6.75845418713193));
#5937=CARTESIAN_POINT('',(240.919779980227,15.9197799802274,6.83345418713193));
#5938=CARTESIAN_POINT('',(239.849242404917,16.3639901273675,6.90845418713193));
#5939=CARTESIAN_POINT('',(238.778704829607,15.9197799802274,6.98345418713193));
#5940=CARTESIAN_POINT('',(238.334494682467,14.8492424049176,7.05845418713193));
#5941=CARTESIAN_POINT('',(238.778704829607,13.7787048296078,7.13345418713193));
#5942=CARTESIAN_POINT('',(239.849242404917,13.3344946824677,7.20845418713193));
#5943=CARTESIAN_POINT('',(240.919779980227,13.7787048296078,7.28345418713193));
#5944=CARTESIAN_POINT('',(241.31557960673,14.7325740178582,7.35028060291475));
#5945=CARTESIAN_POINT('',(241.148843571851,15.3295973476719,7.39210701869756));
#5946=CARTESIAN_POINT('',(241.028009164933,15.537947137586,7.40893343448037));
#5947=CARTESIAN_POINT('',(241.21592007832,14.8492424049176,6.74154581286807));
#5948=CARTESIAN_POINT('',(241.21592007832,15.2070377831333,6.76654581286807));
#5949=CARTESIAN_POINT('',(240.919779980227,15.9197799802274,6.81654581286807));
#5950=CARTESIAN_POINT('',(239.849242404917,16.3639901273675,6.89154581286807));
#5951=CARTESIAN_POINT('',(238.778704829607,15.9197799802274,6.96654581286807));
#5952=CARTESIAN_POINT('',(238.334494682467,14.8492424049176,7.04154581286807));
#5953=CARTESIAN_POINT('',(238.778704829607,13.7787048296078,7.11654581286807));
#5954=CARTESIAN_POINT('',(239.849242404917,13.3344946824677,7.19154581286807));
#5955=CARTESIAN_POINT('',(240.919779980227,13.7787048296078,7.26654581286807));
#5956=CARTESIAN_POINT('',(241.363990127367,14.8492424049176,7.34154581286807));
#5957=CARTESIAN_POINT('',(240.919779980227,15.9197799802274,7.41654581286807));
#5958=CARTESIAN_POINT('',(239.849242404917,16.3639901273675,7.49154581286807));
#5959=CARTESIAN_POINT('',(238.778704829607,15.9197799802274,7.56654581286807));
#5960=CARTESIAN_POINT('',(238.334494682467,14.8492424049176,7.64154581286807));
#5961=CARTESIAN_POINT('',(238.778704829607,13.7787048296078,7.71654581286807));
#5962=CARTESIAN_POINT('',(239.849242404917,13.3344946824677,7.79154581286807));
#5963=CARTESIAN_POINT('',(240.919779980227,13.7787048296078,7.86654581286807));
#5964=CARTESIAN_POINT('',(241.31557960673,14.7325740178582,7.93337222865088));
#5965=CARTESIAN_POINT('',(241.148843571851,15.3295973476719,7.97519864443369));
#5966=CARTESIAN_POINT('',(241.028009164933,15.537947137586,7.99202506021651));
#5967=CARTESIAN_POINT('',(241.686931763939,14.8492424049176,6.4696070893847));
#5968=CARTESIAN_POINT('',(241.686931763939,15.3303483540745,6.4946070893847));
#5969=CARTESIAN_POINT('',(241.288729965785,16.2887299657856,6.5446070893847));
#5970=CARTESIAN_POINT('',(239.849242404917,16.8860326630163,6.6196070893847));
#5971=CARTESIAN_POINT('',(238.409754844049,16.2887299657856,6.6946070893847));
#5972=CARTESIAN_POINT('',(237.812452146818,14.8492424049176,6.7696070893847));
#5973=CARTESIAN_POINT('',(238.409754844049,13.4097548440496,6.8446070893847));
#5974=CARTESIAN_POINT('',(239.849242404917,12.8124521468189,6.9196070893847));
#5975=CARTESIAN_POINT('',(241.288729965785,13.4097548440496,6.9946070893847));
#5976=CARTESIAN_POINT('',(241.886032663016,14.8492424049176,7.0696070893847));
#5977=CARTESIAN_POINT('',(241.288729965785,16.2887299657856,7.1446070893847));
#5978=CARTESIAN_POINT('',(239.849242404917,16.8860326630163,7.2196070893847));
#5979=CARTESIAN_POINT('',(238.409754844049,16.2887299657856,7.2946070893847));
#5980=CARTESIAN_POINT('',(237.812452146818,14.8492424049176,7.3696070893847));
#5981=CARTESIAN_POINT('',(238.409754844049,13.4097548440496,7.4446070893847));
#5982=CARTESIAN_POINT('',(239.849242404917,12.8124521468189,7.5196070893847));
#5983=CARTESIAN_POINT('',(241.288729965785,13.4097548440496,7.5946070893847));
#5984=CARTESIAN_POINT('',(241.820937944363,14.6923654341396,7.66143350516751));
#5985=CARTESIAN_POINT('',(241.596738015568,15.4951468372736,7.70325992095033));
#5986=CARTESIAN_POINT('',(241.434259248176,15.7753022823583,7.72008633673314));
#5987=CARTESIAN_POINT('',(241.434259248177,-13.9231825274768,7.68087215796374));
#5988=CARTESIAN_POINT('',(241.028009164934,-14.1605376722491,7.40893343448037));
#5989=CARTESIAN_POINT('',(241.360246565373,-13.9664250811811,7.63132899400241));
#5990=CARTESIAN_POINT('',(241.360246565373,-13.9664250811811,6.45));
#5991=CARTESIAN_POINT('',(241.360246565373,-13.9664250811811,7.76962950069447));
#5992=CARTESIAN_POINT('',(241.028009164934,-14.1605376722491,7.99202506021651));
#5993=CARTESIAN_POINT('',(241.434259248177,-13.9231825274768,7.72008633673314));
#5994=CARTESIAN_POINT('',(241.028009164934,-14.160537672249,7.70047924734843));
#5995=CARTESIAN_POINT('',(241.360246565373,-13.9664250811811,7.76962950069447));
#5996=CARTESIAN_POINT('',(241.435627497954,-14.0954448678195,7.76120828851561));
#5997=CARTESIAN_POINT('',(241.494829703093,-14.2353364310009,7.75302870236435));
#5998=CARTESIAN_POINT('',(241.534964774084,-14.3793061389269,7.74520524840982));
#5999=CARTESIAN_POINT('',(241.587654999495,-14.5683128150242,7.73493444180163));
#6000=CARTESIAN_POINT('',(241.608376698392,-14.7690607401007,7.72487364396255));
#6001=CARTESIAN_POINT('',(241.595422782445,-14.9648022990792,7.71379614054575));
#6002=CARTESIAN_POINT('',(241.582473189051,-15.1604785416604,7.70272233354691));
#6003=CARTESIAN_POINT('',(241.535529191628,-15.356590399111,7.69106525812118));
#6004=CARTESIAN_POINT('',(241.458458095145,-15.5369377315893,7.68036951896125));
#6005=CARTESIAN_POINT('',(241.381368054738,-15.7173293930882,7.66967115080961));
#6006=CARTESIAN_POINT('',(241.271995624661,-15.8869136632935,7.6596047960045));
#6007=CARTESIAN_POINT('',(241.139452155513,-16.0315531929375,7.64911116936535));
#6008=CARTESIAN_POINT('',(241.006944473455,-16.1761536695238,7.63862037603329));
#6009=CARTESIAN_POINT('',(240.847659524168,-16.2998012494256,7.62689578835542));
#6010=CARTESIAN_POINT('',(240.674742456358,-16.3923074278744,7.61594430502801));
#6011=CARTESIAN_POINT('',(240.501807081096,-16.4848234003388,7.60499166222131));
#6012=CARTESIAN_POINT('',(240.31045414903,-16.5487323447956,7.59460501925033));
#6013=CARTESIAN_POINT('',(240.116587655573,-16.5787008510653,7.58443246257003));
#6014=CARTESIAN_POINT('',(239.922707780864,-16.6086714258523,7.57425920374903));
#6015=CARTESIAN_POINT('',(239.721011084081,-16.6055229198526,7.56320952729414));
#6016=CARTESIAN_POINT('',(239.528215536022,-16.5695452124042,7.55195707952194));
#6017=CARTESIAN_POINT('',(239.335447497465,-16.5335726385225,7.54070623733265));
#6018=CARTESIAN_POINT('',(239.146220624427,-16.4637805992409,7.52960800081399));
#6019=CARTESIAN_POINT('',(238.976225197248,-16.3659298991336,7.51926781526215));
#6020=CARTESIAN_POINT('',(238.806185245927,-16.2680535705816,7.50892492147344));
#6021=CARTESIAN_POINT('',(238.650716920281,-16.1394030806111,7.49876548023803));
#6022=CARTESIAN_POINT('',(238.522768644649,-15.9907183631913,7.48770068215611));
#6023=CARTESIAN_POINT('',(238.394859401,-15.8420790036273,7.47663925950863));
#6024=CARTESIAN_POINT('',(238.290885491699,-15.6692966897595,7.46513276351213));
#6025=CARTESIAN_POINT('',(238.2194508391,-15.4866429477389,7.4545738891729));
#6026=CARTESIAN_POINT('',(238.147993934553,-15.3039323089387,7.44401172573628));
#6027=CARTESIAN_POINT('',(238.10714304456,-15.1063024543007,7.43406336855081));
#6028=CARTESIAN_POINT('',(238.100305536863,-14.9102328267798,7.4235383656062));
#6029=CARTESIAN_POINT('',(238.093469824629,-14.7142146852304,7.4130161264247));
#6030=CARTESIAN_POINT('',(238.120420661648,-14.5143778396229,7.40118718639233));
#6031=CARTESIAN_POINT('',(238.178922318633,-14.3271975702982,7.39015726340547));
#6032=CARTESIAN_POINT('',(238.237429968368,-14.1399981267397,7.37912621054354));
#6033=CARTESIAN_POINT('',(238.329125472309,-13.9602946218801,7.36865960474231));
#6034=CARTESIAN_POINT('',(238.446403449065,-13.8030383789543,7.35842187539213));
#6035=CARTESIAN_POINT('',(238.563677210137,-13.6457877887745,7.34818451404822));
#6036=CARTESIAN_POINT('',(238.709733322974,-13.5066776428382,7.33708053357801));
#6037=CARTESIAN_POINT('',(238.872455982005,-13.3972133817869,7.32591816351474));
#6038=CARTESIAN_POINT('',(239.03516097693,-13.2877610034596,7.31475700516531));
#6039=CARTESIAN_POINT('',(239.219048413164,-13.2049102748474,7.30383652983957));
#6040=CARTESIAN_POINT('',(239.408881313196,-13.1555534993338,7.29360477891383));
#6041=CARTESIAN_POINT('',(239.598779553555,-13.1061797352589,7.28336950622787));
#6042=CARTESIAN_POINT('',(239.799849751783,-13.0889753179123,7.27319913708202));
#6043=CARTESIAN_POINT('',(239.995327898089,-13.105350484905,7.26206274180634));
#6044=CARTESIAN_POINT('',(240.190744533473,-13.1217204991394,7.2509298508096));
#6045=CARTESIAN_POINT('',(240.386009578434,-13.172087832343,7.23934040675703));
#6046=CARTESIAN_POINT('',(240.564984156181,-13.2523035377407,7.22870456448426));
#6047=CARTESIAN_POINT('',(240.744006351177,-13.3325405850034,7.21806589248245));
#6048=CARTESIAN_POINT('',(240.91165581965,-13.4448685345353,7.20804377333302));
#6049=CARTESIAN_POINT('',(241.053953189501,-13.5799229315341,7.19746644940246));
#6050=CARTESIAN_POINT('',(241.196208135879,-13.7149370644261,7.18689227891606));
#6051=CARTESIAN_POINT('',(241.317048236498,-13.8763578465117,7.17513675695223));
#6052=CARTESIAN_POINT('',(241.406515360063,-14.0508684679848,7.16423832930393));
#6053=CARTESIAN_POINT('',(241.49599494421,-14.2254033945183,7.15333838377128));
#6054=CARTESIAN_POINT('',(241.556547079913,-14.4178554526517,7.14303457868298));
#6055=CARTESIAN_POINT('',(241.583116937083,-14.612221083707,7.13284195752236));
#6056=CARTESIAN_POINT('',(241.609687166338,-14.8065894366601,7.1226491936242));
#6057=CARTESIAN_POINT('',(241.603009739248,-15.0081849708643,7.11144068751541));
#6058=CARTESIAN_POINT('',(241.563665565051,-15.2003167958933,7.10020129624889));
#6059=CARTESIAN_POINT('',(241.524325510643,-15.3924285025036,7.08896308187629));
#6060=CARTESIAN_POINT('',(241.451230351771,-15.5804122145301,7.07795995807629));
#6061=CARTESIAN_POINT('',(241.350417323148,-15.748672149188,7.06765593903066));
#6062=CARTESIAN_POINT('',(241.249581170557,-15.916970678433,7.05734955650283));
#6063=CARTESIAN_POINT('',(241.118236612578,-16.070155510362,7.04708043015517));
#6064=CARTESIAN_POINT('',(240.967342159509,-16.1954789884287,7.0359702540011));
#6065=CARTESIAN_POINT('',(240.816490303263,-16.3207670882426,7.02486321419966));
#6066=CARTESIAN_POINT('',(240.641912373198,-16.4217056988222,7.01343101890403));
#6067=CARTESIAN_POINT('',(240.45803407032,-16.489935157427,7.00293018417255));
#6068=CARTESIAN_POINT('',(240.274093345436,-16.5581877781971,6.99242578467483));
#6069=CARTESIAN_POINT('',(240.075771112976,-16.5955742283238,6.98251107297271));
#6070=CARTESIAN_POINT('',(239.879611735382,-16.5989788718654,6.97188751867887));
#6071=CARTESIAN_POINT('',(239.68351075243,-16.6023825018794,6.9612671269086));
#6072=CARTESIAN_POINT('',(239.484179160495,-16.571940378797,6.94941584156839));
#6073=CARTESIAN_POINT('',(239.298049812041,-16.5101718813124,6.93843898883809));
#6074=CARTESIAN_POINT('',(239.111895955192,-16.4483952505228,6.92746069074173));
#6075=CARTESIAN_POINT('',(238.933817256371,-16.3535634281028,6.91707762734985));
#6076=CARTESIAN_POINT('',(238.778635973135,-16.2335479594196,6.90682140140098));
#6077=CARTESIAN_POINT('',(238.623467598109,-16.113542473801,6.8965660285802));
#6078=CARTESIAN_POINT('',(238.486944133741,-15.9650842466627,6.88531777584659));
#6079=CARTESIAN_POINT('',(238.380345705894,-15.8004744941553,6.87417693124485));
#6080=CARTESIAN_POINT('',(238.27375483098,-15.6358764049213,6.86303687601745));
#6081=CARTESIAN_POINT('',(238.194131680806,-15.450559824397,6.85221194027742));
#6082=CARTESIAN_POINT('',(238.148104552011,-15.2598882443042,6.84200907869001));
#6083=CARTESIAN_POINT('',(238.102063217137,-15.0691578142374,6.83180306803267));
#6084=CARTESIAN_POINT('',(238.088381382631,-14.8678291659337,6.82150385621232));
#6085=CARTESIAN_POINT('',(238.108172675307,-14.6726745804633,6.81032098413107));
#6086=CARTESIAN_POINT('',(238.127958200834,-14.477576862712,6.79914137072001));
#6087=CARTESIAN_POINT('',(238.181733972124,-14.2832182734915,6.78762610008492));
#6088=CARTESIAN_POINT('',(238.265069909439,-14.1056716251211,6.77704879170974));
#6089=CARTESIAN_POINT('',(238.337532284316,-13.9512910276628,6.76785159648557));
#6090=CARTESIAN_POINT('',(238.43382166303,-13.8060883900051,6.75908722522812));
#6091=CARTESIAN_POINT('',(238.547842582674,-13.6792601389507,6.75));
#6092=CARTESIAN_POINT('',(238.547842582705,-16.0192246709134,6.75));
#6093=CARTESIAN_POINT('',(238.58661175492,-16.062348567141,6.7530898207181));
#6094=CARTESIAN_POINT('',(238.627574735817,-16.1035907897547,6.75625724611417));
#6095=CARTESIAN_POINT('',(238.670427615479,-16.1426470949507,6.75949790363849));
#6096=CARTESIAN_POINT('',(238.815365362601,-16.2747440025714,6.7704585112913));
#6097=CARTESIAN_POINT('',(238.985109596506,-16.3835949112141,6.78207184039247));
#6098=CARTESIAN_POINT('',(239.165647973218,-16.4602044320765,6.79272802692427));
#6099=CARTESIAN_POINT('',(239.346234158532,-16.5368342400062,6.80338703533472));
#6100=CARTESIAN_POINT('',(239.542604693433,-16.5833019329963,6.81341012742214));
#6101=CARTESIAN_POINT('',(239.738397226065,-16.5957284043819,6.82380143266904));
#6102=CARTESIAN_POINT('',(239.934151541989,-16.6081524502468,6.83419070963903));
#6103=CARTESIAN_POINT('',(240.134685849513,-16.5869077059285,6.84591820050457));
#6104=CARTESIAN_POINT('',(240.323457232406,-16.5337661647354,6.8570262063935));
#6105=CARTESIAN_POINT('',(240.512238007503,-16.4806219795175,6.86813476495444));
#6106=CARTESIAN_POINT('',(240.694470106793,-16.3940956018294,6.87874594393953));
#6107=CARTESIAN_POINT('',(240.855002889973,-16.2813547771503,6.88897421442371));
#6108=CARTESIAN_POINT('',(241.015542687304,-16.168609026492,6.8992029318112));
#6109=CARTESIAN_POINT('',(241.15877771928,-16.0265620399691,6.91005961900754));
#6110=CARTESIAN_POINT('',(241.272840274716,-15.867018954612,6.92123972813909));
#6111=CARTESIAN_POINT('',(241.386883832294,-15.707502442189,6.93241797515107));
#6112=CARTESIAN_POINT('',(241.474937932212,-15.5260618256797,6.94349233187473));
#6113=CARTESIAN_POINT('',(241.529686058108,-15.3377187384816,6.9537844736625));
#6114=CARTESIAN_POINT('',(241.584455106676,-15.1493036736504,6.96408054871916));
#6115=CARTESIAN_POINT('',(241.607387485209,-14.9487915181744,6.97408410376964));
#6116=CARTESIAN_POINT('',(241.596589268544,-14.7529151596745,6.98511792430549));
#6117=CARTESIAN_POINT('',(241.585794749465,-14.5571058742499,6.99614796657897));
#6118=CARTESIAN_POINT('',(241.541012740825,-14.3604915729777,7.00784388515609));
#6119=CARTESIAN_POINT('',(241.465933049419,-14.1793085574495,7.01857768950054));
#6120=CARTESIAN_POINT('',(241.390835904221,-13.9980834222687,7.02931398913469));
#6121=CARTESIAN_POINT('',(241.28334108723,-13.8273083444697,7.03941266286437));
#6122=CARTESIAN_POINT('',(241.152399339126,-13.6812175743485,7.04985988531664));
#6123=CARTESIAN_POINT('',(241.021490323978,-13.5351633241508,7.06030449616133));
#6124=CARTESIAN_POINT('',(240.863573926163,-13.4097671386952,7.0719947616383));
#6125=CARTESIAN_POINT('',(240.691686655662,-13.3153624603363,7.08297779798525));
#6126=CARTESIAN_POINT('',(240.519784939327,-13.220949847973,7.09396175737392));
#6127=CARTESIAN_POINT('',(240.32915379747,-13.1549383246518,7.10440273936277));
#6128=CARTESIAN_POINT('',(240.135632050368,-13.1228354508713,7.11456776319883));
#6129=CARTESIAN_POINT('',(239.942090229534,-13.090729247106,7.12473384143818));
#6130=CARTESIAN_POINT('',(239.740361251937,-13.0916557681661,7.13568087346466));
#6131=CARTESIAN_POINT('',(239.547177784497,-13.1255089669725,7.14693710361987));
#6132=CARTESIAN_POINT('',(239.35402635724,-13.1593565511022,7.15819146688822));
#6133=CARTESIAN_POINT('',(239.164046506431,-13.227059023446,7.16934881342786));
#6134=CARTESIAN_POINT('',(238.992985424232,-13.3230301054564,7.17971467421807));
#6135=CARTESIAN_POINT('',(238.821876734435,-13.4190278969475,7.19008341990604));
#6136=CARTESIAN_POINT('',(238.664996298744,-13.5459616329781,7.20018424222988));
#6137=CARTESIAN_POINT('',(238.535415981237,-13.693231968789,7.21121420539278));
#6138=CARTESIAN_POINT('',(238.405876811248,-13.8404555397145,7.22224066605152));
#6139=CARTESIAN_POINT('',(238.300008809435,-14.0120806841934,7.23379066162617));
#6140=CARTESIAN_POINT('',(238.226568066833,-14.193934849245,7.24438685018067));
#6141=CARTESIAN_POINT('',(238.15310576393,-14.375842401975,7.25498614950201));
#6142=CARTESIAN_POINT('',(238.110080912967,-14.5730049920503,7.2649605729721));
#6143=CARTESIAN_POINT('',(238.101083650356,-14.768986758084,7.27543002768559));
#6144=CARTESIAN_POINT('',(238.092088528189,-14.9649219001614,7.28589699172145));
#6145=CARTESIAN_POINT('',(238.116837618737,-15.1650466966467,7.29769567921176));
#6146=CARTESIAN_POINT('',(238.173274059679,-15.3528594278191,7.30875712591728));
#6147=CARTESIAN_POINT('',(238.229715175078,-15.5406877149434,7.31981948880847));
#6148=CARTESIAN_POINT('',(238.319422416168,-15.7213854934228,7.33034083976918));
#6149=CARTESIAN_POINT('',(238.434958891217,-15.8799228320498,7.34057196964853));
#6150=CARTESIAN_POINT('',(238.550494739798,-16.0384593110474,7.35080304405212));
#6151=CARTESIAN_POINT('',(238.695016108187,-16.1791761879273,7.3618126100595));
#6152=CARTESIAN_POINT('',(238.856525869455,-16.2904272925077,7.37298449927119));
#6153=CARTESIAN_POINT('',(239.018014376548,-16.4016637567937,7.38415491829749));
#6154=CARTESIAN_POINT('',(239.200973927083,-16.4865327636873,7.39513524348888));
#6155=CARTESIAN_POINT('',(239.39024939287,-16.53797726122,7.40538848179474));
#6156=CARTESIAN_POINT('',(239.579593391556,-16.5894403857867,7.41564543259519));
#6157=CARTESIAN_POINT('',(239.780468216676,-16.6088593209224,7.42574432809127));
#6158=CARTESIAN_POINT('',(239.976119195576,-16.5946369964046,7.43684513927704));
#6159=CARTESIAN_POINT('',(240.171706141313,-16.5804193266062,7.4479423173604));
#6160=CARTESIAN_POINT('',(240.367511136452,-16.5322050137227,7.45957514503897));
#6161=CARTESIAN_POINT('',(240.547356193107,-16.4539657887877,7.4702485754647));
#6162=CARTESIAN_POINT('',(240.72724683058,-16.375706734518,7.48092471101723));
#6163=CARTESIAN_POINT('',(240.8961202244,-16.2652350581958,7.49097362660942));
#6164=CARTESIAN_POINT('',(241.039896993163,-16.1317562065939,7.501496831205));
#6165=CARTESIAN_POINT('',(241.183633363384,-15.9983148600153,7.51201707897986));
#6166=CARTESIAN_POINT('',(241.306244713325,-15.8382328865554,7.5237566454853));
#6167=CARTESIAN_POINT('',(241.397627904435,-15.6647191641739,7.53468885670446));
#6168=CARTESIAN_POINT('',(241.489021918471,-15.4911848917733,7.5456223626751));
#6169=CARTESIAN_POINT('',(241.551689187869,-15.2994178085597,7.5559777754284));
#6170=CARTESIAN_POINT('',(241.580399271122,-15.1053593793566,7.56615658808334));
#6171=CARTESIAN_POINT('',(241.609110749215,-14.911291522083,7.57633589526235));
#6172=CARTESIAN_POINT('',(241.604654266251,-14.7096251896905,7.58744519913918));
#6173=CARTESIAN_POINT('',(241.567427701824,-14.5170688275566,7.59869379009185));
#6174=CARTESIAN_POINT('',(241.530207305801,-14.3245443718204,7.60994051716418));
#6175=CARTESIAN_POINT('',(241.459192721135,-14.1357784105707,7.6210032547548));
#6176=CARTESIAN_POINT('',(241.360246565373,-13.9664250811811,7.63132899400241));
#6177=CARTESIAN_POINT('',(239.849242404918,-14.8492424049175,6.45));
#6178=CARTESIAN_POINT('',(241.68693176394,-14.8492424049175,6.4303929106153));
#6179=CARTESIAN_POINT('',(241.68693176394,-14.3681364557606,6.4553929106153));
#6180=CARTESIAN_POINT('',(241.288729965786,-13.4097548440495,6.5053929106153));
#6181=CARTESIAN_POINT('',(239.849242404918,-12.8124521468188,6.5803929106153));
#6182=CARTESIAN_POINT('',(238.40975484405,-13.4097548440495,6.6553929106153));
#6183=CARTESIAN_POINT('',(237.812452146819,-14.8492424049175,6.7303929106153));
#6184=CARTESIAN_POINT('',(238.40975484405,-16.2887299657855,6.8053929106153));
#6185=CARTESIAN_POINT('',(239.849242404918,-16.8860326630162,6.8803929106153));
#6186=CARTESIAN_POINT('',(241.288729965786,-16.2887299657855,6.9553929106153));
#6187=CARTESIAN_POINT('',(241.886032663017,-14.8492424049175,7.0303929106153));
#6188=CARTESIAN_POINT('',(241.288729965786,-13.4097548440495,7.1053929106153));
#6189=CARTESIAN_POINT('',(239.849242404918,-12.8124521468188,7.1803929106153));
#6190=CARTESIAN_POINT('',(238.40975484405,-13.4097548440495,7.2553929106153));
#6191=CARTESIAN_POINT('',(237.812452146819,-14.8492424049175,7.3303929106153));
#6192=CARTESIAN_POINT('',(238.40975484405,-16.2887299657855,7.4053929106153));
#6193=CARTESIAN_POINT('',(239.849242404918,-16.8860326630162,7.4803929106153));
#6194=CARTESIAN_POINT('',(241.288729965786,-16.2887299657855,7.5553929106153));
#6195=CARTESIAN_POINT('',(241.820937944364,-15.0061193756955,7.62221932639811));
#6196=CARTESIAN_POINT('',(241.596738015569,-14.2033379725615,7.66404574218092));
#6197=CARTESIAN_POINT('',(241.434259248177,-13.9231825274768,7.68087215796374));
#6198=CARTESIAN_POINT('',(241.215920078321,-14.8492424049175,6.15845418713193));
#6199=CARTESIAN_POINT('',(241.215920078321,-14.4914470267018,6.18345418713193));
#6200=CARTESIAN_POINT('',(240.919779980228,-13.7787048296077,6.23345418713193));
#6201=CARTESIAN_POINT('',(239.849242404918,-13.3344946824676,6.30845418713193));
#6202=CARTESIAN_POINT('',(238.778704829608,-13.7787048296077,6.38345418713193));
#6203=CARTESIAN_POINT('',(238.334494682468,-14.8492424049175,6.45845418713193));
#6204=CARTESIAN_POINT('',(238.778704829608,-15.9197799802273,6.53345418713193));
#6205=CARTESIAN_POINT('',(239.849242404918,-16.3639901273674,6.60845418713193));
#6206=CARTESIAN_POINT('',(240.919779980228,-15.9197799802273,6.68345418713193));
#6207=CARTESIAN_POINT('',(241.363990127368,-14.8492424049175,6.75845418713193));
#6208=CARTESIAN_POINT('',(240.919779980228,-13.7787048296077,6.83345418713193));
#6209=CARTESIAN_POINT('',(239.849242404918,-13.3344946824676,6.90845418713193));
#6210=CARTESIAN_POINT('',(238.778704829608,-13.7787048296077,6.98345418713193));
#6211=CARTESIAN_POINT('',(238.334494682468,-14.8492424049175,7.05845418713193));
#6212=CARTESIAN_POINT('',(238.778704829608,-15.9197799802273,7.13345418713193));
#6213=CARTESIAN_POINT('',(239.849242404918,-16.3639901273674,7.20845418713193));
#6214=CARTESIAN_POINT('',(240.919779980228,-15.9197799802273,7.28345418713193));
#6215=CARTESIAN_POINT('',(241.315579606731,-14.9659107919769,7.35028060291475));
#6216=CARTESIAN_POINT('',(241.148843571852,-14.3688874621632,7.39210701869756));
#6217=CARTESIAN_POINT('',(241.028009164934,-14.1605376722491,7.40893343448037));
#6218=CARTESIAN_POINT('',(241.215920078321,-14.8492424049175,6.74154581286807));
#6219=CARTESIAN_POINT('',(241.215920078321,-14.4914470267018,6.76654581286807));
#6220=CARTESIAN_POINT('',(240.919779980228,-13.7787048296077,6.81654581286807));
#6221=CARTESIAN_POINT('',(239.849242404918,-13.3344946824676,6.89154581286807));
#6222=CARTESIAN_POINT('',(238.778704829608,-13.7787048296077,6.96654581286807));
#6223=CARTESIAN_POINT('',(238.334494682468,-14.8492424049175,7.04154581286807));
#6224=CARTESIAN_POINT('',(238.778704829608,-15.9197799802273,7.11654581286807));
#6225=CARTESIAN_POINT('',(239.849242404918,-16.3639901273674,7.19154581286807));
#6226=CARTESIAN_POINT('',(240.919779980228,-15.9197799802273,7.26654581286807));
#6227=CARTESIAN_POINT('',(241.363990127368,-14.8492424049175,7.34154581286807));
#6228=CARTESIAN_POINT('',(240.919779980228,-13.7787048296077,7.41654581286807));
#6229=CARTESIAN_POINT('',(239.849242404918,-13.3344946824676,7.49154581286807));
#6230=CARTESIAN_POINT('',(238.778704829608,-13.7787048296077,7.56654581286807));
#6231=CARTESIAN_POINT('',(238.334494682468,-14.8492424049175,7.64154581286807));
#6232=CARTESIAN_POINT('',(238.778704829608,-15.9197799802273,7.71654581286807));
#6233=CARTESIAN_POINT('',(239.849242404918,-16.3639901273674,7.79154581286807));
#6234=CARTESIAN_POINT('',(240.919779980228,-15.9197799802273,7.86654581286807));
#6235=CARTESIAN_POINT('',(241.315579606731,-14.9659107919769,7.93337222865088));
#6236=CARTESIAN_POINT('',(241.148843571852,-14.3688874621632,7.97519864443369));
#6237=CARTESIAN_POINT('',(241.028009164934,-14.1605376722491,7.99202506021651));
#6238=CARTESIAN_POINT('',(241.68693176394,-14.8492424049175,6.4696070893847));
#6239=CARTESIAN_POINT('',(241.68693176394,-14.3681364557606,6.4946070893847));
#6240=CARTESIAN_POINT('',(241.288729965786,-13.4097548440495,6.5446070893847));
#6241=CARTESIAN_POINT('',(239.849242404918,-12.8124521468188,6.6196070893847));
#6242=CARTESIAN_POINT('',(238.40975484405,-13.4097548440495,6.6946070893847));
#6243=CARTESIAN_POINT('',(237.812452146819,-14.8492424049175,6.7696070893847));
#6244=CARTESIAN_POINT('',(238.40975484405,-16.2887299657855,6.8446070893847));
#6245=CARTESIAN_POINT('',(239.849242404918,-16.8860326630162,6.9196070893847));
#6246=CARTESIAN_POINT('',(241.288729965786,-16.2887299657855,6.9946070893847));
#6247=CARTESIAN_POINT('',(241.886032663017,-14.8492424049175,7.0696070893847));
#6248=CARTESIAN_POINT('',(241.288729965786,-13.4097548440495,7.1446070893847));
#6249=CARTESIAN_POINT('',(239.849242404918,-12.8124521468188,7.2196070893847));
#6250=CARTESIAN_POINT('',(238.40975484405,-13.4097548440495,7.2946070893847));
#6251=CARTESIAN_POINT('',(237.812452146819,-14.8492424049175,7.3696070893847));
#6252=CARTESIAN_POINT('',(238.40975484405,-16.2887299657855,7.4446070893847));
#6253=CARTESIAN_POINT('',(239.849242404918,-16.8860326630162,7.5196070893847));
#6254=CARTESIAN_POINT('',(241.288729965786,-16.2887299657855,7.5946070893847));
#6255=CARTESIAN_POINT('',(241.820937944364,-15.0061193756955,7.66143350516751));
#6256=CARTESIAN_POINT('',(241.596738015569,-14.2033379725615,7.70325992095033));
#6257=CARTESIAN_POINT('',(241.434259248177,-13.9231825274768,7.72008633673314));
#6258=CARTESIAN_POINT('',(211.735774438342,-13.923182527477,7.68087215796374));
#6259=CARTESIAN_POINT('',(211.329524355099,-14.1605376722493,7.40893343448037));
#6260=CARTESIAN_POINT('',(211.661761755538,-13.9664250811813,7.6313289940024));
#6261=CARTESIAN_POINT('',(211.661761755538,-13.9664250811813,6.45));
#6262=CARTESIAN_POINT('',(211.661761755538,-13.9664250811813,7.76962950069448));
#6263=CARTESIAN_POINT('',(211.329524355099,-14.1605376722493,7.99202506021651));
#6264=CARTESIAN_POINT('',(211.735774438342,-13.923182527477,7.72008633673314));
#6265=CARTESIAN_POINT('',(211.329524355099,-14.1605376722493,7.70047924734843));
#6266=CARTESIAN_POINT('',(211.661761755538,-13.9664250811813,7.76962950069448));
#6267=CARTESIAN_POINT('',(211.737142688119,-14.0954448678197,7.76120828851562));
#6268=CARTESIAN_POINT('',(211.796344893258,-14.235336431001,7.75302870236438));
#6269=CARTESIAN_POINT('',(211.836479964249,-14.3793061389271,7.74520524840983));
#6270=CARTESIAN_POINT('',(211.889170189661,-14.5683128150244,7.73493444180162));
#6271=CARTESIAN_POINT('',(211.909891888557,-14.7690607401009,7.72487364396257));
#6272=CARTESIAN_POINT('',(211.89693797261,-14.9648022990794,7.71379614054577));
#6273=CARTESIAN_POINT('',(211.883988379216,-15.1604785416606,7.70272233354692));
#6274=CARTESIAN_POINT('',(211.837044381793,-15.3565903991112,7.69106525812117));
#6275=CARTESIAN_POINT('',(211.75997328531,-15.5369377315895,7.68036951896127));
#6276=CARTESIAN_POINT('',(211.682883244903,-15.7173293930884,7.66967115080965));
#6277=CARTESIAN_POINT('',(211.573510814826,-15.8869136632937,7.65960479600452));
#6278=CARTESIAN_POINT('',(211.440967345678,-16.0315531929377,7.64911116936536));
#6279=CARTESIAN_POINT('',(211.30845966362,-16.176153669524,7.6386203760333));
#6280=CARTESIAN_POINT('',(211.149174714333,-16.2998012494258,7.62689578835544));
#6281=CARTESIAN_POINT('',(210.976257646523,-16.3923074278746,7.61594430502803));
#6282=CARTESIAN_POINT('',(210.803322271261,-16.484823400339,7.60499166222133));
#6283=CARTESIAN_POINT('',(210.611969339195,-16.5487323447958,7.59460501925033));
#6284=CARTESIAN_POINT('',(210.418102845738,-16.5787008510655,7.58443246257003));
#6285=CARTESIAN_POINT('',(210.224222971029,-16.6086714258525,7.57425920374903));
#6286=CARTESIAN_POINT('',(210.022526274246,-16.6055229198528,7.56320952729415));
#6287=CARTESIAN_POINT('',(209.829730726187,-16.5695452124044,7.55195707952195));
#6288=CARTESIAN_POINT('',(209.63696268763,-16.5335726385228,7.54070623733265));
#6289=CARTESIAN_POINT('',(209.447735814592,-16.4637805992411,7.52960800081398));
#6290=CARTESIAN_POINT('',(209.277740387413,-16.3659298991338,7.51926781526214));
#6291=CARTESIAN_POINT('',(209.107700436092,-16.2680535705818,7.50892492147343));
#6292=CARTESIAN_POINT('',(208.952232110446,-16.1394030806113,7.49876548023803));
#6293=CARTESIAN_POINT('',(208.824283834814,-15.9907183631915,7.48770068215611));
#6294=CARTESIAN_POINT('',(208.696374591165,-15.8420790036275,7.47663925950862));
#6295=CARTESIAN_POINT('',(208.592400681864,-15.6692966897597,7.46513276351211));
#6296=CARTESIAN_POINT('',(208.520966029265,-15.4866429477391,7.45457388917289));
#6297=CARTESIAN_POINT('',(208.449509124718,-15.3039323089389,7.44401172573627));
#6298=CARTESIAN_POINT('',(208.408658234725,-15.1063024543009,7.43406336855076));
#6299=CARTESIAN_POINT('',(208.401820727028,-14.91023282678,7.42353836560616));
#6300=CARTESIAN_POINT('',(208.394985014794,-14.7142146852306,7.41301612642466));
#6301=CARTESIAN_POINT('',(208.421935851813,-14.5143778396231,7.40118718639233));
#6302=CARTESIAN_POINT('',(208.480437508798,-14.3271975702984,7.39015726340547));
#6303=CARTESIAN_POINT('',(208.538945158533,-14.1399981267399,7.37912621054354));
#6304=CARTESIAN_POINT('',(208.630640662474,-13.9602946218803,7.3686596047423));
#6305=CARTESIAN_POINT('',(208.74791863923,-13.8030383789545,7.35842187539213));
#6306=CARTESIAN_POINT('',(208.865192400302,-13.6457877887747,7.34818451404821));
#6307=CARTESIAN_POINT('',(209.011248513139,-13.5066776428384,7.33708053357803));
#6308=CARTESIAN_POINT('',(209.17397117217,-13.3972133817871,7.32591816351474));
#6309=CARTESIAN_POINT('',(209.336676167095,-13.2877610034598,7.31475700516532));
#6310=CARTESIAN_POINT('',(209.520563603329,-13.2049102748476,7.30383652983957));
#6311=CARTESIAN_POINT('',(209.710396503361,-13.155553499334,7.29360477891383));
#6312=CARTESIAN_POINT('',(209.90029474372,-13.1061797352591,7.28336950622787));
#6313=CARTESIAN_POINT('',(210.101364941947,-13.0889753179125,7.27319913708202));
#6314=CARTESIAN_POINT('',(210.296843088254,-13.1053504849052,7.26206274180634));
#6315=CARTESIAN_POINT('',(210.492259723638,-13.1217204991396,7.25092985080961));
#6316=CARTESIAN_POINT('',(210.687524768599,-13.1720878323432,7.23934040675704));
#6317=CARTESIAN_POINT('',(210.866499346346,-13.2523035377409,7.22870456448428));
#6318=CARTESIAN_POINT('',(211.045521541342,-13.3325405850036,7.21806589248249));
#6319=CARTESIAN_POINT('',(211.213171009815,-13.4448685345355,7.20804377333304));
#6320=CARTESIAN_POINT('',(211.355468379666,-13.5799229315343,7.19746644940249));
#6321=CARTESIAN_POINT('',(211.497723326044,-13.7149370644263,7.18689227891609));
#6322=CARTESIAN_POINT('',(211.618563426663,-13.8763578465119,7.1751367569523));
#6323=CARTESIAN_POINT('',(211.708030550228,-14.050868467985,7.16423832930397));
#6324=CARTESIAN_POINT('',(211.797510134375,-14.2254033945185,7.15333838377129));
#6325=CARTESIAN_POINT('',(211.858062270078,-14.4178554526519,7.14303457868302));
#6326=CARTESIAN_POINT('',(211.884632127248,-14.6122210837072,7.13284195752238));
#6327=CARTESIAN_POINT('',(211.911202356503,-14.8065894366603,7.1226491936242));
#6328=CARTESIAN_POINT('',(211.904524929413,-15.0081849708645,7.11144068751544));
#6329=CARTESIAN_POINT('',(211.865180755216,-15.2003167958935,7.10020129624892));
#6330=CARTESIAN_POINT('',(211.825840700808,-15.3924285025038,7.08896308187633));
#6331=CARTESIAN_POINT('',(211.752745541936,-15.5804122145303,7.07795995807629));
#6332=CARTESIAN_POINT('',(211.651932513313,-15.7486721491882,7.06765593903065));
#6333=CARTESIAN_POINT('',(211.551096360722,-15.9169706784332,7.05734955650282));
#6334=CARTESIAN_POINT('',(211.419751802743,-16.0701555103622,7.04708043015517));
#6335=CARTESIAN_POINT('',(211.268857349674,-16.1954789884289,7.0359702540011));
#6336=CARTESIAN_POINT('',(211.118005493428,-16.3207670882428,7.02486321419966));
#6337=CARTESIAN_POINT('',(210.943427563363,-16.4217056988224,7.01343101890401));
#6338=CARTESIAN_POINT('',(210.759549260485,-16.4899351574272,7.00293018417253));
#6339=CARTESIAN_POINT('',(210.575608535601,-16.5581877781974,6.99242578467481));
#6340=CARTESIAN_POINT('',(210.377286303141,-16.595574228324,6.98251107297271));
#6341=CARTESIAN_POINT('',(210.181126925547,-16.5989788718656,6.97188751867886));
#6342=CARTESIAN_POINT('',(209.985025942595,-16.6023825018796,6.9612671269086));
#6343=CARTESIAN_POINT('',(209.78569435066,-16.5719403787972,6.94941584156838));
#6344=CARTESIAN_POINT('',(209.599565002206,-16.5101718813126,6.93843898883809));
#6345=CARTESIAN_POINT('',(209.413411145357,-16.448395250523,6.92746069074173));
#6346=CARTESIAN_POINT('',(209.235332446536,-16.353563428103,6.91707762734985));
#6347=CARTESIAN_POINT('',(209.0801511633,-16.2335479594198,6.90682140140097));
#6348=CARTESIAN_POINT('',(208.924982788274,-16.1135424738012,6.89656602858018));
#6349=CARTESIAN_POINT('',(208.788459323906,-15.9650842466629,6.88531777584657));
#6350=CARTESIAN_POINT('',(208.681860896059,-15.8004744941555,6.87417693124483));
#6351=CARTESIAN_POINT('',(208.575270021145,-15.6358764049215,6.86303687601744));
#6352=CARTESIAN_POINT('',(208.495646870971,-15.4505598243972,6.85221194027741));
#6353=CARTESIAN_POINT('',(208.449619742176,-15.2598882443044,6.84200907869003));
#6354=CARTESIAN_POINT('',(208.403578407302,-15.0691578142376,6.83180306803271));
#6355=CARTESIAN_POINT('',(208.389896572796,-14.8678291659339,6.82150385621235));
#6356=CARTESIAN_POINT('',(208.409687865472,-14.6726745804635,6.81032098413111));
#6357=CARTESIAN_POINT('',(208.429473390999,-14.4775768627122,6.79914137072005));
#6358=CARTESIAN_POINT('',(208.483249162289,-14.2832182734917,6.7876261000849));
#6359=CARTESIAN_POINT('',(208.566585099604,-14.1056716251213,6.77704879170973));
#6360=CARTESIAN_POINT('',(208.639047474481,-13.951291027663,6.76785159648557));
#6361=CARTESIAN_POINT('',(208.735336853195,-13.8060883900053,6.75908722522813));
#6362=CARTESIAN_POINT('',(208.849357772839,-13.6792601389509,6.75));
#6363=CARTESIAN_POINT('',(208.84935777287,-16.0192246709137,6.75));
#6364=CARTESIAN_POINT('',(208.888126945085,-16.0623485671413,6.7530898207181));
#6365=CARTESIAN_POINT('',(208.929089925982,-16.1035907897549,6.75625724611416));
#6366=CARTESIAN_POINT('',(208.971942805644,-16.1426470949509,6.75949790363848));
#6367=CARTESIAN_POINT('',(209.116880552766,-16.2747440025715,6.77045851129128));
#6368=CARTESIAN_POINT('',(209.286624786671,-16.3835949112142,6.78207184039247));
#6369=CARTESIAN_POINT('',(209.467163163383,-16.4602044320767,6.79272802692426));
#6370=CARTESIAN_POINT('',(209.647749348697,-16.5368342400063,6.80338703533471));
#6371=CARTESIAN_POINT('',(209.844119883598,-16.5833019329965,6.81341012742214));
#6372=CARTESIAN_POINT('',(210.03991241623,-16.5957284043821,6.82380143266904));
#6373=CARTESIAN_POINT('',(210.235666732154,-16.608152450247,6.83419070963903));
#6374=CARTESIAN_POINT('',(210.436201039678,-16.5869077059287,6.84591820050455));
#6375=CARTESIAN_POINT('',(210.62497242257,-16.5337661647356,6.85702620639349));
#6376=CARTESIAN_POINT('',(210.813753197668,-16.4806219795177,6.86813476495443));
#6377=CARTESIAN_POINT('',(210.995985296957,-16.3940956018296,6.87874594393952));
#6378=CARTESIAN_POINT('',(211.156518080138,-16.2813547771506,6.88897421442369));
#6379=CARTESIAN_POINT('',(211.317057877469,-16.1686090264922,6.89920293181118));
#6380=CARTESIAN_POINT('',(211.460292909444,-16.0265620399693,6.91005961900753));
#6381=CARTESIAN_POINT('',(211.57435546488,-15.8670189546122,6.9212397281391));
#6382=CARTESIAN_POINT('',(211.688399022459,-15.7075024421892,6.93241797515108));
#6383=CARTESIAN_POINT('',(211.776453122377,-15.5260618256799,6.94349233187473));
#6384=CARTESIAN_POINT('',(211.831201248273,-15.3377187384818,6.95378447366249));
#6385=CARTESIAN_POINT('',(211.885970296841,-15.1493036736506,6.96408054871914));
#6386=CARTESIAN_POINT('',(211.908902675374,-14.9487915181746,6.9740841037696));
#6387=CARTESIAN_POINT('',(211.898104458709,-14.7529151596748,6.98511792430547));
#6388=CARTESIAN_POINT('',(211.88730993963,-14.5571058742501,6.99614796657897));
#6389=CARTESIAN_POINT('',(211.84252793099,-14.3604915729779,7.00784388515605));
#6390=CARTESIAN_POINT('',(211.767448239584,-14.1793085574498,7.0185776895005));
#6391=CARTESIAN_POINT('',(211.692351094386,-13.9980834222689,7.02931398913465));
#6392=CARTESIAN_POINT('',(211.584856277395,-13.8273083444699,7.03941266286435));
#6393=CARTESIAN_POINT('',(211.453914529291,-13.6812175743488,7.04985988531663));
#6394=CARTESIAN_POINT('',(211.323005514142,-13.535163324151,7.06030449616132));
#6395=CARTESIAN_POINT('',(211.165089116328,-13.4097671386955,7.07199476163829));
#6396=CARTESIAN_POINT('',(210.993201845827,-13.3153624603365,7.08297779798524));
#6397=CARTESIAN_POINT('',(210.821300129492,-13.2209498479733,7.09396175737391));
#6398=CARTESIAN_POINT('',(210.630668987635,-13.154938324652,7.10440273936276));
#6399=CARTESIAN_POINT('',(210.437147240533,-13.1228354508715,7.11456776319883));
#6400=CARTESIAN_POINT('',(210.243605419699,-13.0907292471062,7.12473384143818));
#6401=CARTESIAN_POINT('',(210.041876442102,-13.0916557681663,7.13568087346466));
#6402=CARTESIAN_POINT('',(209.848692974662,-13.1255089669727,7.14693710361986));
#6403=CARTESIAN_POINT('',(209.655541547405,-13.1593565511024,7.15819146688821));
#6404=CARTESIAN_POINT('',(209.465561696596,-13.2270590234462,7.16934881342786));
#6405=CARTESIAN_POINT('',(209.294500614397,-13.3230301054566,7.17971467421809));
#6406=CARTESIAN_POINT('',(209.1233919246,-13.4190278969477,7.19008341990607));
#6407=CARTESIAN_POINT('',(208.966511488909,-13.5459616329783,7.2001842422299));
#6408=CARTESIAN_POINT('',(208.836931171402,-13.6932319687892,7.21121420539279));
#6409=CARTESIAN_POINT('',(208.707392001413,-13.8404555397147,7.22224066605153));
#6410=CARTESIAN_POINT('',(208.6015239996,-14.0120806841935,7.23379066162619));
#6411=CARTESIAN_POINT('',(208.528083256998,-14.1939348492451,7.24438685018066));
#6412=CARTESIAN_POINT('',(208.454620954095,-14.3758424019751,7.25498614950197));
#6413=CARTESIAN_POINT('',(208.411596103132,-14.5730049920505,7.26496057297211));
#6414=CARTESIAN_POINT('',(208.402598840521,-14.7689867580842,7.27543002768559));
#6415=CARTESIAN_POINT('',(208.393603718354,-14.9649219001615,7.28589699172145));
#6416=CARTESIAN_POINT('',(208.418352808902,-15.1650466966468,7.2976956792118));
#6417=CARTESIAN_POINT('',(208.474789249844,-15.3528594278192,7.30875712591733));
#6418=CARTESIAN_POINT('',(208.531230365242,-15.5406877149435,7.31981948880853));
#6419=CARTESIAN_POINT('',(208.620937606333,-15.7213854934229,7.33034083976917));
#6420=CARTESIAN_POINT('',(208.736474081382,-15.87992283205,7.34057196964853));
#6421=CARTESIAN_POINT('',(208.852009929963,-16.0384593110475,7.35080304405212));
#6422=CARTESIAN_POINT('',(208.996531298352,-16.1791761879274,7.36181261005951));
#6423=CARTESIAN_POINT('',(209.15804105962,-16.2904272925079,7.37298449927119));
#6424=CARTESIAN_POINT('',(209.319529566712,-16.4016637567939,7.38415491829749));
#6425=CARTESIAN_POINT('',(209.502489117248,-16.4865327636875,7.39513524348888));
#6426=CARTESIAN_POINT('',(209.691764583035,-16.5379772612202,7.40538848179474));
#6427=CARTESIAN_POINT('',(209.881108581721,-16.5894403857869,7.41564543259518));
#6428=CARTESIAN_POINT('',(210.081983406841,-16.6088593209227,7.42574432809128));
#6429=CARTESIAN_POINT('',(210.277634385741,-16.5946369964048,7.43684513927704));
#6430=CARTESIAN_POINT('',(210.473221331478,-16.5804193266064,7.4479423173604));
#6431=CARTESIAN_POINT('',(210.669026326617,-16.5322050137229,7.45957514503899));
#6432=CARTESIAN_POINT('',(210.848871383272,-16.453965788788,7.4702485754647));
#6433=CARTESIAN_POINT('',(211.028762020745,-16.3757067345183,7.48092471101721));
#6434=CARTESIAN_POINT('',(211.197635414565,-16.265235058196,7.4909736266094));
#6435=CARTESIAN_POINT('',(211.341412183328,-16.1317562065941,7.50149683120499));
#6436=CARTESIAN_POINT('',(211.485148553549,-15.9983148600156,7.51201707897986));
#6437=CARTESIAN_POINT('',(211.607759903489,-15.8382328865556,7.52375664548525));
#6438=CARTESIAN_POINT('',(211.699143094599,-15.6647191641742,7.53468885670441));
#6439=CARTESIAN_POINT('',(211.790537108636,-15.4911848917735,7.54562236267506));
#6440=CARTESIAN_POINT('',(211.853204378034,-15.2994178085599,7.55597777542837));
#6441=CARTESIAN_POINT('',(211.881914461287,-15.1053593793569,7.56615658808332));
#6442=CARTESIAN_POINT('',(211.91062593938,-14.9112915220832,7.57633589526233));
#6443=CARTESIAN_POINT('',(211.906169456416,-14.7096251896908,7.58744519913919));
#6444=CARTESIAN_POINT('',(211.868942891989,-14.5170688275568,7.59869379009184));
#6445=CARTESIAN_POINT('',(211.831722495966,-14.3245443718206,7.60994051716415));
#6446=CARTESIAN_POINT('',(211.7607079113,-14.1357784105709,7.62100325475479));
#6447=CARTESIAN_POINT('',(211.661761755538,-13.9664250811813,7.6313289940024));
#6448=CARTESIAN_POINT('',(210.150757595083,-14.8492424049177,6.45));
#6449=CARTESIAN_POINT('',(211.988446954105,-14.8492424049177,6.4303929106153));
#6450=CARTESIAN_POINT('',(211.988446954105,-14.3681364557608,6.4553929106153));
#6451=CARTESIAN_POINT('',(211.590245155951,-13.4097548440497,6.5053929106153));
#6452=CARTESIAN_POINT('',(210.150757595083,-12.812452146819,6.5803929106153));
#6453=CARTESIAN_POINT('',(208.711270034215,-13.4097548440497,6.6553929106153));
#6454=CARTESIAN_POINT('',(208.113967336984,-14.8492424049177,6.7303929106153));
#6455=CARTESIAN_POINT('',(208.711270034215,-16.2887299657857,6.8053929106153));
#6456=CARTESIAN_POINT('',(210.150757595083,-16.8860326630164,6.8803929106153));
#6457=CARTESIAN_POINT('',(211.590245155951,-16.2887299657857,6.9553929106153));
#6458=CARTESIAN_POINT('',(212.187547853182,-14.8492424049177,7.0303929106153));
#6459=CARTESIAN_POINT('',(211.590245155951,-13.4097548440497,7.1053929106153));
#6460=CARTESIAN_POINT('',(210.150757595083,-12.812452146819,7.1803929106153));
#6461=CARTESIAN_POINT('',(208.711270034215,-13.4097548440497,7.2553929106153));
#6462=CARTESIAN_POINT('',(208.113967336984,-14.8492424049177,7.3303929106153));
#6463=CARTESIAN_POINT('',(208.711270034215,-16.2887299657857,7.4053929106153));
#6464=CARTESIAN_POINT('',(210.150757595083,-16.8860326630164,7.4803929106153));
#6465=CARTESIAN_POINT('',(211.590245155951,-16.2887299657857,7.5553929106153));
#6466=CARTESIAN_POINT('',(212.122453134529,-15.0061193756957,7.62221932639811));
#6467=CARTESIAN_POINT('',(211.898253205734,-14.2033379725617,7.66404574218092));
#6468=CARTESIAN_POINT('',(211.735774438342,-13.923182527477,7.68087215796374));
#6469=CARTESIAN_POINT('',(211.517435268486,-14.8492424049177,6.15845418713193));
#6470=CARTESIAN_POINT('',(211.517435268486,-14.491447026702,6.18345418713193));
#6471=CARTESIAN_POINT('',(211.221295170393,-13.7787048296079,6.23345418713193));
#6472=CARTESIAN_POINT('',(210.150757595083,-13.3344946824678,6.30845418713193));
#6473=CARTESIAN_POINT('',(209.080220019773,-13.7787048296079,6.38345418713193));
#6474=CARTESIAN_POINT('',(208.636009872633,-14.8492424049177,6.45845418713193));
#6475=CARTESIAN_POINT('',(209.080220019773,-15.9197799802275,6.53345418713193));
#6476=CARTESIAN_POINT('',(210.150757595083,-16.3639901273676,6.60845418713193));
#6477=CARTESIAN_POINT('',(211.221295170393,-15.9197799802275,6.68345418713193));
#6478=CARTESIAN_POINT('',(211.665505317533,-14.8492424049177,6.75845418713193));
#6479=CARTESIAN_POINT('',(211.221295170393,-13.7787048296079,6.83345418713193));
#6480=CARTESIAN_POINT('',(210.150757595083,-13.3344946824678,6.90845418713193));
#6481=CARTESIAN_POINT('',(209.080220019773,-13.7787048296079,6.98345418713193));
#6482=CARTESIAN_POINT('',(208.636009872633,-14.8492424049177,7.05845418713193));
#6483=CARTESIAN_POINT('',(209.080220019773,-15.9197799802275,7.13345418713193));
#6484=CARTESIAN_POINT('',(210.150757595083,-16.3639901273676,7.20845418713193));
#6485=CARTESIAN_POINT('',(211.221295170393,-15.9197799802275,7.28345418713193));
#6486=CARTESIAN_POINT('',(211.617094796896,-14.9659107919771,7.35028060291475));
#6487=CARTESIAN_POINT('',(211.450358762017,-14.3688874621634,7.39210701869756));
#6488=CARTESIAN_POINT('',(211.329524355099,-14.1605376722493,7.40893343448037));
#6489=CARTESIAN_POINT('',(211.517435268486,-14.8492424049177,6.74154581286807));
#6490=CARTESIAN_POINT('',(211.517435268486,-14.491447026702,6.76654581286807));
#6491=CARTESIAN_POINT('',(211.221295170393,-13.7787048296079,6.81654581286807));
#6492=CARTESIAN_POINT('',(210.150757595083,-13.3344946824678,6.89154581286807));
#6493=CARTESIAN_POINT('',(209.080220019773,-13.7787048296079,6.96654581286807));
#6494=CARTESIAN_POINT('',(208.636009872633,-14.8492424049177,7.04154581286807));
#6495=CARTESIAN_POINT('',(209.080220019773,-15.9197799802275,7.11654581286807));
#6496=CARTESIAN_POINT('',(210.150757595083,-16.3639901273676,7.19154581286807));
#6497=CARTESIAN_POINT('',(211.221295170393,-15.9197799802275,7.26654581286807));
#6498=CARTESIAN_POINT('',(211.665505317533,-14.8492424049177,7.34154581286807));
#6499=CARTESIAN_POINT('',(211.221295170393,-13.7787048296079,7.41654581286807));
#6500=CARTESIAN_POINT('',(210.150757595083,-13.3344946824678,7.49154581286807));
#6501=CARTESIAN_POINT('',(209.080220019773,-13.7787048296079,7.56654581286807));
#6502=CARTESIAN_POINT('',(208.636009872633,-14.8492424049177,7.64154581286807));
#6503=CARTESIAN_POINT('',(209.080220019773,-15.9197799802275,7.71654581286807));
#6504=CARTESIAN_POINT('',(210.150757595083,-16.3639901273676,7.79154581286807));
#6505=CARTESIAN_POINT('',(211.221295170393,-15.9197799802275,7.86654581286807));
#6506=CARTESIAN_POINT('',(211.617094796896,-14.9659107919771,7.93337222865088));
#6507=CARTESIAN_POINT('',(211.450358762017,-14.3688874621634,7.97519864443369));
#6508=CARTESIAN_POINT('',(211.329524355099,-14.1605376722493,7.99202506021651));
#6509=CARTESIAN_POINT('',(211.988446954105,-14.8492424049177,6.4696070893847));
#6510=CARTESIAN_POINT('',(211.988446954105,-14.3681364557608,6.4946070893847));
#6511=CARTESIAN_POINT('',(211.590245155951,-13.4097548440497,6.5446070893847));
#6512=CARTESIAN_POINT('',(210.150757595083,-12.812452146819,6.6196070893847));
#6513=CARTESIAN_POINT('',(208.711270034215,-13.4097548440497,6.6946070893847));
#6514=CARTESIAN_POINT('',(208.113967336984,-14.8492424049177,6.7696070893847));
#6515=CARTESIAN_POINT('',(208.711270034215,-16.2887299657857,6.8446070893847));
#6516=CARTESIAN_POINT('',(210.150757595083,-16.8860326630164,6.9196070893847));
#6517=CARTESIAN_POINT('',(211.590245155951,-16.2887299657857,6.9946070893847));
#6518=CARTESIAN_POINT('',(212.187547853182,-14.8492424049177,7.0696070893847));
#6519=CARTESIAN_POINT('',(211.590245155951,-13.4097548440497,7.1446070893847));
#6520=CARTESIAN_POINT('',(210.150757595083,-12.812452146819,7.2196070893847));
#6521=CARTESIAN_POINT('',(208.711270034215,-13.4097548440497,7.2946070893847));
#6522=CARTESIAN_POINT('',(208.113967336984,-14.8492424049177,7.3696070893847));
#6523=CARTESIAN_POINT('',(208.711270034215,-16.2887299657857,7.4446070893847));
#6524=CARTESIAN_POINT('',(210.150757595083,-16.8860326630164,7.5196070893847));
#6525=CARTESIAN_POINT('',(211.590245155951,-16.2887299657857,7.5946070893847));
#6526=CARTESIAN_POINT('',(212.122453134529,-15.0061193756957,7.66143350516751));
#6527=CARTESIAN_POINT('',(211.898253205734,-14.2033379725617,7.70325992095033));
#6528=CARTESIAN_POINT('',(211.735774438342,-13.923182527477,7.72008633673314));
#6529=CARTESIAN_POINT('',(216.697468735469,7.64357429871296,7.01912784203626));
#6530=CARTESIAN_POINT('',(217.103718818712,7.40621915394066,7.29106656551963));
#6531=CARTESIAN_POINT('',(216.771481418273,7.6003317450086,7.06867100599761));
#6532=CARTESIAN_POINT('',(216.771481418273,7.6003317450086,8.55));
#6533=CARTESIAN_POINT('',(216.771481418273,7.6003317450086,6.93037049930551));
#6534=CARTESIAN_POINT('',(217.103718818712,7.40621915394066,6.7079749397835));
#6535=CARTESIAN_POINT('',(216.697468735469,7.64357429871296,6.97991366326686));
#6536=CARTESIAN_POINT('',(217.103718818712,7.40621915394066,6.99952075265156));
#6537=CARTESIAN_POINT('',(216.771481418273,7.6003317450086,6.93037049930551));
#6538=CARTESIAN_POINT('',(216.66674076572,7.42106072537436,6.9420716447902));
#6539=CARTESIAN_POINT('',(216.593288750753,7.21975335319414,6.95322062747671));
#6540=CARTESIAN_POINT('',(216.557973362931,7.01510074079348,6.96397940083819));
#6541=CARTESIAN_POINT('',(216.524611536187,6.82176901152174,6.97414302511065));
#6542=CARTESIAN_POINT('',(216.52422962073,6.62003242492588,6.98502916502256));
#6543=CARTESIAN_POINT('',(216.556830035759,6.42663137429042,6.99628593357496));
#6544=CARTESIAN_POINT('',(216.589424611475,6.23326496521754,7.00754068584022));
#6545=CARTESIAN_POINT('',(216.655893098536,6.04285245955755,7.01873245692398));
#6546=CARTESIAN_POINT('',(216.75075215673,5.87117363652022,7.02911440141904));
#6547=CARTESIAN_POINT('',(216.845638372266,5.69944566329507,7.03949931817655));
#6548=CARTESIAN_POINT('',(216.971553767747,5.5417430287378,7.04956988389872));
#6549=CARTESIAN_POINT('',(217.117982883501,5.41120914576848,7.06057700156707));
#6550=CARTESIAN_POINT('',(217.264364564498,5.28071754839893,7.07158055355146));
#6551=CARTESIAN_POINT('',(217.435298726949,5.17374033789754,7.08315487837133));
#6552=CARTESIAN_POINT('',(217.61667177018,5.09912263547183,7.09377322786483));
#6553=CARTESIAN_POINT('',(217.798096133046,5.02448381991221,7.10439458182814));
#6554=CARTESIAN_POINT('',(217.99497229683,4.98018149285321,7.11438603078201));
#6555=CARTESIAN_POINT('',(218.190891033009,4.969913082524,7.12482508979568));
#6556=CARTESIAN_POINT('',(218.386766169336,4.95964695733187,7.13526182569603));
#6557=CARTESIAN_POINT('',(218.587049603672,4.98309826789805,7.14703729739229));
#6558=CARTESIAN_POINT('',(218.775224212018,5.03831561253525,7.15811653196781));
#6559=CARTESIAN_POINT('',(218.963412150839,5.09353686882356,7.16919655140723));
#6560=CARTESIAN_POINT('',(219.144685025849,5.18206844852209,7.17975081499976));
#6561=CARTESIAN_POINT('',(219.303967574525,5.29657299663054,7.18997981516067));
#6562=CARTESIAN_POINT('',(219.463252150767,5.41107900230971,7.20020894553029));
#6563=CARTESIAN_POINT('',(219.604907195932,5.5546885524725,7.21116211288808));
#6564=CARTESIAN_POINT('',(219.717204129762,5.71547516090385,7.22233806363234));
#6565=CARTESIAN_POINT('',(219.829484801044,5.87623848464002,7.2335123959047));
#6566=CARTESIAN_POINT('',(219.915537251461,6.05864153216395,7.24452775172902));
#6567=CARTESIAN_POINT('',(219.968207947894,6.24757815528161,7.25479475159016));
#6568=CARTESIAN_POINT('',(220.020898173306,6.43658483137894,7.26506555819836));
#6569=CARTESIAN_POINT('',(220.041619872202,6.63733275645534,7.27512635603744));
#6570=CARTESIAN_POINT('',(220.028665956255,6.83307431543387,7.28620385945426));
#6571=CARTESIAN_POINT('',(220.015716362861,7.02875055801512,7.29727766645311));
#6572=CARTESIAN_POINT('',(219.968772365438,7.2248624154657,7.30893474187884));
#6573=CARTESIAN_POINT('',(219.891701268955,7.40520974794396,7.31963048103875));
#6574=CARTESIAN_POINT('',(219.814611228548,7.58560140944286,7.33032884919036));
#6575=CARTESIAN_POINT('',(219.705238798471,7.75518567964823,7.34039520399549));
#6576=CARTESIAN_POINT('',(219.572695329323,7.89982520929222,7.35088883063465));
#6577=CARTESIAN_POINT('',(219.440187647265,8.0444256858785,7.3613796239667));
#6578=CARTESIAN_POINT('',(219.280902697978,8.16807326578026,7.37310421164456));
#6579=CARTESIAN_POINT('',(219.107985630168,8.26057944422914,7.38405569497197));
#6580=CARTESIAN_POINT('',(218.935050254906,8.35309541669351,7.39500833777867));
#6581=CARTESIAN_POINT('',(218.743697322839,8.41700436115027,7.40539498074967));
#6582=CARTESIAN_POINT('',(218.549830829383,8.44697286742006,7.41556753742997));
#6583=CARTESIAN_POINT('',(218.355950954674,8.47694344220698,7.42574079625097));
#6584=CARTESIAN_POINT('',(218.154254257891,8.47379493620735,7.43679047270585));
#6585=CARTESIAN_POINT('',(217.961458709832,8.43781722875893,7.44804292047805));
#6586=CARTESIAN_POINT('',(217.768690671275,8.40184465487727,7.45929376266735));
#6587=CARTESIAN_POINT('',(217.579463798237,8.3320526155956,7.47039199918602));
#6588=CARTESIAN_POINT('',(217.409468371058,8.23420191548834,7.48073218473787));
#6589=CARTESIAN_POINT('',(217.239428419737,8.13632558693636,7.49107507852658));
#6590=CARTESIAN_POINT('',(217.083960094091,8.0076750969658,7.50123451976195));
#6591=CARTESIAN_POINT('',(216.956011818459,7.85899037954604,7.51229931784387));
#6592=CARTESIAN_POINT('',(216.82810257481,7.71035101998201,7.52336074049136));
#6593=CARTESIAN_POINT('',(216.724128665509,7.53756870611418,7.53486723648787));
#6594=CARTESIAN_POINT('',(216.65269401291,7.35491496409361,7.54542611082709));
#6595=CARTESIAN_POINT('',(216.581237108363,7.17220432529344,7.55598827426369));
#6596=CARTESIAN_POINT('',(216.54038621837,6.97457447065546,7.56593663144924));
#6597=CARTESIAN_POINT('',(216.533548710673,6.77850484313451,7.57646163439384));
#6598=CARTESIAN_POINT('',(216.526712998439,6.58248670158513,7.58698387357533));
#6599=CARTESIAN_POINT('',(216.553663835458,6.38264985597764,7.59881281360765));
#6600=CARTESIAN_POINT('',(216.612165492443,6.19546958665289,7.60984273659452));
#6601=CARTESIAN_POINT('',(216.670673142178,6.00827014309445,7.62087378945647));
#6602=CARTESIAN_POINT('',(216.762368646119,5.8285666382348,7.63134039525768));
#6603=CARTESIAN_POINT('',(216.879646622875,5.67131039530907,7.64157812460786));
#6604=CARTESIAN_POINT('',(216.996920383947,5.51405980512922,7.65181548595178));
#6605=CARTESIAN_POINT('',(217.142976496784,5.37494965919297,7.66291946642197));
#6606=CARTESIAN_POINT('',(217.305699155815,5.26548539814165,7.67408183648525));
#6607=CARTESIAN_POINT('',(217.46840415074,5.1560330198143,7.68524299483467));
#6608=CARTESIAN_POINT('',(217.652291586974,5.0731822912021,7.69616347016043));
#6609=CARTESIAN_POINT('',(217.842124487006,5.02382551568855,7.70639522108617));
#6610=CARTESIAN_POINT('',(218.032022727365,4.97445175161361,7.71663049377214));
#6611=CARTESIAN_POINT('',(218.233092925592,4.95724733426699,7.72680086291798));
#6612=CARTESIAN_POINT('',(218.428571071899,4.97362250125971,7.73793725819366));
#6613=CARTESIAN_POINT('',(218.623987707283,4.98999251549414,7.7490701491904));
#6614=CARTESIAN_POINT('',(218.819252752244,5.04035984869769,7.76065959324296));
#6615=CARTESIAN_POINT('',(218.998227329991,5.12057555409537,7.77129543551573));
#6616=CARTESIAN_POINT('',(219.177249524987,5.20081260135808,7.78193410751752));
#6617=CARTESIAN_POINT('',(219.34489899346,5.31314055089002,7.79195622666696));
#6618=CARTESIAN_POINT('',(219.487196363311,5.44819494788878,7.80253355059751));
#6619=CARTESIAN_POINT('',(219.629451309689,5.58320908078085,7.8131077210839));
#6620=CARTESIAN_POINT('',(219.750291410308,5.74462986286633,7.82486324304771));
#6621=CARTESIAN_POINT('',(219.839758533873,5.91914048433946,7.83576167069604));
#6622=CARTESIAN_POINT('',(219.92923811802,6.093675410873,7.84666161622873));
#6623=CARTESIAN_POINT('',(219.989790253723,6.2861274690064,7.85696542131698));
#6624=CARTESIAN_POINT('',(220.016360110893,6.48049310006171,7.86715804247762));
#6625=CARTESIAN_POINT('',(220.042930340148,6.67486145301483,7.8773508063758));
#6626=CARTESIAN_POINT('',(220.036252913058,6.87645698721895,7.88855931248458));
#6627=CARTESIAN_POINT('',(219.996908738861,7.06858881224796,7.8997987037511));
#6628=CARTESIAN_POINT('',(219.957568684453,7.26070051885831,7.91103691812367));
#6629=CARTESIAN_POINT('',(219.884473525581,7.44868423088479,7.92204004192372));
#6630=CARTESIAN_POINT('',(219.783660496958,7.61694416554272,7.93234406096934));
#6631=CARTESIAN_POINT('',(219.682824344367,7.78524269478766,7.94265044349716));
#6632=CARTESIAN_POINT('',(219.551479786388,7.93842752671671,7.95291956984482));
#6633=CARTESIAN_POINT('',(219.400585333319,8.06375100478344,7.9640297459989));
#6634=CARTESIAN_POINT('',(219.249733477073,8.18903910459733,7.97513678580034));
#6635=CARTESIAN_POINT('',(219.075155547008,8.28997771517688,7.98656898109598));
#6636=CARTESIAN_POINT('',(218.89127724413,8.35820717378168,7.99706981582746));
#6637=CARTESIAN_POINT('',(218.707336519246,8.42645979455186,8.00757421532518));
#6638=CARTESIAN_POINT('',(218.509014286786,8.46384624467848,8.01748892702729));
#6639=CARTESIAN_POINT('',(218.312854909192,8.46725088822008,8.02811248132113));
#6640=CARTESIAN_POINT('',(218.11675392624,8.47065451823408,8.0387328730914));
#6641=CARTESIAN_POINT('',(217.917422334305,8.44021239515173,8.05058415843161));
#6642=CARTESIAN_POINT('',(217.731292985851,8.37844389766709,8.06156101116191));
#6643=CARTESIAN_POINT('',(217.545139129002,8.31666726687754,8.07253930925827));
#6644=CARTESIAN_POINT('',(217.367060430181,8.22183544445748,8.08292237265015));
#6645=CARTESIAN_POINT('',(217.211879146945,8.10181997577431,8.09317859859902));
#6646=CARTESIAN_POINT('',(217.17775390457,8.07542789502694,8.09543400072656));
#6647=CARTESIAN_POINT('',(217.144583110254,8.04775456876865,8.09770148730321));
#6648=CARTESIAN_POINT('',(217.112503312732,8.01891424348475,8.10000000000001));
#6649=CARTESIAN_POINT('',(219.452467844725,8.01891424348379,8.09999999999992));
#6650=CARTESIAN_POINT('',(219.590191393345,7.8950982518527,8.09013212832964));
#6651=CARTESIAN_POINT('',(219.709424682611,7.74738425873426,8.07915544289856));
#6652=CARTESIAN_POINT('',(219.801390019642,7.5866687800447,8.06874092351886));
#6653=CARTESIAN_POINT('',(219.898792428016,7.41645166136763,8.05771068862379));
#6654=CARTESIAN_POINT('',(219.968127610124,7.22701463086958,8.0471804645275));
#6655=CARTESIAN_POINT('',(220.003613267422,7.0340890241879,8.03701969967666));
#6656=CARTESIAN_POINT('',(220.039104537517,6.84113290229516,8.02685732768881));
#6657=CARTESIAN_POINT('',(220.041708952717,6.63940282661964,8.01607468102929));
#6658=CARTESIAN_POINT('',(220.011239488511,6.44565063293125,8.00481998311163));
#6659=CARTESIAN_POINT('',(219.980776144782,6.25193735872828,7.99356754595315));
#6660=CARTESIAN_POINT('',(219.916409687766,6.06080818045415,7.98231809351207));
#6661=CARTESIAN_POINT('',(219.823448327115,5.88809666881998,7.97190730917097));
#6662=CARTESIAN_POINT('',(219.730459377542,5.71533390014219,7.9614934351341));
#6663=CARTESIAN_POINT('',(219.606286366314,5.55625061505816,7.95146635289501));
#6664=CARTESIAN_POINT('',(219.461300368167,5.424109731239,7.9405020963615));
#6665=CARTESIAN_POINT('',(219.316362621045,5.29201282361834,7.92954148870871));
#6666=CARTESIAN_POINT('',(219.14661838714,5.18316191497566,7.91792815960754));
#6667=CARTESIAN_POINT('',(218.966080010428,5.10655239411317,7.90727197307574));
#6668=CARTESIAN_POINT('',(218.785493825114,5.02992258618356,7.89661296466529));
#6669=CARTESIAN_POINT('',(218.589123290213,4.98345489319343,7.88658987257786));
#6670=CARTESIAN_POINT('',(218.393330757581,4.97102842180785,7.87619856733096));
#6671=CARTESIAN_POINT('',(218.197576441657,4.95860437594289,7.86580929036097));
#6672=CARTESIAN_POINT('',(217.997042134133,4.97984912026122,7.85408179949545));
#6673=CARTESIAN_POINT('',(217.80827075124,5.03299066145432,7.84297379360651));
#6674=CARTESIAN_POINT('',(217.619489976143,5.08613484667217,7.83186523504556));
#6675=CARTESIAN_POINT('',(217.437257876854,5.17266122436029,7.82125405606046));
#6676=CARTESIAN_POINT('',(217.276725093673,5.28540204903937,7.81102578557628));
#6677=CARTESIAN_POINT('',(217.116185296342,5.39814779969769,7.80079706818879));
#6678=CARTESIAN_POINT('',(216.972950264366,5.54019478622061,7.78994038099248));
#6679=CARTESIAN_POINT('',(216.85888770893,5.69973787157773,7.7787602718609));
#6680=CARTESIAN_POINT('',(216.744844151352,5.85925438400073,7.76758202484891));
#6681=CARTESIAN_POINT('',(216.656790051434,6.04069500051001,7.75650766812525));
#6682=CARTESIAN_POINT('',(216.602041925538,6.22903808770812,7.74621552633749));
#6683=CARTESIAN_POINT('',(216.54727287697,6.41745315253929,7.73591945128084));
#6684=CARTESIAN_POINT('',(216.524340498437,6.61796530801532,7.72591589623038));
#6685=CARTESIAN_POINT('',(216.535138715102,6.81384166651516,7.71488207569453));
#6686=CARTESIAN_POINT('',(216.545933234181,7.00965095193983,7.70385203342105));
#6687=CARTESIAN_POINT('',(216.590715242821,7.20626525321204,7.69215611484391));
#6688=CARTESIAN_POINT('',(216.665794934227,7.38744826874015,7.68142231049947));
#6689=CARTESIAN_POINT('',(216.740892079425,7.568673403921,7.67068601086533));
#6690=CARTESIAN_POINT('',(216.848386896417,7.73944848172003,7.66058733713565));
#6691=CARTESIAN_POINT('',(216.97932864452,7.88553925184118,7.65014011468337));
#6692=CARTESIAN_POINT('',(217.110237659669,8.03159350203893,7.63969550383868));
#6693=CARTESIAN_POINT('',(217.268154057483,8.15698968749445,7.6280052383617));
#6694=CARTESIAN_POINT('',(217.440041327984,8.25139436585342,7.61702220201476));
#6695=CARTESIAN_POINT('',(217.611943044319,8.34580697821666,7.60603824262608));
#6696=CARTESIAN_POINT('',(217.802574186176,8.41181850153795,7.59559726063723));
#6697=CARTESIAN_POINT('',(217.996095933278,8.44392137531841,7.58543223680117));
#6698=CARTESIAN_POINT('',(218.189637754112,8.47602757908371,7.57526615856182));
#6699=CARTESIAN_POINT('',(218.391366731709,8.47510105802357,7.56431912653534));
#6700=CARTESIAN_POINT('',(218.584550199149,8.44124785921725,7.55306289638014));
#6701=CARTESIAN_POINT('',(218.777701626406,8.40740027508748,7.54180853311179));
#6702=CARTESIAN_POINT('',(218.967681477215,8.33969780274373,7.53065118657214));
#6703=CARTESIAN_POINT('',(219.138742559414,8.24372672073331,7.52028532578193));
#6704=CARTESIAN_POINT('',(219.309851249211,8.1477289292422,7.50991658009396));
#6705=CARTESIAN_POINT('',(219.466731684902,8.02079519321158,7.49981575777011));
#6706=CARTESIAN_POINT('',(219.596312002409,7.87352485740073,7.48878579460722));
#6707=CARTESIAN_POINT('',(219.725851172398,7.72630128647522,7.47775933394849));
#6708=CARTESIAN_POINT('',(219.831719174211,7.55467614199635,7.46620933837381));
#6709=CARTESIAN_POINT('',(219.905159916813,7.37282197694477,7.45561314981934));
#6710=CARTESIAN_POINT('',(219.978622219716,7.19091442421477,7.44501385049802));
#6711=CARTESIAN_POINT('',(220.021647070679,6.99375183413944,7.4350394270279));
#6712=CARTESIAN_POINT('',(220.03064433329,6.79777006810572,7.42456997231442));
#6713=CARTESIAN_POINT('',(220.039639455457,6.60183492602837,7.41410300827856));
#6714=CARTESIAN_POINT('',(220.014890364909,6.40171012954308,7.40230432078821));
#6715=CARTESIAN_POINT('',(219.958453923967,6.21389739837069,7.39124287408268));
#6716=CARTESIAN_POINT('',(219.902012808569,6.02606911124638,7.38018051119148));
#6717=CARTESIAN_POINT('',(219.812305567478,5.84537133276695,7.36965916023082));
#6718=CARTESIAN_POINT('',(219.696769092429,5.6868339941399,7.35942803035146));
#6719=CARTESIAN_POINT('',(219.581233243848,5.52829751514232,7.34919695594787));
#6720=CARTESIAN_POINT('',(219.436711875459,5.38758063826247,7.3381873899405));
#6721=CARTESIAN_POINT('',(219.275202114191,5.27632953368198,7.32701550072881));
#6722=CARTESIAN_POINT('',(219.113713607099,5.16509306939603,7.31584508170252));
#6723=CARTESIAN_POINT('',(218.930754056563,5.08022406250238,7.30486475651112));
#6724=CARTESIAN_POINT('',(218.741478590776,5.02877956496972,7.29461151820526));
#6725=CARTESIAN_POINT('',(218.552134592091,4.97731644040305,7.28435456740481));
#6726=CARTESIAN_POINT('',(218.35125976697,4.95789750526726,7.27425567190873));
#6727=CARTESIAN_POINT('',(218.155608788071,4.9721198297851,7.26315486072297));
#6728=CARTESIAN_POINT('',(217.960021842333,4.98633749958351,7.25205768263961));
#6729=CARTESIAN_POINT('',(217.764216847194,5.034551812467,7.24042485496103));
#6730=CARTESIAN_POINT('',(217.584371790539,5.11279103740196,7.2297514245353));
#6731=CARTESIAN_POINT('',(217.404481153066,5.19105009167166,7.21907528898278));
#6732=CARTESIAN_POINT('',(217.235607759246,5.30152176799389,7.20902637339062));
#6733=CARTESIAN_POINT('',(217.091830990483,5.43500061959582,7.19850316879502));
#6734=CARTESIAN_POINT('',(216.948094620262,5.56844196617436,7.18798292102014));
#6735=CARTESIAN_POINT('',(216.825483270322,5.72852393963434,7.17624335451473));
#6736=CARTESIAN_POINT('',(216.734100079212,5.90203766201575,7.16531114329557));
#6737=CARTESIAN_POINT('',(216.642706065175,6.07557193441639,7.15437763732492));
#6738=CARTESIAN_POINT('',(216.580038795777,6.26733901763002,7.14402222457163));
#6739=CARTESIAN_POINT('',(216.551328712524,6.46139744683309,7.13384341191668));
#6740=CARTESIAN_POINT('',(216.522617234431,6.65546530410673,7.12366410473766));
#6741=CARTESIAN_POINT('',(216.527073717395,6.85713163649918,7.11255480086087));
#6742=CARTESIAN_POINT('',(216.564300281822,7.04968799863312,7.10130620990823));
#6743=CARTESIAN_POINT('',(216.601520677845,7.24221245436927,7.09005948283593));
#6744=CARTESIAN_POINT('',(216.672535262511,7.43097841561905,7.07899674524523));
#6745=CARTESIAN_POINT('',(216.771481418273,7.6003317450086,7.06867100599761));
#6746=CARTESIAN_POINT('',(218.282485578728,6.71751442127221,8.55));
#6747=CARTESIAN_POINT('',(219.649163252131,6.71751442127221,8.25845418713193));
#6748=CARTESIAN_POINT('',(219.649163252131,6.35971904305649,8.23345418713193));
#6749=CARTESIAN_POINT('',(219.353023154038,5.64697684596237,8.18345418713193));
#6750=CARTESIAN_POINT('',(218.282485578728,5.20276669882235,8.10845418713193));
#6751=CARTESIAN_POINT('',(217.211948003418,5.64697684596237,8.03345418713193));
#6752=CARTESIAN_POINT('',(216.767737856278,6.71751442127221,7.95845418713194));
#6753=CARTESIAN_POINT('',(217.211948003418,7.78805199658205,7.88345418713193));
#6754=CARTESIAN_POINT('',(218.282485578728,8.23226214372207,7.80845418713193));
#6755=CARTESIAN_POINT('',(219.353023154038,7.78805199658205,7.73345418713193));
#6756=CARTESIAN_POINT('',(219.797233301178,6.71751442127221,7.65845418713193));
#6757=CARTESIAN_POINT('',(219.353023154038,5.64697684596237,7.58345418713193));
#6758=CARTESIAN_POINT('',(218.282485578728,5.20276669882235,7.50845418713193));
#6759=CARTESIAN_POINT('',(217.211948003418,5.64697684596237,7.43345418713193));
#6760=CARTESIAN_POINT('',(216.767737856278,6.71751442127221,7.35845418713193));
#6761=CARTESIAN_POINT('',(217.211948003418,7.78805199658205,7.28345418713193));
#6762=CARTESIAN_POINT('',(218.282485578728,8.23226214372207,7.20845418713193));
#6763=CARTESIAN_POINT('',(219.353023154038,7.78805199658205,7.13345418713193));
#6764=CARTESIAN_POINT('',(219.797233301178,6.71751442127221,7.05845418713193));
#6765=CARTESIAN_POINT('',(219.353023154038,5.64697684596237,6.98345418713193));
#6766=CARTESIAN_POINT('',(218.282485578728,5.20276669882235,6.90845418713193));
#6767=CARTESIAN_POINT('',(217.211948003418,5.64697684596237,6.83345418713193));
#6768=CARTESIAN_POINT('',(216.816148376915,6.60084603421276,6.76662777134912));
#6769=CARTESIAN_POINT('',(216.982884411794,7.19786936402655,6.72480135556631));
#6770=CARTESIAN_POINT('',(217.103718818712,7.40621915394066,6.7079749397835));
#6771=CARTESIAN_POINT('',(220.12017493775,6.71751442127221,8.5303929106153));
#6772=CARTESIAN_POINT('',(220.12017493775,6.23640847211529,8.5053929106153));
#6773=CARTESIAN_POINT('',(219.721973139596,5.27802686040422,8.4553929106153));
#6774=CARTESIAN_POINT('',(218.282485578728,4.68072416317351,8.3803929106153));
#6775=CARTESIAN_POINT('',(216.84299801786,5.27802686040422,8.3053929106153));
#6776=CARTESIAN_POINT('',(216.245695320629,6.71751442127221,8.2303929106153));
#6777=CARTESIAN_POINT('',(216.84299801786,8.1570019821402,8.1553929106153));
#6778=CARTESIAN_POINT('',(218.282485578728,8.75430467937091,8.0803929106153));
#6779=CARTESIAN_POINT('',(219.721973139596,8.1570019821402,8.0053929106153));
#6780=CARTESIAN_POINT('',(220.319275836827,6.71751442127221,7.9303929106153));
#6781=CARTESIAN_POINT('',(219.721973139596,5.27802686040422,7.8553929106153));
#6782=CARTESIAN_POINT('',(218.282485578728,4.68072416317351,7.7803929106153));
#6783=CARTESIAN_POINT('',(216.84299801786,5.27802686040422,7.7053929106153));
#6784=CARTESIAN_POINT('',(216.245695320629,6.71751442127221,7.6303929106153));
#6785=CARTESIAN_POINT('',(216.84299801786,8.1570019821402,7.5553929106153));
#6786=CARTESIAN_POINT('',(218.282485578728,8.75430467937091,7.4803929106153));
#6787=CARTESIAN_POINT('',(219.721973139596,8.1570019821402,7.4053929106153));
#6788=CARTESIAN_POINT('',(220.319275836827,6.71751442127221,7.3303929106153));
#6789=CARTESIAN_POINT('',(219.721973139596,5.27802686040422,7.2553929106153));
#6790=CARTESIAN_POINT('',(218.282485578728,4.68072416317351,7.1803929106153));
#6791=CARTESIAN_POINT('',(216.84299801786,5.27802686040422,7.1053929106153));
#6792=CARTESIAN_POINT('',(216.310790039282,6.56063745049424,7.03856649483249));
#6793=CARTESIAN_POINT('',(216.534989968077,7.36341885362826,6.99674007904967));
#6794=CARTESIAN_POINT('',(216.697468735469,7.64357429871296,6.97991366326686));
#6795=CARTESIAN_POINT('',(220.12017493775,6.71751442127221,8.5696070893847));
#6796=CARTESIAN_POINT('',(220.12017493775,6.23640847211529,8.5446070893847));
#6797=CARTESIAN_POINT('',(219.721973139596,5.27802686040422,8.4946070893847));
#6798=CARTESIAN_POINT('',(218.282485578728,4.68072416317351,8.4196070893847));
#6799=CARTESIAN_POINT('',(216.84299801786,5.27802686040422,8.3446070893847));
#6800=CARTESIAN_POINT('',(216.245695320629,6.71751442127221,8.2696070893847));
#6801=CARTESIAN_POINT('',(216.84299801786,8.1570019821402,8.1946070893847));
#6802=CARTESIAN_POINT('',(218.282485578728,8.75430467937091,8.1196070893847));
#6803=CARTESIAN_POINT('',(219.721973139596,8.1570019821402,8.0446070893847));
#6804=CARTESIAN_POINT('',(220.319275836827,6.71751442127221,7.9696070893847));
#6805=CARTESIAN_POINT('',(219.721973139596,5.27802686040422,7.8946070893847));
#6806=CARTESIAN_POINT('',(218.282485578728,4.68072416317351,7.8196070893847));
#6807=CARTESIAN_POINT('',(216.84299801786,5.27802686040422,7.7446070893847));
#6808=CARTESIAN_POINT('',(216.245695320629,6.71751442127221,7.6696070893847));
#6809=CARTESIAN_POINT('',(216.84299801786,8.1570019821402,7.5946070893847));
#6810=CARTESIAN_POINT('',(218.282485578728,8.75430467937091,7.5196070893847));
#6811=CARTESIAN_POINT('',(219.721973139596,8.1570019821402,7.4446070893847));
#6812=CARTESIAN_POINT('',(220.319275836827,6.71751442127221,7.3696070893847));
#6813=CARTESIAN_POINT('',(219.721973139596,5.27802686040422,7.2946070893847));
#6814=CARTESIAN_POINT('',(218.282485578728,4.68072416317351,7.2196070893847));
#6815=CARTESIAN_POINT('',(216.84299801786,5.27802686040422,7.1446070893847));
#6816=CARTESIAN_POINT('',(216.310790039282,6.56063745049424,7.07778067360189));
#6817=CARTESIAN_POINT('',(216.534989968077,7.36341885362826,7.03595425781908));
#6818=CARTESIAN_POINT('',(216.697468735469,7.64357429871296,7.01912784203626));
#6819=CARTESIAN_POINT('',(219.649163252131,6.71751442127221,8.84154581286807));
#6820=CARTESIAN_POINT('',(219.649163252131,6.35971904305649,8.81654581286807));
#6821=CARTESIAN_POINT('',(219.353023154038,5.64697684596237,8.76654581286807));
#6822=CARTESIAN_POINT('',(218.282485578728,5.20276669882235,8.69154581286807));
#6823=CARTESIAN_POINT('',(217.211948003418,5.64697684596237,8.61654581286807));
#6824=CARTESIAN_POINT('',(216.767737856278,6.71751442127221,8.54154581286807));
#6825=CARTESIAN_POINT('',(217.211948003418,7.78805199658205,8.46654581286807));
#6826=CARTESIAN_POINT('',(218.282485578728,8.23226214372207,8.39154581286807));
#6827=CARTESIAN_POINT('',(219.353023154038,7.78805199658205,8.31654581286807));
#6828=CARTESIAN_POINT('',(219.797233301178,6.71751442127221,8.24154581286807));
#6829=CARTESIAN_POINT('',(219.353023154038,5.64697684596237,8.16654581286807));
#6830=CARTESIAN_POINT('',(218.282485578728,5.20276669882235,8.09154581286807));
#6831=CARTESIAN_POINT('',(217.211948003418,5.64697684596237,8.01654581286807));
#6832=CARTESIAN_POINT('',(216.767737856278,6.71751442127221,7.94154581286807));
#6833=CARTESIAN_POINT('',(217.211948003418,7.78805199658205,7.86654581286807));
#6834=CARTESIAN_POINT('',(218.282485578728,8.23226214372207,7.79154581286807));
#6835=CARTESIAN_POINT('',(219.353023154038,7.78805199658205,7.71654581286807));
#6836=CARTESIAN_POINT('',(219.797233301178,6.71751442127221,7.64154581286807));
#6837=CARTESIAN_POINT('',(219.353023154038,5.64697684596237,7.56654581286807));
#6838=CARTESIAN_POINT('',(218.282485578728,5.20276669882235,7.49154581286807));
#6839=CARTESIAN_POINT('',(217.211948003418,5.64697684596237,7.41654581286807));
#6840=CARTESIAN_POINT('',(216.816148376915,6.60084603421276,7.34971939708525));
#6841=CARTESIAN_POINT('',(216.982884411794,7.19786936402655,7.30789298130244));
#6842=CARTESIAN_POINT('',(217.103718818712,7.40621915394066,7.29106656551963));
#6843=CARTESIAN_POINT('',(220.928162593767,-4.73079437205163,7.68087215796374));
#6844=CARTESIAN_POINT('',(220.521912510524,-4.96814951682393,7.40893343448037));
#6845=CARTESIAN_POINT('',(220.854149910963,-4.77403692575598,7.6313289940024));
#6846=CARTESIAN_POINT('',(220.854149910963,-4.77403692575597,6.45));
#6847=CARTESIAN_POINT('',(220.854149910963,-4.77403692575597,7.76962950069448));
#6848=CARTESIAN_POINT('',(220.521912510524,-4.96814951682393,7.99202506021651));
#6849=CARTESIAN_POINT('',(220.928162593767,-4.73079437205163,7.72008633673314));
#6850=CARTESIAN_POINT('',(220.521912510524,-4.96814951682394,7.70047924734843));
#6851=CARTESIAN_POINT('',(220.854149910963,-4.77403692575597,7.76962950069448));
#6852=CARTESIAN_POINT('',(220.929530843544,-4.90305671239436,7.76120828851562));
#6853=CARTESIAN_POINT('',(220.988733048682,-5.04294827557572,7.75302870236433));
#6854=CARTESIAN_POINT('',(221.028868119674,-5.18691798350178,7.74520524840982));
#6855=CARTESIAN_POINT('',(221.081558345085,-5.37592465959911,7.73493444180165));
#6856=CARTESIAN_POINT('',(221.102280043982,-5.57667258467552,7.72487364396257));
#6857=CARTESIAN_POINT('',(221.089326128035,-5.77241414365405,7.71379614054576));
#6858=CARTESIAN_POINT('',(221.076376534641,-5.9680903862353,7.7027223335469));
#6859=CARTESIAN_POINT('',(221.029432537218,-6.16420224368588,7.69106525812117));
#6860=CARTESIAN_POINT('',(220.952361440735,-6.34454957616413,7.68036951896125));
#6861=CARTESIAN_POINT('',(220.875271400328,-6.52494123766301,7.66967115080962));
#6862=CARTESIAN_POINT('',(220.765898970251,-6.69452550786842,7.6596047960045));
#6863=CARTESIAN_POINT('',(220.633355501103,-6.83916503751239,7.64911116936535));
#6864=CARTESIAN_POINT('',(220.500847819045,-6.98376551409868,7.6386203760333));
#6865=CARTESIAN_POINT('',(220.341562869758,-7.10741309400043,7.62689578835543));
#6866=CARTESIAN_POINT('',(220.168645801948,-7.19991927244931,7.61594430502802));
#6867=CARTESIAN_POINT('',(219.995710426686,-7.2924352449137,7.60499166222132));
#6868=CARTESIAN_POINT('',(219.804357494619,-7.35634418937043,7.59460501925033));
#6869=CARTESIAN_POINT('',(219.610491001163,-7.38631269564022,7.58443246257003));
#6870=CARTESIAN_POINT('',(219.416611126454,-7.41628327042715,7.57425920374904));
#6871=CARTESIAN_POINT('',(219.214914429671,-7.41313476442752,7.56320952729415));
#6872=CARTESIAN_POINT('',(219.022118881612,-7.3771570569791,7.55195707952195));
#6873=CARTESIAN_POINT('',(218.829350843055,-7.34118448309743,7.54070623733265));
#6874=CARTESIAN_POINT('',(218.640123970017,-7.27139244381575,7.52960800081399));
#6875=CARTESIAN_POINT('',(218.470128542838,-7.1735417437085,7.51926781526215));
#6876=CARTESIAN_POINT('',(218.300088591517,-7.07566541515652,7.50892492147343));
#6877=CARTESIAN_POINT('',(218.144620265871,-6.94701492518598,7.49876548023804));
#6878=CARTESIAN_POINT('',(218.016671990239,-6.7983302077662,7.48770068215611));
#6879=CARTESIAN_POINT('',(217.88876274659,-6.64969084820217,7.47663925950862));
#6880=CARTESIAN_POINT('',(217.784788837289,-6.47690853433435,7.4651327635121));
#6881=CARTESIAN_POINT('',(217.71335418469,-6.29425479231378,7.45457388917287));
#6882=CARTESIAN_POINT('',(217.641897280143,-6.11154415351361,7.44401172573626));
#6883=CARTESIAN_POINT('',(217.60104639015,-5.91391429887562,7.4340633685508));
#6884=CARTESIAN_POINT('',(217.594208882453,-5.71784467135468,7.42353836560618));
#6885=CARTESIAN_POINT('',(217.587373170219,-5.52182652980529,7.41301612642467));
#6886=CARTESIAN_POINT('',(217.614324007238,-5.3219896841978,7.40118718639236));
#6887=CARTESIAN_POINT('',(217.672825664223,-5.13480941487305,7.3901572634055));
#6888=CARTESIAN_POINT('',(217.731333313958,-4.94760997131463,7.37912621054356));
#6889=CARTESIAN_POINT('',(217.823028817899,-4.76790646645496,7.36865960474233));
#6890=CARTESIAN_POINT('',(217.940306794655,-4.61065022352923,7.35842187539215));
#6891=CARTESIAN_POINT('',(218.057580555727,-4.4533996333494,7.34818451404824));
#6892=CARTESIAN_POINT('',(218.203636668564,-4.31428948741313,7.33708053357804));
#6893=CARTESIAN_POINT('',(218.366359327595,-4.20482522636181,7.32591816351475));
#6894=CARTESIAN_POINT('',(218.52906432252,-4.09537284803447,7.31475700516532));
#6895=CARTESIAN_POINT('',(218.712951758754,-4.01252211942227,7.30383652983957));
#6896=CARTESIAN_POINT('',(218.902784658786,-3.96316534390872,7.29360477891382));
#6897=CARTESIAN_POINT('',(219.092682899145,-3.91379157983378,7.28336950622786));
#6898=CARTESIAN_POINT('',(219.293753097372,-3.89658716248717,7.27319913708202));
#6899=CARTESIAN_POINT('',(219.489231243679,-3.91296232947987,7.26206274180634));
#6900=CARTESIAN_POINT('',(219.684647879063,-3.92933234371431,7.2509298508096));
#6901=CARTESIAN_POINT('',(219.879912924024,-3.97969967691786,7.23934040675704));
#6902=CARTESIAN_POINT('',(220.058887501771,-4.05991538231555,7.22870456448428));
#6903=CARTESIAN_POINT('',(220.237909696767,-4.14015242957826,7.21806589248249));
#6904=CARTESIAN_POINT('',(220.40555916524,-4.25248037911018,7.20804377333302));
#6905=CARTESIAN_POINT('',(220.547856535091,-4.38753477610895,7.19746644940247));
#6906=CARTESIAN_POINT('',(220.690111481469,-4.52254890900102,7.18689227891609));
#6907=CARTESIAN_POINT('',(220.810951582088,-4.68396969108652,7.17513675695226));
#6908=CARTESIAN_POINT('',(220.900418705653,-4.85848031255964,7.16423832930395));
#6909=CARTESIAN_POINT('',(220.9898982898,-5.03301523909318,7.15333838377128));
#6910=CARTESIAN_POINT('',(221.050450425503,-5.22546729722658,7.14303457868298));
#6911=CARTESIAN_POINT('',(221.077020282673,-5.41983292828189,7.13284195752235));
#6912=CARTESIAN_POINT('',(221.103590511928,-5.61420128123501,7.12264919362418));
#6913=CARTESIAN_POINT('',(221.096913084838,-5.81579681543912,7.11144068751541));
#6914=CARTESIAN_POINT('',(221.057568910641,-6.00792864046813,7.10020129624891));
#6915=CARTESIAN_POINT('',(221.018228856233,-6.20004034707849,7.08896308187634));
#6916=CARTESIAN_POINT('',(220.945133697361,-6.38802405910496,7.07795995807628));
#6917=CARTESIAN_POINT('',(220.844320668738,-6.5562839937629,7.06765593903066));
#6918=CARTESIAN_POINT('',(220.743484516147,-6.72458252300782,7.05734955650283));
#6919=CARTESIAN_POINT('',(220.612139958168,-6.87776735493689,7.04708043015518));
#6920=CARTESIAN_POINT('',(220.461245505099,-7.00309083300361,7.03597025400111));
#6921=CARTESIAN_POINT('',(220.310393648853,-7.1283789328175,7.02486321419967));
#6922=CARTESIAN_POINT('',(220.135815718788,-7.22931754339704,7.01343101890402));
#6923=CARTESIAN_POINT('',(219.95193741591,-7.29754700200185,7.00293018417255));
#6924=CARTESIAN_POINT('',(219.767996691026,-7.36579962277202,6.99242578467483));
#6925=CARTESIAN_POINT('',(219.569674458566,-7.40318607289864,6.98251107297271));
#6926=CARTESIAN_POINT('',(219.373515080972,-7.40659071644024,6.97188751867887));
#6927=CARTESIAN_POINT('',(219.17741409802,-7.40999434645425,6.9612671269086));
#6928=CARTESIAN_POINT('',(218.978082506085,-7.37955222337191,6.9494158415684));
#6929=CARTESIAN_POINT('',(218.791953157631,-7.31778372588724,6.93843898883809));
#6930=CARTESIAN_POINT('',(218.605799300782,-7.2560070950977,6.92746069074173));
#6931=CARTESIAN_POINT('',(218.427720601961,-7.16117527267763,6.91707762734985));
#6932=CARTESIAN_POINT('',(218.272539318725,-7.04115980399448,6.90682140140098));
#6933=CARTESIAN_POINT('',(218.117370943699,-6.92115431837591,6.8965660285802));
#6934=CARTESIAN_POINT('',(217.980847479331,-6.7726960912376,6.88531777584657));
#6935=CARTESIAN_POINT('',(217.874249051484,-6.60808633873021,6.87417693124484));
#6936=CARTESIAN_POINT('',(217.76765817657,-6.44348824949621,6.86303687601746));
#6937=CARTESIAN_POINT('',(217.688035026396,-6.25817166897186,6.8522119402774));
#6938=CARTESIAN_POINT('',(217.642007897601,-6.06750008887909,6.84200907869004));
#6939=CARTESIAN_POINT('',(217.595966562727,-5.87676965881228,6.83180306803274));
#6940=CARTESIAN_POINT('',(217.582284728221,-5.67544101050861,6.82150385621233));
#6941=CARTESIAN_POINT('',(217.602076020897,-5.48028642503818,6.81032098413109));
#6942=CARTESIAN_POINT('',(217.621861546424,-5.28518870728688,6.79914137072002));
#6943=CARTESIAN_POINT('',(217.675637317714,-5.09083011806642,6.78762610008493));
#6944=CARTESIAN_POINT('',(217.758973255029,-4.913283469696,6.77704879170975));
#6945=CARTESIAN_POINT('',(217.831435629906,-4.75890287223767,6.76785159648558));
#6946=CARTESIAN_POINT('',(217.92772500862,-4.61370023457986,6.75908722522812));
#6947=CARTESIAN_POINT('',(218.041745928264,-4.48687198352543,6.75));
#6948=CARTESIAN_POINT('',(218.04174592831,-6.8268365155051,6.75000000000121));
#6949=CARTESIAN_POINT('',(218.08051510052,-6.86996041172663,6.75308982071892));
#6950=CARTESIAN_POINT('',(218.121478081412,-6.91120263433463,6.75625724611459));
#6951=CARTESIAN_POINT('',(218.164330961069,-6.95025893952558,6.75949790363849));
#6952=CARTESIAN_POINT('',(218.309268708191,-7.08235584714621,6.77045851129127));
#6953=CARTESIAN_POINT('',(218.479012942096,-7.19120675578892,6.78207184039248));
#6954=CARTESIAN_POINT('',(218.659551318808,-7.26781627665141,6.79272802692427));
#6955=CARTESIAN_POINT('',(218.840137504122,-7.34444608458102,6.80338703533471));
#6956=CARTESIAN_POINT('',(219.036508039023,-7.39091377757115,6.81341012742214));
#6957=CARTESIAN_POINT('',(219.232300571655,-7.40334024895674,6.82380143266904));
#6958=CARTESIAN_POINT('',(219.428054887579,-7.41576429482171,6.83419070963903));
#6959=CARTESIAN_POINT('',(219.628589195103,-7.39451955050337,6.84591820050456));
#6960=CARTESIAN_POINT('',(219.817360577996,-7.34137800931027,6.85702620639349));
#6961=CARTESIAN_POINT('',(220.006141353093,-7.28823382409242,6.86813476495443));
#6962=CARTESIAN_POINT('',(220.188373452382,-7.2017074464043,6.87874594393952));
#6963=CARTESIAN_POINT('',(220.348906235563,-7.08896662172524,6.8889742144237));
#6964=CARTESIAN_POINT('',(220.509446032894,-6.97622087106691,6.89920293181119));
#6965=CARTESIAN_POINT('',(220.652681064869,-6.834173884544,6.91005961900754));
#6966=CARTESIAN_POINT('',(220.766743620306,-6.67463079918688,6.9212397281391));
#6967=CARTESIAN_POINT('',(220.880787177884,-6.5151142867639,6.93241797515108));
#6968=CARTESIAN_POINT('',(220.968841277802,-6.33367367025458,6.9434923318747));
#6969=CARTESIAN_POINT('',(221.023589403698,-6.14533058305648,6.95378447366248));
#6970=CARTESIAN_POINT('',(221.078358452266,-5.95691551822531,6.96408054871916));
#6971=CARTESIAN_POINT('',(221.101290830799,-5.7564033627493,6.97408410376964));
#6972=CARTESIAN_POINT('',(221.090492614134,-5.56052700424945,6.98511792430548));
#6973=CARTESIAN_POINT('',(221.079698095055,-5.36471771882477,6.99614796657896));
#6974=CARTESIAN_POINT('',(221.034916086415,-5.16810341755256,7.00784388515607));
#6975=CARTESIAN_POINT('',(220.959836395009,-4.98692040202444,7.01857768950051));
#6976=CARTESIAN_POINT('',(220.884739249811,-4.80569526684361,7.02931398913464));
#6977=CARTESIAN_POINT('',(220.777244432819,-4.63492018904456,7.03941266286434));
#6978=CARTESIAN_POINT('',(220.646302684716,-4.48882941892343,7.04985988531662));
#6979=CARTESIAN_POINT('',(220.515393669567,-4.34277516872569,7.06030449616131));
#6980=CARTESIAN_POINT('',(220.357477271753,-4.21737898327014,7.0719947616383));
#6981=CARTESIAN_POINT('',(220.185590001252,-4.12297430491117,7.08297779798525));
#6982=CARTESIAN_POINT('',(220.013688284917,-4.02856169254793,7.09396175737392));
#6983=CARTESIAN_POINT('',(219.82305714306,-3.96255016922665,7.10440273936277));
#6984=CARTESIAN_POINT('',(219.629535395958,-3.93044729544619,7.11456776319883));
#6985=CARTESIAN_POINT('',(219.435993575124,-3.89834109168087,7.12473384143818));
#6986=CARTESIAN_POINT('',(219.234264597527,-3.89926761274101,7.13568087346466));
#6987=CARTESIAN_POINT('',(219.041081130087,-3.93312081154734,7.14693710361985));
#6988=CARTESIAN_POINT('',(218.84792970283,-3.96696839567712,7.1581914668882));
#6989=CARTESIAN_POINT('',(218.657949852021,-4.03467086802085,7.16934881342787));
#6990=CARTESIAN_POINT('',(218.486888769822,-4.13064195003126,7.17971467421809));
#6991=CARTESIAN_POINT('',(218.315780080025,-4.22663974152238,7.19008341990606));
#6992=CARTESIAN_POINT('',(218.158899644334,-4.35357347755299,7.20018424222991));
#6993=CARTESIAN_POINT('',(218.029319326827,-4.50084381336385,7.21121420539279));
#6994=CARTESIAN_POINT('',(217.899780156838,-4.64806738428934,7.22224066605152));
#6995=CARTESIAN_POINT('',(217.793912155025,-4.81969252876824,7.23379066162618));
#6996=CARTESIAN_POINT('',(217.720471412423,-5.00154669381981,7.24438685018064));
#6997=CARTESIAN_POINT('',(217.64700910952,-5.18345424654981,7.25498614950196));
#6998=CARTESIAN_POINT('',(217.603984258557,-5.38061683662514,7.2649605729721));
#6999=CARTESIAN_POINT('',(217.594986995946,-5.57659860265886,7.2754300276856));
#7000=CARTESIAN_POINT('',(217.585991873779,-5.77253374473622,7.28589699172147));
#7001=CARTESIAN_POINT('',(217.610740964327,-5.97265854122151,7.29769567921178));
#7002=CARTESIAN_POINT('',(217.667177405269,-6.1604712723939,7.30875712591729));
#7003=CARTESIAN_POINT('',(217.723618520668,-6.34829955951822,7.31981948880849));
#7004=CARTESIAN_POINT('',(217.813325761758,-6.52899733799765,7.33034083976915));
#7005=CARTESIAN_POINT('',(217.928862236807,-6.6875346766247,7.34057196964851));
#7006=CARTESIAN_POINT('',(218.044398085388,-6.84607115562225,7.35080304405211));
#7007=CARTESIAN_POINT('',(218.188919453777,-6.98678803250213,7.3618126100595));
#7008=CARTESIAN_POINT('',(218.350429215045,-7.0980391370826,7.37298449927119));
#7009=CARTESIAN_POINT('',(218.511917722138,-7.2092756013686,7.38415491829749));
#7010=CARTESIAN_POINT('',(218.694877272673,-7.29414460826222,7.39513524348887));
#7011=CARTESIAN_POINT('',(218.88415273846,-7.34558910579488,7.40538848179473));
#7012=CARTESIAN_POINT('',(219.073496737146,-7.39705223036152,7.41564543259518));
#7013=CARTESIAN_POINT('',(219.274371562266,-7.41647116549732,7.42574432809127));
#7014=CARTESIAN_POINT('',(219.470022541165,-7.40224884097949,7.43684513927703));
#7015=CARTESIAN_POINT('',(219.665609486903,-7.38803117118108,7.44794231736039));
#7016=CARTESIAN_POINT('',(219.861414482042,-7.33981685829761,7.45957514503898));
#7017=CARTESIAN_POINT('',(220.041259538697,-7.26157763336263,7.47024857546469));
#7018=CARTESIAN_POINT('',(220.22115017617,-7.18331857909292,7.48092471101721));
#7019=CARTESIAN_POINT('',(220.39002356999,-7.07284690277073,7.49097362660942));
#7020=CARTESIAN_POINT('',(220.533800338753,-6.93936805116878,7.501496831205));
#7021=CARTESIAN_POINT('',(220.677536708974,-6.80592670459026,7.51201707897987));
#7022=CARTESIAN_POINT('',(220.800148058914,-6.64584473113023,7.52375664548525));
#7023=CARTESIAN_POINT('',(220.891531250024,-6.47233100874885,7.5346888567044));
#7024=CARTESIAN_POINT('',(220.982925264061,-6.29879673634819,7.54562236267504));
#7025=CARTESIAN_POINT('',(221.045592533459,-6.10702965313459,7.55597777542839));
#7026=CARTESIAN_POINT('',(221.074302616712,-5.91297122393151,7.56615658808335));
#7027=CARTESIAN_POINT('',(221.103014094805,-5.71890336665787,7.57633589526238));
#7028=CARTESIAN_POINT('',(221.098557611841,-5.51723703426542,7.58744519913921));
#7029=CARTESIAN_POINT('',(221.061331047414,-5.32468067213147,7.59869379009184));
#7030=CARTESIAN_POINT('',(221.024110651391,-5.1321562163953,7.60994051716414));
#7031=CARTESIAN_POINT('',(220.953096066725,-4.94339025514554,7.6210032547548));
#7032=CARTESIAN_POINT('',(220.854149910963,-4.77403692575598,7.6313289940024));
#7033=CARTESIAN_POINT('',(219.343145750508,-5.65685424949238,6.45));
#7034=CARTESIAN_POINT('',(221.18083510953,-5.65685424949238,6.4303929106153));
#7035=CARTESIAN_POINT('',(221.18083510953,-5.17574830033546,6.4553929106153));
#7036=CARTESIAN_POINT('',(220.782633311376,-4.21736668862439,6.5053929106153));
#7037=CARTESIAN_POINT('',(219.343145750508,-3.62006399139368,6.5803929106153));
#7038=CARTESIAN_POINT('',(217.90365818964,-4.21736668862439,6.6553929106153));
#7039=CARTESIAN_POINT('',(217.306355492409,-5.65685424949238,6.7303929106153));
#7040=CARTESIAN_POINT('',(217.90365818964,-7.09634181036037,6.8053929106153));
#7041=CARTESIAN_POINT('',(219.343145750508,-7.69364450759108,6.8803929106153));
#7042=CARTESIAN_POINT('',(220.782633311376,-7.09634181036037,6.9553929106153));
#7043=CARTESIAN_POINT('',(221.379936008607,-5.65685424949238,7.0303929106153));
#7044=CARTESIAN_POINT('',(220.782633311376,-4.21736668862439,7.1053929106153));
#7045=CARTESIAN_POINT('',(219.343145750508,-3.62006399139368,7.1803929106153));
#7046=CARTESIAN_POINT('',(217.90365818964,-4.21736668862439,7.2553929106153));
#7047=CARTESIAN_POINT('',(217.306355492409,-5.65685424949238,7.3303929106153));
#7048=CARTESIAN_POINT('',(217.90365818964,-7.09634181036037,7.4053929106153));
#7049=CARTESIAN_POINT('',(219.343145750508,-7.69364450759108,7.4803929106153));
#7050=CARTESIAN_POINT('',(220.782633311376,-7.09634181036037,7.5553929106153));
#7051=CARTESIAN_POINT('',(221.314841289954,-5.81373122027035,7.62221932639811));
#7052=CARTESIAN_POINT('',(221.090641361159,-5.01094981713633,7.66404574218092));
#7053=CARTESIAN_POINT('',(220.928162593767,-4.73079437205163,7.68087215796374));
#7054=CARTESIAN_POINT('',(220.709823423911,-5.65685424949238,6.15845418713193));
#7055=CARTESIAN_POINT('',(220.709823423911,-5.29905887127666,6.18345418713193));
#7056=CARTESIAN_POINT('',(220.413683325818,-4.58631667418254,6.23345418713193));
#7057=CARTESIAN_POINT('',(219.343145750508,-4.14210652704252,6.30845418713193));
#7058=CARTESIAN_POINT('',(218.272608175198,-4.58631667418254,6.38345418713193));
#7059=CARTESIAN_POINT('',(217.828398028058,-5.65685424949238,6.45845418713193));
#7060=CARTESIAN_POINT('',(218.272608175198,-6.72739182480222,6.53345418713193));
#7061=CARTESIAN_POINT('',(219.343145750508,-7.17160197194224,6.60845418713193));
#7062=CARTESIAN_POINT('',(220.413683325818,-6.72739182480222,6.68345418713193));
#7063=CARTESIAN_POINT('',(220.857893472958,-5.65685424949238,6.75845418713193));
#7064=CARTESIAN_POINT('',(220.413683325818,-4.58631667418254,6.83345418713193));
#7065=CARTESIAN_POINT('',(219.343145750508,-4.14210652704252,6.90845418713193));
#7066=CARTESIAN_POINT('',(218.272608175198,-4.58631667418254,6.98345418713193));
#7067=CARTESIAN_POINT('',(217.828398028058,-5.65685424949238,7.05845418713193));
#7068=CARTESIAN_POINT('',(218.272608175198,-6.72739182480222,7.13345418713193));
#7069=CARTESIAN_POINT('',(219.343145750508,-7.17160197194224,7.20845418713193));
#7070=CARTESIAN_POINT('',(220.413683325818,-6.72739182480222,7.28345418713193));
#7071=CARTESIAN_POINT('',(220.809482952321,-5.77352263655183,7.35028060291475));
#7072=CARTESIAN_POINT('',(220.642746917442,-5.17649930673804,7.39210701869756));
#7073=CARTESIAN_POINT('',(220.521912510524,-4.96814951682393,7.40893343448037));
#7074=CARTESIAN_POINT('',(220.709823423911,-5.65685424949238,6.74154581286807));
#7075=CARTESIAN_POINT('',(220.709823423911,-5.29905887127666,6.76654581286807));
#7076=CARTESIAN_POINT('',(220.413683325818,-4.58631667418254,6.81654581286807));
#7077=CARTESIAN_POINT('',(219.343145750508,-4.14210652704252,6.89154581286807));
#7078=CARTESIAN_POINT('',(218.272608175198,-4.58631667418254,6.96654581286807));
#7079=CARTESIAN_POINT('',(217.828398028058,-5.65685424949238,7.04154581286807));
#7080=CARTESIAN_POINT('',(218.272608175198,-6.72739182480222,7.11654581286807));
#7081=CARTESIAN_POINT('',(219.343145750508,-7.17160197194224,7.19154581286807));
#7082=CARTESIAN_POINT('',(220.413683325818,-6.72739182480222,7.26654581286807));
#7083=CARTESIAN_POINT('',(220.857893472958,-5.65685424949238,7.34154581286807));
#7084=CARTESIAN_POINT('',(220.413683325818,-4.58631667418254,7.41654581286807));
#7085=CARTESIAN_POINT('',(219.343145750508,-4.14210652704252,7.49154581286807));
#7086=CARTESIAN_POINT('',(218.272608175198,-4.58631667418254,7.56654581286807));
#7087=CARTESIAN_POINT('',(217.828398028058,-5.65685424949238,7.64154581286807));
#7088=CARTESIAN_POINT('',(218.272608175198,-6.72739182480222,7.71654581286807));
#7089=CARTESIAN_POINT('',(219.343145750508,-7.17160197194224,7.79154581286807));
#7090=CARTESIAN_POINT('',(220.413683325818,-6.72739182480222,7.86654581286807));
#7091=CARTESIAN_POINT('',(220.809482952321,-5.77352263655183,7.93337222865088));
#7092=CARTESIAN_POINT('',(220.642746917442,-5.17649930673804,7.97519864443369));
#7093=CARTESIAN_POINT('',(220.521912510524,-4.96814951682393,7.99202506021651));
#7094=CARTESIAN_POINT('',(221.18083510953,-5.65685424949238,6.4696070893847));
#7095=CARTESIAN_POINT('',(221.18083510953,-5.17574830033546,6.4946070893847));
#7096=CARTESIAN_POINT('',(220.782633311376,-4.21736668862439,6.5446070893847));
#7097=CARTESIAN_POINT('',(219.343145750508,-3.62006399139368,6.6196070893847));
#7098=CARTESIAN_POINT('',(217.90365818964,-4.21736668862439,6.6946070893847));
#7099=CARTESIAN_POINT('',(217.306355492409,-5.65685424949238,6.7696070893847));
#7100=CARTESIAN_POINT('',(217.90365818964,-7.09634181036037,6.8446070893847));
#7101=CARTESIAN_POINT('',(219.343145750508,-7.69364450759108,6.9196070893847));
#7102=CARTESIAN_POINT('',(220.782633311376,-7.09634181036037,6.9946070893847));
#7103=CARTESIAN_POINT('',(221.379936008607,-5.65685424949238,7.0696070893847));
#7104=CARTESIAN_POINT('',(220.782633311376,-4.21736668862439,7.1446070893847));
#7105=CARTESIAN_POINT('',(219.343145750508,-3.62006399139368,7.2196070893847));
#7106=CARTESIAN_POINT('',(217.90365818964,-4.21736668862439,7.2946070893847));
#7107=CARTESIAN_POINT('',(217.306355492409,-5.65685424949238,7.3696070893847));
#7108=CARTESIAN_POINT('',(217.90365818964,-7.09634181036037,7.4446070893847));
#7109=CARTESIAN_POINT('',(219.343145750508,-7.69364450759108,7.5196070893847));
#7110=CARTESIAN_POINT('',(220.782633311376,-7.09634181036037,7.5946070893847));
#7111=CARTESIAN_POINT('',(221.314841289954,-5.81373122027035,7.66143350516751));
#7112=CARTESIAN_POINT('',(221.090641361159,-5.01094981713633,7.70325992095033));
#7113=CARTESIAN_POINT('',(220.928162593767,-4.73079437205163,7.72008633673314));
#7114=CARTESIAN_POINT('',(232.241871092751,6.58291412693312,7.68087215796374));
#7115=CARTESIAN_POINT('',(231.835621009508,6.34555898216082,7.40893343448037));
#7116=CARTESIAN_POINT('',(232.167858409947,6.53967157322876,7.63132899400239));
#7117=CARTESIAN_POINT('',(232.167858409947,6.53967157322877,6.45));
#7118=CARTESIAN_POINT('',(232.167858409947,6.53967157322877,7.76962950069449));
#7119=CARTESIAN_POINT('',(231.835621009508,6.34555898216082,7.99202506021651));
#7120=CARTESIAN_POINT('',(232.241871092751,6.58291412693312,7.72008633673314));
#7121=CARTESIAN_POINT('',(231.835621009508,6.34555898216081,7.70047924734843));
#7122=CARTESIAN_POINT('',(232.167858409947,6.53967157322877,7.76962950069449));
#7123=CARTESIAN_POINT('',(232.243239342528,6.41065178659036,7.76120828851563));
#7124=CARTESIAN_POINT('',(232.302441547667,6.27076022340901,7.75302870236436));
#7125=CARTESIAN_POINT('',(232.342576618658,6.12679051548294,7.74520524840982));
#7126=CARTESIAN_POINT('',(232.39526684407,5.93778383938561,7.73493444180161));
#7127=CARTESIAN_POINT('',(232.415988542966,5.7370359143092,7.72487364396257));
#7128=CARTESIAN_POINT('',(232.403034627019,5.54129435533067,7.71379614054577));
#7129=CARTESIAN_POINT('',(232.390085033625,5.34561811274943,7.70272233354693));
#7130=CARTESIAN_POINT('',(232.343141036202,5.14950625529885,7.69106525812118));
#7131=CARTESIAN_POINT('',(232.266069939719,4.9691589228206,7.68036951896126));
#7132=CARTESIAN_POINT('',(232.188979899312,4.78876726132169,7.66967115080964));
#7133=CARTESIAN_POINT('',(232.079607469235,4.61918299111632,7.65960479600452));
#7134=CARTESIAN_POINT('',(231.947064000087,4.47454346147234,7.64911116936536));
#7135=CARTESIAN_POINT('',(231.814556318029,4.32994298488607,7.6386203760333));
#7136=CARTESIAN_POINT('',(231.655271368741,4.20629540498429,7.62689578835544));
#7137=CARTESIAN_POINT('',(231.482354300932,4.11378922653543,7.61594430502803));
#7138=CARTESIAN_POINT('',(231.309418925669,4.02127325407106,7.60499166222134));
#7139=CARTESIAN_POINT('',(231.118065993603,3.9573643096143,7.59460501925033));
#7140=CARTESIAN_POINT('',(230.924199500147,3.92739580334452,7.58443246257003));
#7141=CARTESIAN_POINT('',(230.730319625438,3.8974252285576,7.57425920374903));
#7142=CARTESIAN_POINT('',(230.528622928655,3.90057373455723,7.56320952729414));
#7143=CARTESIAN_POINT('',(230.335827380596,3.93655144200566,7.55195707952194));
#7144=CARTESIAN_POINT('',(230.143059342039,3.97252401588733,7.54070623733264));
#7145=CARTESIAN_POINT('',(229.953832469001,4.04231605516901,7.52960800081398));
#7146=CARTESIAN_POINT('',(229.783837041822,4.14016675527626,7.51926781526214));
#7147=CARTESIAN_POINT('',(229.613797090501,4.23804308382825,7.50892492147341));
#7148=CARTESIAN_POINT('',(229.458328764855,4.36669357379879,7.49876548023802));
#7149=CARTESIAN_POINT('',(229.330380489223,4.51537829121857,7.4877006821561));
#7150=CARTESIAN_POINT('',(229.202471245574,4.6640176507826,7.47663925950862));
#7151=CARTESIAN_POINT('',(229.098497336273,4.83679996465044,7.46513276351212));
#7152=CARTESIAN_POINT('',(229.027062683674,5.01945370667101,7.4545738891729));
#7153=CARTESIAN_POINT('',(228.955605779127,5.20216434547118,7.4440117257363));
#7154=CARTESIAN_POINT('',(228.914754889134,5.39979420010917,7.43406336855078));
#7155=CARTESIAN_POINT('',(228.907917381437,5.59586382763012,7.42353836560616));
#7156=CARTESIAN_POINT('',(228.901081669203,5.79188196917949,7.41301612642465));
#7157=CARTESIAN_POINT('',(228.928032506222,5.99171881478699,7.40118718639234));
#7158=CARTESIAN_POINT('',(228.986534163207,6.17889908411173,7.39015726340547));
#7159=CARTESIAN_POINT('',(229.045041812942,6.36609852767015,7.37912621054353));
#7160=CARTESIAN_POINT('',(229.136737316883,6.54580203252982,7.36865960474228));
#7161=CARTESIAN_POINT('',(229.254015293639,6.70305827545555,7.35842187539212));
#7162=CARTESIAN_POINT('',(229.371289054711,6.8603088656354,7.34818451404821));
#7163=CARTESIAN_POINT('',(229.517345167548,6.99941901157163,7.33708053357803));
#7164=CARTESIAN_POINT('',(229.680067826579,7.10888327262295,7.32591816351474));
#7165=CARTESIAN_POINT('',(229.842772821504,7.2183356509503,7.31475700516532));
#7166=CARTESIAN_POINT('',(230.026660257738,7.30118637956249,7.30383652983957));
#7167=CARTESIAN_POINT('',(230.21649315777,7.35054315507604,7.29360477891383));
#7168=CARTESIAN_POINT('',(230.406391398129,7.39991691915098,7.28336950622786));
#7169=CARTESIAN_POINT('',(230.607461596356,7.41712133649758,7.27319913708202));
#7170=CARTESIAN_POINT('',(230.802939742663,7.40074616950487,7.26206274180634));
#7171=CARTESIAN_POINT('',(230.998356378047,7.38437615527043,7.2509298508096));
#7172=CARTESIAN_POINT('',(231.193621423008,7.33400882206687,7.23934040675704));
#7173=CARTESIAN_POINT('',(231.372596000755,7.25379311666919,7.22870456448427));
#7174=CARTESIAN_POINT('',(231.551618195751,7.17355606940648,7.21806589248247));
#7175=CARTESIAN_POINT('',(231.719267664224,7.06122811987455,7.20804377333302));
#7176=CARTESIAN_POINT('',(231.861565034075,6.92617372287578,7.19746644940246));
#7177=CARTESIAN_POINT('',(232.003819980453,6.79115958998372,7.18689227891607));
#7178=CARTESIAN_POINT('',(232.124660081072,6.62973880789819,7.17513675695227));
#7179=CARTESIAN_POINT('',(232.214127204637,6.45522818642508,7.16423832930395));
#7180=CARTESIAN_POINT('',(232.303606788784,6.28069325989154,7.15333838377127));
#7181=CARTESIAN_POINT('',(232.364158924487,6.08824120175814,7.14303457868301));
#7182=CARTESIAN_POINT('',(232.390728781657,5.89387557070283,7.13284195752238));
#7183=CARTESIAN_POINT('',(232.417299010912,5.6995072177497,7.12264919362421));
#7184=CARTESIAN_POINT('',(232.410621583822,5.49791168354559,7.11144068751542));
#7185=CARTESIAN_POINT('',(232.371277409625,5.30577985851658,7.10020129624891));
#7186=CARTESIAN_POINT('',(232.331937355217,5.11366815190624,7.08896308187635));
#7187=CARTESIAN_POINT('',(232.258842196345,4.92568443987977,7.07795995807628));
#7188=CARTESIAN_POINT('',(232.158029167722,4.75742450522184,7.06765593903066));
#7189=CARTESIAN_POINT('',(232.057193015131,4.58912597597691,7.05734955650285));
#7190=CARTESIAN_POINT('',(231.925848457152,4.43594114404785,7.04708043015519));
#7191=CARTESIAN_POINT('',(231.774954004083,4.31061766598112,7.03597025400111));
#7192=CARTESIAN_POINT('',(231.624102147837,4.18532956616724,7.02486321419967));
#7193=CARTESIAN_POINT('',(231.449524217772,4.08439095558769,7.01343101890402));
#7194=CARTESIAN_POINT('',(231.265645914894,4.01616149698289,7.00293018417254));
#7195=CARTESIAN_POINT('',(231.08170519001,3.94790887621272,6.99242578467483));
#7196=CARTESIAN_POINT('',(230.88338295755,3.91052242608611,6.98251107297271));
#7197=CARTESIAN_POINT('',(230.687223579956,3.90711778254451,6.97188751867887));
#7198=CARTESIAN_POINT('',(230.491122597004,3.9037141525305,6.9612671269086));
#7199=CARTESIAN_POINT('',(230.291791005069,3.93415627561285,6.94941584156839));
#7200=CARTESIAN_POINT('',(230.105661656615,3.99592477309751,6.93843898883809));
#7201=CARTESIAN_POINT('',(229.919507799766,4.05770140388707,6.92746069074173));
#7202=CARTESIAN_POINT('',(229.741429100945,4.15253322630712,6.91707762734983));
#7203=CARTESIAN_POINT('',(229.586247817709,4.27254869499029,6.90682140140097));
#7204=CARTESIAN_POINT('',(229.431079442683,4.39255418060885,6.89656602858019));
#7205=CARTESIAN_POINT('',(229.294555978315,4.54101240774718,6.88531777584658));
#7206=CARTESIAN_POINT('',(229.187957550468,4.70562216025456,6.87417693124485));
#7207=CARTESIAN_POINT('',(229.081366675554,4.87022024948856,6.86303687601746));
#7208=CARTESIAN_POINT('',(229.00174352538,5.05553683001293,6.85221194027743));
#7209=CARTESIAN_POINT('',(228.955716396585,5.24620841010569,6.84200907869004));
#7210=CARTESIAN_POINT('',(228.909675061711,5.4369388401725,6.83180306803272));
#7211=CARTESIAN_POINT('',(228.895993227205,5.63826748847617,6.82150385621234));
#7212=CARTESIAN_POINT('',(228.915784519881,5.8334220739466,6.81032098413108));
#7213=CARTESIAN_POINT('',(228.935570045408,6.0285197916979,6.79914137072));
#7214=CARTESIAN_POINT('',(228.989345816698,6.22287838091836,6.7876261000849));
#7215=CARTESIAN_POINT('',(229.072681754013,6.40042502928878,6.77704879170974));
#7216=CARTESIAN_POINT('',(229.14514412889,6.55480562674709,6.76785159648557));
#7217=CARTESIAN_POINT('',(229.241433507604,6.70000826440483,6.75908722522813));
#7218=CARTESIAN_POINT('',(229.355454427248,6.82683651545925,6.75));
#7219=CARTESIAN_POINT('',(229.35545442728,4.48687198349629,6.75000000000001));
#7220=CARTESIAN_POINT('',(229.394223599494,4.44374808726873,6.7530898207181));
#7221=CARTESIAN_POINT('',(229.435186580391,4.40250586465511,6.75625724611417));
#7222=CARTESIAN_POINT('',(229.478039460053,4.36344955945916,6.75949790363849));
#7223=CARTESIAN_POINT('',(229.622977207175,4.2313526518385,6.77045851129128));
#7224=CARTESIAN_POINT('',(229.79272144108,4.12250174319582,6.78207184039246));
#7225=CARTESIAN_POINT('',(229.973259817792,4.04589222233333,6.79272802692426));
#7226=CARTESIAN_POINT('',(230.153846003106,3.96926241440373,6.8033870353347));
#7227=CARTESIAN_POINT('',(230.350216538007,3.92279472141359,6.81341012742214));
#7228=CARTESIAN_POINT('',(230.546009070639,3.91036825002801,6.82380143266904));
#7229=CARTESIAN_POINT('',(230.741763386563,3.89794420416304,6.83419070963903));
#7230=CARTESIAN_POINT('',(230.942297694087,3.91918894848139,6.84591820050455));
#7231=CARTESIAN_POINT('',(231.131069076979,3.97233048967448,6.85702620639348));
#7232=CARTESIAN_POINT('',(231.319849852077,4.02547467489233,6.86813476495443));
#7233=CARTESIAN_POINT('',(231.502081951366,4.11200105258044,6.87874594393952));
#7234=CARTESIAN_POINT('',(231.662614734547,4.22474187725952,6.88897421442369));
#7235=CARTESIAN_POINT('',(231.823154531878,4.33748762791784,6.89920293181118));
#7236=CARTESIAN_POINT('',(231.966389563853,4.47953461444077,6.91005961900751));
#7237=CARTESIAN_POINT('',(232.08045211929,4.63907769979788,6.92123972813908));
#7238=CARTESIAN_POINT('',(232.194495676868,4.79859421222088,6.93241797515106));
#7239=CARTESIAN_POINT('',(232.282549776786,4.98003482873017,6.9434923318747));
#7240=CARTESIAN_POINT('',(232.337297902682,5.16837791592828,6.95378447366246));
#7241=CARTESIAN_POINT('',(232.39206695125,5.35679298075945,6.96408054871911));
#7242=CARTESIAN_POINT('',(232.414999329783,5.55730513623548,6.97408410376959));
#7243=CARTESIAN_POINT('',(232.404201113118,5.75318149473532,6.98511792430545));
#7244=CARTESIAN_POINT('',(232.393406594039,5.94899078015999,6.99614796657894));
#7245=CARTESIAN_POINT('',(232.348624585399,6.1456050814322,7.00784388515606));
#7246=CARTESIAN_POINT('',(232.273544893993,6.32678809696031,7.01857768950051));
#7247=CARTESIAN_POINT('',(232.198447748795,6.50801323214115,7.02931398913466));
#7248=CARTESIAN_POINT('',(232.090952931803,6.6787883099402,7.03941266286435));
#7249=CARTESIAN_POINT('',(231.9600111837,6.82487908006135,7.04985988531663));
#7250=CARTESIAN_POINT('',(231.829102168551,6.97093333025908,7.06030449616132));
#7251=CARTESIAN_POINT('',(231.671185770737,7.09632951571462,7.07199476163829));
#7252=CARTESIAN_POINT('',(231.499298500236,7.19073419407358,7.08297779798525));
#7253=CARTESIAN_POINT('',(231.327396783901,7.28514680643683,7.09396175737392));
#7254=CARTESIAN_POINT('',(231.136765642044,7.35115832975811,7.10440273936277));
#7255=CARTESIAN_POINT('',(230.943243894942,7.38326120353857,7.11456776319883));
#7256=CARTESIAN_POINT('',(230.749702074108,7.41536740730388,7.12473384143818));
#7257=CARTESIAN_POINT('',(230.547973096511,7.41444088624374,7.13568087346466));
#7258=CARTESIAN_POINT('',(230.354789629071,7.38058768743741,7.14693710361986));
#7259=CARTESIAN_POINT('',(230.161638201814,7.34674010330763,7.15819146688821));
#7260=CARTESIAN_POINT('',(229.971658351005,7.27903763096388,7.16934881342786));
#7261=CARTESIAN_POINT('',(229.800597268806,7.18306654895348,7.17971467421807));
#7262=CARTESIAN_POINT('',(229.629488579009,7.08706875746236,7.19008341990604));
#7263=CARTESIAN_POINT('',(229.472608143318,6.96013502143174,7.20018424222988));
#7264=CARTESIAN_POINT('',(229.343027825811,6.81286468562088,7.21121420539278));
#7265=CARTESIAN_POINT('',(229.213488655822,6.66564111469539,7.22224066605152));
#7266=CARTESIAN_POINT('',(229.107620654009,6.49401597021648,7.23379066162613));
#7267=CARTESIAN_POINT('',(229.034179911407,6.31216180516492,7.24438685018063));
#7268=CARTESIAN_POINT('',(228.960717608504,6.13025425243491,7.25498614950197));
#7269=CARTESIAN_POINT('',(228.917692757541,5.93309166235961,7.26496057297213));
#7270=CARTESIAN_POINT('',(228.90869549493,5.73710989632588,7.27543002768562));
#7271=CARTESIAN_POINT('',(228.899700372763,5.54117475424851,7.28589699172148));
#7272=CARTESIAN_POINT('',(228.924449463311,5.34104995776324,7.29769567921177));
#7273=CARTESIAN_POINT('',(228.980885904253,5.15323722659084,7.30875712591729));
#7274=CARTESIAN_POINT('',(229.037327019652,4.96540893946653,7.3198194888085));
#7275=CARTESIAN_POINT('',(229.127034260742,4.7847111609871,7.33034083976914));
#7276=CARTESIAN_POINT('',(229.242570735791,4.62617382236006,7.3405719696485));
#7277=CARTESIAN_POINT('',(229.358106584372,4.4676373433625,7.35080304405209));
#7278=CARTESIAN_POINT('',(229.502627952761,4.32692046648261,7.36181261005951));
#7279=CARTESIAN_POINT('',(229.664137714029,4.21566936190214,7.37298449927119));
#7280=CARTESIAN_POINT('',(229.825626221122,4.10443289761617,7.38415491829749));
#7281=CARTESIAN_POINT('',(230.008585771657,4.01956389072253,7.39513524348888));
#7282=CARTESIAN_POINT('',(230.197861237444,3.96811939318987,7.40538848179474));
#7283=CARTESIAN_POINT('',(230.38720523613,3.9166562686232,7.41564543259519));
#7284=CARTESIAN_POINT('',(230.58808006125,3.89723733348742,7.42574432809127));
#7285=CARTESIAN_POINT('',(230.783731040149,3.91145965800526,7.43684513927704));
#7286=CARTESIAN_POINT('',(230.979317985887,3.92567732780368,7.4479423173604));
#7287=CARTESIAN_POINT('',(231.175122981026,3.97389164068716,7.45957514503898));
#7288=CARTESIAN_POINT('',(231.354968037681,4.05213086562213,7.4702485754647));
#7289=CARTESIAN_POINT('',(231.534858675154,4.13038991989183,7.48092471101722));
#7290=CARTESIAN_POINT('',(231.703732068974,4.24086159621405,7.4909736266094));
#7291=CARTESIAN_POINT('',(231.847508837737,4.37434044781598,7.50149683120499));
#7292=CARTESIAN_POINT('',(231.991245207958,4.50778179439451,7.51201707897986));
#7293=CARTESIAN_POINT('',(232.113856557898,4.66786376785451,7.52375664548526));
#7294=CARTESIAN_POINT('',(232.205239749008,4.84137749023591,7.53468885670442));
#7295=CARTESIAN_POINT('',(232.296633763045,5.01491176263656,7.54562236267507));
#7296=CARTESIAN_POINT('',(232.359301032443,5.20667884585018,7.55597777542835));
#7297=CARTESIAN_POINT('',(232.388011115696,5.40073727505325,7.56615658808331));
#7298=CARTESIAN_POINT('',(232.416722593789,5.59480513232689,7.57633589526234));
#7299=CARTESIAN_POINT('',(232.412266110825,5.79647146471934,7.58744519913918));
#7300=CARTESIAN_POINT('',(232.375039546398,5.98902782685329,7.59869379009183));
#7301=CARTESIAN_POINT('',(232.337819150375,6.18155228258946,7.60994051716415));
#7302=CARTESIAN_POINT('',(232.266804565709,6.37031824383919,7.62100325475477));
#7303=CARTESIAN_POINT('',(232.167858409947,6.53967157322876,7.63132899400239));
#7304=CARTESIAN_POINT('',(230.656854249492,5.65685424949237,6.45));
#7305=CARTESIAN_POINT('',(232.494543608514,5.65685424949237,6.4303929106153));
#7306=CARTESIAN_POINT('',(232.494543608514,6.13796019864929,6.4553929106153));
#7307=CARTESIAN_POINT('',(232.09634181036,7.09634181036036,6.5053929106153));
#7308=CARTESIAN_POINT('',(230.656854249492,7.69364450759107,6.5803929106153));
#7309=CARTESIAN_POINT('',(229.217366688624,7.09634181036036,6.6553929106153));
#7310=CARTESIAN_POINT('',(228.620063991393,5.65685424949237,6.7303929106153));
#7311=CARTESIAN_POINT('',(229.217366688624,4.21736668862438,6.8053929106153));
#7312=CARTESIAN_POINT('',(230.656854249492,3.62006399139367,6.8803929106153));
#7313=CARTESIAN_POINT('',(232.09634181036,4.21736668862438,6.9553929106153));
#7314=CARTESIAN_POINT('',(232.693644507591,5.65685424949237,7.0303929106153));
#7315=CARTESIAN_POINT('',(232.09634181036,7.09634181036036,7.1053929106153));
#7316=CARTESIAN_POINT('',(230.656854249492,7.69364450759107,7.1803929106153));
#7317=CARTESIAN_POINT('',(229.217366688624,7.09634181036036,7.2553929106153));
#7318=CARTESIAN_POINT('',(228.620063991393,5.65685424949237,7.3303929106153));
#7319=CARTESIAN_POINT('',(229.217366688624,4.21736668862438,7.4053929106153));
#7320=CARTESIAN_POINT('',(230.656854249492,3.62006399139367,7.4803929106153));
#7321=CARTESIAN_POINT('',(232.09634181036,4.21736668862438,7.5553929106153));
#7322=CARTESIAN_POINT('',(232.628549788938,5.4999772787144,7.62221932639811));
#7323=CARTESIAN_POINT('',(232.404349860143,6.30275868184842,7.66404574218092));
#7324=CARTESIAN_POINT('',(232.241871092751,6.58291412693312,7.68087215796374));
#7325=CARTESIAN_POINT('',(232.023531922895,5.65685424949237,6.15845418713193));
#7326=CARTESIAN_POINT('',(232.023531922895,6.01464962770809,6.18345418713193));
#7327=CARTESIAN_POINT('',(231.727391824802,6.72739182480221,6.23345418713193));
#7328=CARTESIAN_POINT('',(230.656854249492,7.17160197194223,6.30845418713193));
#7329=CARTESIAN_POINT('',(229.586316674182,6.72739182480221,6.38345418713193));
#7330=CARTESIAN_POINT('',(229.142106527042,5.65685424949237,6.45845418713193));
#7331=CARTESIAN_POINT('',(229.586316674182,4.58631667418253,6.53345418713193));
#7332=CARTESIAN_POINT('',(230.656854249492,4.14210652704251,6.60845418713193));
#7333=CARTESIAN_POINT('',(231.727391824802,4.58631667418253,6.68345418713193));
#7334=CARTESIAN_POINT('',(232.171601971942,5.65685424949237,6.75845418713193));
#7335=CARTESIAN_POINT('',(231.727391824802,6.72739182480221,6.83345418713193));
#7336=CARTESIAN_POINT('',(230.656854249492,7.17160197194223,6.90845418713193));
#7337=CARTESIAN_POINT('',(229.586316674182,6.72739182480221,6.98345418713193));
#7338=CARTESIAN_POINT('',(229.142106527042,5.65685424949237,7.05845418713193));
#7339=CARTESIAN_POINT('',(229.586316674182,4.58631667418253,7.13345418713193));
#7340=CARTESIAN_POINT('',(230.656854249492,4.14210652704251,7.20845418713193));
#7341=CARTESIAN_POINT('',(231.727391824802,4.58631667418253,7.28345418713193));
#7342=CARTESIAN_POINT('',(232.123191451305,5.54018586243292,7.35028060291475));
#7343=CARTESIAN_POINT('',(231.956455416426,6.13720919224671,7.39210701869756));
#7344=CARTESIAN_POINT('',(231.835621009508,6.34555898216082,7.40893343448037));
#7345=CARTESIAN_POINT('',(232.023531922895,5.65685424949237,6.74154581286807));
#7346=CARTESIAN_POINT('',(232.023531922895,6.01464962770809,6.76654581286807));
#7347=CARTESIAN_POINT('',(231.727391824802,6.72739182480221,6.81654581286807));
#7348=CARTESIAN_POINT('',(230.656854249492,7.17160197194223,6.89154581286807));
#7349=CARTESIAN_POINT('',(229.586316674182,6.72739182480221,6.96654581286807));
#7350=CARTESIAN_POINT('',(229.142106527042,5.65685424949237,7.04154581286807));
#7351=CARTESIAN_POINT('',(229.586316674182,4.58631667418253,7.11654581286807));
#7352=CARTESIAN_POINT('',(230.656854249492,4.14210652704251,7.19154581286807));
#7353=CARTESIAN_POINT('',(231.727391824802,4.58631667418253,7.26654581286807));
#7354=CARTESIAN_POINT('',(232.171601971942,5.65685424949237,7.34154581286807));
#7355=CARTESIAN_POINT('',(231.727391824802,6.72739182480221,7.41654581286807));
#7356=CARTESIAN_POINT('',(230.656854249492,7.17160197194223,7.49154581286807));
#7357=CARTESIAN_POINT('',(229.586316674182,6.72739182480221,7.56654581286807));
#7358=CARTESIAN_POINT('',(229.142106527042,5.65685424949237,7.64154581286807));
#7359=CARTESIAN_POINT('',(229.586316674182,4.58631667418253,7.71654581286807));
#7360=CARTESIAN_POINT('',(230.656854249492,4.14210652704251,7.79154581286807));
#7361=CARTESIAN_POINT('',(231.727391824802,4.58631667418253,7.86654581286807));
#7362=CARTESIAN_POINT('',(232.123191451305,5.54018586243292,7.93337222865088));
#7363=CARTESIAN_POINT('',(231.956455416426,6.13720919224671,7.97519864443369));
#7364=CARTESIAN_POINT('',(231.835621009508,6.34555898216082,7.99202506021651));
#7365=CARTESIAN_POINT('',(232.494543608514,5.65685424949237,6.4696070893847));
#7366=CARTESIAN_POINT('',(232.494543608514,6.13796019864929,6.4946070893847));
#7367=CARTESIAN_POINT('',(232.09634181036,7.09634181036036,6.5446070893847));
#7368=CARTESIAN_POINT('',(230.656854249492,7.69364450759107,6.6196070893847));
#7369=CARTESIAN_POINT('',(229.217366688624,7.09634181036036,6.6946070893847));
#7370=CARTESIAN_POINT('',(228.620063991393,5.65685424949237,6.7696070893847));
#7371=CARTESIAN_POINT('',(229.217366688624,4.21736668862438,6.8446070893847));
#7372=CARTESIAN_POINT('',(230.656854249492,3.62006399139367,6.9196070893847));
#7373=CARTESIAN_POINT('',(232.09634181036,4.21736668862438,6.9946070893847));
#7374=CARTESIAN_POINT('',(232.693644507591,5.65685424949237,7.0696070893847));
#7375=CARTESIAN_POINT('',(232.09634181036,7.09634181036036,7.1446070893847));
#7376=CARTESIAN_POINT('',(230.656854249492,7.69364450759107,7.2196070893847));
#7377=CARTESIAN_POINT('',(229.217366688624,7.09634181036036,7.2946070893847));
#7378=CARTESIAN_POINT('',(228.620063991393,5.65685424949237,7.3696070893847));
#7379=CARTESIAN_POINT('',(229.217366688624,4.21736668862438,7.4446070893847));
#7380=CARTESIAN_POINT('',(230.656854249492,3.62006399139367,7.5196070893847));
#7381=CARTESIAN_POINT('',(232.09634181036,4.21736668862438,7.5946070893847));
#7382=CARTESIAN_POINT('',(232.628549788938,5.4999772787144,7.66143350516751));
#7383=CARTESIAN_POINT('',(232.404349860143,6.30275868184842,7.70325992095033));
#7384=CARTESIAN_POINT('',(232.241871092751,6.58291412693312,7.72008633673314));
#7385=CARTESIAN_POINT('',(230.132497578013,-5.79145454383147,7.01912784203626));
#7386=CARTESIAN_POINT('',(230.538747661256,-6.02880968860377,7.29106656551963));
#7387=CARTESIAN_POINT('',(230.206510260817,-5.83469709753582,7.0686710059976));
#7388=CARTESIAN_POINT('',(230.206510260817,-5.8346970975358,8.55));
#7389=CARTESIAN_POINT('',(230.206510260817,-5.8346970975358,6.93037049930552));
#7390=CARTESIAN_POINT('',(230.538747661256,-6.02880968860377,6.7079749397835));
#7391=CARTESIAN_POINT('',(230.132497578013,-5.79145454383147,6.97991366326686));
#7392=CARTESIAN_POINT('',(230.538747661256,-6.02880968860377,6.99952075265156));
#7393=CARTESIAN_POINT('',(230.206510260817,-5.8346970975358,6.93037049930552));
#7394=CARTESIAN_POINT('',(230.101769608264,-6.01396811717005,6.94207164479023));
#7395=CARTESIAN_POINT('',(230.028317593297,-6.21527548935031,6.95322062747665));
#7396=CARTESIAN_POINT('',(229.993002205475,-6.41992810175097,6.96397940083816));
#7397=CARTESIAN_POINT('',(229.959640378731,-6.6132598310227,6.97414302511066));
#7398=CARTESIAN_POINT('',(229.959258463274,-6.81499641761857,6.98502916502256));
#7399=CARTESIAN_POINT('',(229.991858878303,-7.00839746825403,6.99628593357495));
#7400=CARTESIAN_POINT('',(230.024453454019,-7.20176387732691,7.0075406858402));
#7401=CARTESIAN_POINT('',(230.09092194108,-7.3921763829869,7.01873245692396));
#7402=CARTESIAN_POINT('',(230.185780999274,-7.56385520602423,7.02911440141903));
#7403=CARTESIAN_POINT('',(230.28066721481,-7.73558317924936,7.03949931817656));
#7404=CARTESIAN_POINT('',(230.406582610291,-7.89328581380666,7.04956988389872));
#7405=CARTESIAN_POINT('',(230.553011726045,-8.02381969677598,7.06057700156708));
#7406=CARTESIAN_POINT('',(230.699393407042,-8.15431129414553,7.07158055355148));
#7407=CARTESIAN_POINT('',(230.870327569493,-8.2612885046469,7.08315487837133));
#7408=CARTESIAN_POINT('',(231.051700612724,-8.33590620707261,7.09377322786483));
#7409=CARTESIAN_POINT('',(231.23312497559,-8.41054502263224,7.10439458182815));
#7410=CARTESIAN_POINT('',(231.430001139374,-8.45484734969123,7.11438603078202));
#7411=CARTESIAN_POINT('',(231.625919875553,-8.46511576002043,7.12482508979568));
#7412=CARTESIAN_POINT('',(231.82179501188,-8.47538188521255,7.13526182569603));
#7413=CARTESIAN_POINT('',(232.022078446216,-8.45193057464637,7.14703729739228));
#7414=CARTESIAN_POINT('',(232.210253054562,-8.39671323000917,7.1581165319678));
#7415=CARTESIAN_POINT('',(232.398440993383,-8.34149197372085,7.16919655140722));
#7416=CARTESIAN_POINT('',(232.579713868393,-8.25296039402234,7.17975081499978));
#7417=CARTESIAN_POINT('',(232.738996417069,-8.13845584591387,7.18997981516068));
#7418=CARTESIAN_POINT('',(232.898280993311,-8.0239498402347,7.20020894553031));
#7419=CARTESIAN_POINT('',(233.039936038476,-7.88034029007192,7.21116211288806));
#7420=CARTESIAN_POINT('',(233.152232972306,-7.71955368164057,7.22233806363232));
#7421=CARTESIAN_POINT('',(233.264513643588,-7.55879035790439,7.23351239590468));
#7422=CARTESIAN_POINT('',(233.350566094005,-7.37638731038046,7.24452775172904));
#7423=CARTESIAN_POINT('',(233.403236790438,-7.18745068726281,7.25479475159019));
#7424=CARTESIAN_POINT('',(233.455927015849,-6.99844401116548,7.26506555819838));
#7425=CARTESIAN_POINT('',(233.476648714746,-6.79769608608907,7.27512635603742));
#7426=CARTESIAN_POINT('',(233.463694798799,-6.60195452711054,7.28620385945424));
#7427=CARTESIAN_POINT('',(233.450745205405,-6.4062782845293,7.29727766645309));
#7428=CARTESIAN_POINT('',(233.403801207982,-6.21016642707871,7.30893474187882));
#7429=CARTESIAN_POINT('',(233.326730111499,-6.02981909460045,7.31963048103873));
#7430=CARTESIAN_POINT('',(233.249640071092,-5.84942743310155,7.33032884919035));
#7431=CARTESIAN_POINT('',(233.140267641015,-5.6798431628962,7.34039520399547));
#7432=CARTESIAN_POINT('',(233.007724171867,-5.53520363325221,7.35088883063463));
#7433=CARTESIAN_POINT('',(232.875216489809,-5.39060315666593,7.3613796239667));
#7434=CARTESIAN_POINT('',(232.715931540522,-5.26695557676415,7.37310421164455));
#7435=CARTESIAN_POINT('',(232.543014472712,-5.17444939831528,7.38405569497197));
#7436=CARTESIAN_POINT('',(232.37007909745,-5.08193342585091,7.39500833777867));
#7437=CARTESIAN_POINT('',(232.178726165383,-5.01802448139416,7.40539498074967));
#7438=CARTESIAN_POINT('',(231.984859671927,-4.98805597512438,7.41556753742997));
#7439=CARTESIAN_POINT('',(231.790979797218,-4.95808540033745,7.42574079625097));
#7440=CARTESIAN_POINT('',(231.589283100435,-4.96123390633708,7.43679047270585));
#7441=CARTESIAN_POINT('',(231.396487552376,-4.9972116137855,7.44804292047806));
#7442=CARTESIAN_POINT('',(231.203719513819,-5.03318418766717,7.45929376266736));
#7443=CARTESIAN_POINT('',(231.014492640781,-5.10297622694883,7.47039199918603));
#7444=CARTESIAN_POINT('',(230.844497213602,-5.2008269270561,7.48073218473786));
#7445=CARTESIAN_POINT('',(230.674457262281,-5.29870325560808,7.49107507852657));
#7446=CARTESIAN_POINT('',(230.518988936635,-5.42735374557865,7.50123451976197));
#7447=CARTESIAN_POINT('',(230.391040661003,-5.5760384629984,7.51229931784389));
#7448=CARTESIAN_POINT('',(230.263131417354,-5.72467782256244,7.52336074049138));
#7449=CARTESIAN_POINT('',(230.159157508053,-5.89746013643024,7.53486723648793));
#7450=CARTESIAN_POINT('',(230.087722855454,-6.08011387845083,7.54542611082713));
#7451=CARTESIAN_POINT('',(230.016265950907,-6.262824517251,7.55598827426372));
#7452=CARTESIAN_POINT('',(229.975415060914,-6.46045437188899,7.56593663144923));
#7453=CARTESIAN_POINT('',(229.968577553217,-6.65652399940993,7.57646163439383));
#7454=CARTESIAN_POINT('',(229.961741840983,-6.85254214095932,7.58698387357533));
#7455=CARTESIAN_POINT('',(229.988692678002,-7.05237898656681,7.59881281360765));
#7456=CARTESIAN_POINT('',(230.047194334987,-7.23955925589155,7.60984273659452));
#7457=CARTESIAN_POINT('',(230.105701984722,-7.42675869944998,7.62087378945646));
#7458=CARTESIAN_POINT('',(230.197397488663,-7.60646220430964,7.63134039525769));
#7459=CARTESIAN_POINT('',(230.314675465419,-7.76371844723537,7.64157812460786));
#7460=CARTESIAN_POINT('',(230.431949226491,-7.92096903741522,7.65181548595177));
#7461=CARTESIAN_POINT('',(230.578005339328,-8.06007918335147,7.66291946642198));
#7462=CARTESIAN_POINT('',(230.740727998359,-8.1695434444028,7.67408183648526));
#7463=CARTESIAN_POINT('',(230.903432993284,-8.27899582273014,7.68524299483468));
#7464=CARTESIAN_POINT('',(231.087320429518,-8.36184655134233,7.69616347016043));
#7465=CARTESIAN_POINT('',(231.27715332955,-8.41120332685588,7.70639522108617));
#7466=CARTESIAN_POINT('',(231.467051569909,-8.46057709093081,7.71663049377213));
#7467=CARTESIAN_POINT('',(231.668121768136,-8.47778150827743,7.72680086291798));
#7468=CARTESIAN_POINT('',(231.863599914443,-8.46140634128472,7.73793725819366));
#7469=CARTESIAN_POINT('',(232.059016549827,-8.44503632705028,7.7490701491904));
#7470=CARTESIAN_POINT('',(232.254281594788,-8.39466899384674,7.76065959324297));
#7471=CARTESIAN_POINT('',(232.433256172535,-8.31445328844906,7.77129543551573));
#7472=CARTESIAN_POINT('',(232.612278367531,-8.23421624118635,7.78193410751753));
#7473=CARTESIAN_POINT('',(232.779927836004,-8.12188829165441,7.79195622666697));
#7474=CARTESIAN_POINT('',(232.922225205855,-7.98683389465565,7.80253355059752));
#7475=CARTESIAN_POINT('',(233.064480152233,-7.85181976176359,7.8131077210839));
#7476=CARTESIAN_POINT('',(233.185320252852,-7.69039897967807,7.82486324304773));
#7477=CARTESIAN_POINT('',(233.274787376417,-7.51588835820496,7.83576167069604));
#7478=CARTESIAN_POINT('',(233.364266960564,-7.34135343167142,7.84666161622871));
#7479=CARTESIAN_POINT('',(233.424819096267,-7.14890137353802,7.85696542131698));
#7480=CARTESIAN_POINT('',(233.451388953437,-6.95453574248271,7.86715804247763));
#7481=CARTESIAN_POINT('',(233.477959182692,-6.76016738952959,7.87735080637582));
#7482=CARTESIAN_POINT('',(233.471281755602,-6.55857185532547,7.88855931248459));
#7483=CARTESIAN_POINT('',(233.431937581405,-6.36644003029646,7.8997987037511));
#7484=CARTESIAN_POINT('',(233.392597526997,-6.17432832368611,7.91103691812368));
#7485=CARTESIAN_POINT('',(233.319502368125,-5.98634461165964,7.92204004192369));
#7486=CARTESIAN_POINT('',(233.218689339502,-5.81808467700169,7.93234406096932));
#7487=CARTESIAN_POINT('',(233.117853186911,-5.64978614775678,7.94265044349714));
#7488=CARTESIAN_POINT('',(232.986508628932,-5.4966013158277,7.95291956984482));
#7489=CARTESIAN_POINT('',(232.835614175863,-5.37127783776099,7.9640297459989));
#7490=CARTESIAN_POINT('',(232.684762319617,-5.2459897379471,7.97513678580034));
#7491=CARTESIAN_POINT('',(232.510184389552,-5.14505112736756,7.98656898109598));
#7492=CARTESIAN_POINT('',(232.326306086674,-5.07682166876275,7.99706981582746));
#7493=CARTESIAN_POINT('',(232.14236536179,-5.00856904799257,8.00757421532519));
#7494=CARTESIAN_POINT('',(231.94404312933,-4.97118259786596,8.01748892702729));
#7495=CARTESIAN_POINT('',(231.747883751736,-4.96777795432436,8.02811248132113));
#7496=CARTESIAN_POINT('',(231.551782768784,-4.96437432431035,8.0387328730914));
#7497=CARTESIAN_POINT('',(231.352451176849,-4.9948164473927,8.0505841584316));
#7498=CARTESIAN_POINT('',(231.166321828395,-5.05658494487735,8.0615610111619));
#7499=CARTESIAN_POINT('',(230.980167971546,-5.11836157566691,8.07253930925827));
#7500=CARTESIAN_POINT('',(230.802089272725,-5.21319339808697,8.08292237265015));
#7501=CARTESIAN_POINT('',(230.646907989489,-5.33320886677013,8.09317859859901));
#7502=CARTESIAN_POINT('',(230.612782747106,-5.35960094752357,8.09543400072707));
#7503=CARTESIAN_POINT('',(230.579611952782,-5.38727427378854,8.09770148730424));
#7504=CARTESIAN_POINT('',(230.547532155254,-5.41611459907962,8.10000000000158));
#7505=CARTESIAN_POINT('',(232.887496687268,-5.41611459905946,8.10000000000002));
#7506=CARTESIAN_POINT('',(233.025220235888,-5.53993059069079,8.09013212832972));
#7507=CARTESIAN_POINT('',(233.144453525155,-5.68764458380968,8.07915544289863));
#7508=CARTESIAN_POINT('',(233.236418862186,-5.84836006249972,8.0687409235189));
#7509=CARTESIAN_POINT('',(233.33382127056,-6.01857718117678,8.05771068862382));
#7510=CARTESIAN_POINT('',(233.403156452668,-6.20801421167483,8.04718046452751));
#7511=CARTESIAN_POINT('',(233.438642109966,-6.40093981835651,8.03701969967669));
#7512=CARTESIAN_POINT('',(233.474133380061,-6.59389594024925,8.02685732768886));
#7513=CARTESIAN_POINT('',(233.476737795261,-6.79562601592478,8.01607468102933));
#7514=CARTESIAN_POINT('',(233.446268331055,-6.98937820961318,8.00481998311167));
#7515=CARTESIAN_POINT('',(233.415804987326,-7.18309148381615,7.9935675459532));
#7516=CARTESIAN_POINT('',(233.35143853031,-7.37422066209028,7.98231809351213));
#7517=CARTESIAN_POINT('',(233.258477169659,-7.54693217372445,7.97190730917101));
#7518=CARTESIAN_POINT('',(233.165488220086,-7.71969494240222,7.96149343513412));
#7519=CARTESIAN_POINT('',(233.041315208858,-7.87877822748628,7.95146635289499));
#7520=CARTESIAN_POINT('',(232.896329210711,-8.01091911130544,7.94050209636149));
#7521=CARTESIAN_POINT('',(232.751391463589,-8.14301601892608,7.92954148870871));
#7522=CARTESIAN_POINT('',(232.581647229684,-8.25186692756876,7.91792815960754));
#7523=CARTESIAN_POINT('',(232.401108852972,-8.32847644843126,7.90727197307574));
#7524=CARTESIAN_POINT('',(232.220522667658,-8.40510625636086,7.8966129646653));
#7525=CARTESIAN_POINT('',(232.024152132757,-8.451573949351,7.88658987257786));
#7526=CARTESIAN_POINT('',(231.828359600125,-8.46400042073658,7.87619856733096));
#7527=CARTESIAN_POINT('',(231.632605284201,-8.47642446660154,7.86580929036097));
#7528=CARTESIAN_POINT('',(231.432070976677,-8.4551797222832,7.85408179949544));
#7529=CARTESIAN_POINT('',(231.243299593785,-8.40203818109011,7.84297379360651));
#7530=CARTESIAN_POINT('',(231.054518818687,-8.34889399587226,7.83186523504556));
#7531=CARTESIAN_POINT('',(230.872286719398,-8.26236761818415,7.82125405606048));
#7532=CARTESIAN_POINT('',(230.711753936217,-8.14962679350507,7.8110257855763));
#7533=CARTESIAN_POINT('',(230.551214138886,-8.03688104284675,7.8007970681888));
#7534=CARTESIAN_POINT('',(230.407979106911,-7.89483405632382,7.78994038099246));
#7535=CARTESIAN_POINT('',(230.293916551475,-7.73529097096671,7.77876027186091));
#7536=CARTESIAN_POINT('',(230.179872993896,-7.57577445854372,7.76758202484893));
#7537=CARTESIAN_POINT('',(230.091818893978,-7.39433384203442,7.75650766812529));
#7538=CARTESIAN_POINT('',(230.037070768082,-7.20599075483631,7.74621552633752));
#7539=CARTESIAN_POINT('',(229.982301719514,-7.01757569000514,7.73591945128086));
#7540=CARTESIAN_POINT('',(229.959369340981,-6.81706353452913,7.72591589623039));
#7541=CARTESIAN_POINT('',(229.970167557646,-6.62118717602928,7.71488207569453));
#7542=CARTESIAN_POINT('',(229.980962076725,-6.42537789060461,7.70385203342104));
#7543=CARTESIAN_POINT('',(230.025744085365,-6.2287635893324,7.69215611484391));
#7544=CARTESIAN_POINT('',(230.100823776771,-6.04758057380428,7.68142231049947));
#7545=CARTESIAN_POINT('',(230.175920921969,-5.86635543862345,7.67068601086534));
#7546=CARTESIAN_POINT('',(230.28341573896,-5.69558036082439,7.66058733713563));
#7547=CARTESIAN_POINT('',(230.414357487064,-5.54948959070325,7.65014011468337));
#7548=CARTESIAN_POINT('',(230.545266502213,-5.4034353405055,7.63969550383869));
#7549=CARTESIAN_POINT('',(230.703182900027,-5.27803915504998,7.62800523836171));
#7550=CARTESIAN_POINT('',(230.875070170528,-5.18363447669101,7.61702220201476));
#7551=CARTESIAN_POINT('',(231.046971886863,-5.08922186432778,7.60603824262608));
#7552=CARTESIAN_POINT('',(231.23760302872,-5.02321034100648,7.59559726063723));
#7553=CARTESIAN_POINT('',(231.431124775822,-4.99110746722602,7.58543223680117));
#7554=CARTESIAN_POINT('',(231.624666596656,-4.95900126346071,7.57526615856182));
#7555=CARTESIAN_POINT('',(231.826395574253,-4.95992778452084,7.56431912653534));
#7556=CARTESIAN_POINT('',(232.019579041693,-4.99378098332718,7.55306289638014));
#7557=CARTESIAN_POINT('',(232.21273046895,-5.02762856745696,7.54180853311179));
#7558=CARTESIAN_POINT('',(232.402710319759,-5.0953310398007,7.53065118657213));
#7559=CARTESIAN_POINT('',(232.573771401958,-5.19130212181111,7.52028532578192));
#7560=CARTESIAN_POINT('',(232.744880091755,-5.28729991330223,7.50991658009395));
#7561=CARTESIAN_POINT('',(232.901760527446,-5.41423364933283,7.49981575777011));
#7562=CARTESIAN_POINT('',(233.031340844953,-5.5615039851437,7.48878579460721));
#7563=CARTESIAN_POINT('',(233.160880014942,-5.70872755606919,7.47775933394847));
#7564=CARTESIAN_POINT('',(233.266748016755,-5.88035270054809,7.46620933837382));
#7565=CARTESIAN_POINT('',(233.340188759357,-6.06220686559965,7.45561314981934));
#7566=CARTESIAN_POINT('',(233.41365106226,-6.24411441832965,7.44501385049801));
#7567=CARTESIAN_POINT('',(233.456675913223,-6.44127700840498,7.43503942702788));
#7568=CARTESIAN_POINT('',(233.465673175834,-6.6372587744387,7.4245699723144));
#7569=CARTESIAN_POINT('',(233.474668298001,-6.83319391651606,7.41410300827854));
#7570=CARTESIAN_POINT('',(233.449919207453,-7.03331871300135,7.40230432078822));
#7571=CARTESIAN_POINT('',(233.393482766511,-7.22113144417374,7.39124287408269));
#7572=CARTESIAN_POINT('',(233.337041651113,-7.40895973129805,7.38018051119149));
#7573=CARTESIAN_POINT('',(233.247334410022,-7.58965750977748,7.36965916023083));
#7574=CARTESIAN_POINT('',(233.131797934973,-7.74819484840453,7.35942803035147));
#7575=CARTESIAN_POINT('',(233.016262086392,-7.9067313274021,7.34919695594788));
#7576=CARTESIAN_POINT('',(232.871740718003,-8.04744820428196,7.33818738994051));
#7577=CARTESIAN_POINT('',(232.710230956735,-8.15869930886245,7.32701550072882));
#7578=CARTESIAN_POINT('',(232.548742449642,-8.26993577314841,7.31584508170252));
#7579=CARTESIAN_POINT('',(232.365782899107,-8.35480478004206,7.30486475651112));
#7580=CARTESIAN_POINT('',(232.17650743332,-8.40624927757472,7.29461151820526));
#7581=CARTESIAN_POINT('',(231.987163434634,-8.45771240214138,7.28435456740482));
#7582=CARTESIAN_POINT('',(231.786288609514,-8.47713133727716,7.27425567190873));
#7583=CARTESIAN_POINT('',(231.590637630615,-8.46290901275933,7.26315486072297));
#7584=CARTESIAN_POINT('',(231.395050684877,-8.44869134296091,7.25205768263961));
#7585=CARTESIAN_POINT('',(231.199245689738,-8.40047703007744,7.24042485496102));
#7586=CARTESIAN_POINT('',(231.019400633083,-8.32223780514247,7.22975142453531));
#7587=CARTESIAN_POINT('',(230.83950999561,-8.24397875087277,7.2190752889828));
#7588=CARTESIAN_POINT('',(230.67063660179,-8.13350707455054,7.20902637339061));
#7589=CARTESIAN_POINT('',(230.526859833027,-8.00002822294862,7.19850316879502));
#7590=CARTESIAN_POINT('',(230.383123462806,-7.86658687637009,7.18798292102015));
#7591=CARTESIAN_POINT('',(230.260512112866,-7.70650490291009,7.17624335451473));
#7592=CARTESIAN_POINT('',(230.169128921756,-7.53299118052869,7.16531114329558));
#7593=CARTESIAN_POINT('',(230.077734907719,-7.35945690812804,7.15437763732494));
#7594=CARTESIAN_POINT('',(230.015067638321,-7.16768982491443,7.14402222457163));
#7595=CARTESIAN_POINT('',(229.986357555068,-6.97363139571136,7.13384341191668));
#7596=CARTESIAN_POINT('',(229.957646076975,-6.77956353843772,7.12366410473766));
#7597=CARTESIAN_POINT('',(229.962102559939,-6.57789720604527,7.1125548008608));
#7598=CARTESIAN_POINT('',(229.999329124366,-6.38534084391133,7.10130620990816));
#7599=CARTESIAN_POINT('',(230.036549520389,-6.19281638817516,7.09005948283586));
#7600=CARTESIAN_POINT('',(230.107564105055,-6.00405042692539,7.0789967452452));
#7601=CARTESIAN_POINT('',(230.206510260817,-5.83469709753582,7.0686710059976));
#7602=CARTESIAN_POINT('',(231.717514421272,-6.71751442127222,8.55));
#7603=CARTESIAN_POINT('',(233.084192094675,-6.71751442127222,8.25845418713193));
#7604=CARTESIAN_POINT('',(233.084192094675,-7.07530979948794,8.23345418713193));
#7605=CARTESIAN_POINT('',(232.788051996582,-7.78805199658206,8.18345418713193));
#7606=CARTESIAN_POINT('',(231.717514421272,-8.23226214372208,8.10845418713193));
#7607=CARTESIAN_POINT('',(230.646976845962,-7.78805199658206,8.03345418713193));
#7608=CARTESIAN_POINT('',(230.202766698822,-6.71751442127222,7.95845418713194));
#7609=CARTESIAN_POINT('',(230.646976845962,-5.64697684596238,7.88345418713193));
#7610=CARTESIAN_POINT('',(231.717514421272,-5.20276669882236,7.80845418713193));
#7611=CARTESIAN_POINT('',(232.788051996582,-5.64697684596238,7.73345418713193));
#7612=CARTESIAN_POINT('',(233.232262143722,-6.71751442127222,7.65845418713193));
#7613=CARTESIAN_POINT('',(232.788051996582,-7.78805199658206,7.58345418713193));
#7614=CARTESIAN_POINT('',(231.717514421272,-8.23226214372208,7.50845418713193));
#7615=CARTESIAN_POINT('',(230.646976845962,-7.78805199658206,7.43345418713193));
#7616=CARTESIAN_POINT('',(230.202766698822,-6.71751442127222,7.35845418713193));
#7617=CARTESIAN_POINT('',(230.646976845962,-5.64697684596238,7.28345418713193));
#7618=CARTESIAN_POINT('',(231.717514421272,-5.20276669882236,7.20845418713193));
#7619=CARTESIAN_POINT('',(232.788051996582,-5.64697684596238,7.13345418713193));
#7620=CARTESIAN_POINT('',(233.232262143722,-6.71751442127222,7.05845418713193));
#7621=CARTESIAN_POINT('',(232.788051996582,-7.78805199658206,6.98345418713193));
#7622=CARTESIAN_POINT('',(231.717514421272,-8.23226214372208,6.90845418713193));
#7623=CARTESIAN_POINT('',(230.646976845962,-7.78805199658206,6.83345418713193));
#7624=CARTESIAN_POINT('',(230.251177219459,-6.83418280833167,6.76662777134912));
#7625=CARTESIAN_POINT('',(230.417913254338,-6.23715947851788,6.72480135556631));
#7626=CARTESIAN_POINT('',(230.538747661256,-6.02880968860377,6.7079749397835));
#7627=CARTESIAN_POINT('',(233.555203780294,-6.71751442127222,8.5303929106153));
#7628=CARTESIAN_POINT('',(233.555203780294,-7.19862037042914,8.5053929106153));
#7629=CARTESIAN_POINT('',(233.15700198214,-8.15700198214021,8.4553929106153));
#7630=CARTESIAN_POINT('',(231.717514421272,-8.75430467937092,8.3803929106153));
#7631=CARTESIAN_POINT('',(230.278026860404,-8.15700198214021,8.3053929106153));
#7632=CARTESIAN_POINT('',(229.680724163173,-6.71751442127222,8.2303929106153));
#7633=CARTESIAN_POINT('',(230.278026860404,-5.27802686040423,8.1553929106153));
#7634=CARTESIAN_POINT('',(231.717514421272,-4.68072416317352,8.0803929106153));
#7635=CARTESIAN_POINT('',(233.15700198214,-5.27802686040423,8.0053929106153));
#7636=CARTESIAN_POINT('',(233.754304679371,-6.71751442127222,7.9303929106153));
#7637=CARTESIAN_POINT('',(233.15700198214,-8.15700198214021,7.8553929106153));
#7638=CARTESIAN_POINT('',(231.717514421272,-8.75430467937092,7.7803929106153));
#7639=CARTESIAN_POINT('',(230.278026860404,-8.15700198214021,7.7053929106153));
#7640=CARTESIAN_POINT('',(229.680724163173,-6.71751442127222,7.6303929106153));
#7641=CARTESIAN_POINT('',(230.278026860404,-5.27802686040423,7.5553929106153));
#7642=CARTESIAN_POINT('',(231.717514421272,-4.68072416317352,7.4803929106153));
#7643=CARTESIAN_POINT('',(233.15700198214,-5.27802686040423,7.4053929106153));
#7644=CARTESIAN_POINT('',(233.754304679371,-6.71751442127222,7.3303929106153));
#7645=CARTESIAN_POINT('',(233.15700198214,-8.15700198214021,7.2553929106153));
#7646=CARTESIAN_POINT('',(231.717514421272,-8.75430467937092,7.1803929106153));
#7647=CARTESIAN_POINT('',(230.278026860404,-8.15700198214021,7.1053929106153));
#7648=CARTESIAN_POINT('',(229.745818881826,-6.87439139205019,7.03856649483249));
#7649=CARTESIAN_POINT('',(229.970018810621,-6.07160998891617,6.99674007904967));
#7650=CARTESIAN_POINT('',(230.132497578013,-5.79145454383147,6.97991366326686));
#7651=CARTESIAN_POINT('',(233.555203780294,-6.71751442127222,8.5696070893847));
#7652=CARTESIAN_POINT('',(233.555203780294,-7.19862037042914,8.5446070893847));
#7653=CARTESIAN_POINT('',(233.15700198214,-8.15700198214021,8.4946070893847));
#7654=CARTESIAN_POINT('',(231.717514421272,-8.75430467937092,8.4196070893847));
#7655=CARTESIAN_POINT('',(230.278026860404,-8.15700198214021,8.3446070893847));
#7656=CARTESIAN_POINT('',(229.680724163173,-6.71751442127222,8.2696070893847));
#7657=CARTESIAN_POINT('',(230.278026860404,-5.27802686040423,8.1946070893847));
#7658=CARTESIAN_POINT('',(231.717514421272,-4.68072416317352,8.1196070893847));
#7659=CARTESIAN_POINT('',(233.15700198214,-5.27802686040423,8.0446070893847));
#7660=CARTESIAN_POINT('',(233.754304679371,-6.71751442127222,7.9696070893847));
#7661=CARTESIAN_POINT('',(233.15700198214,-8.15700198214021,7.8946070893847));
#7662=CARTESIAN_POINT('',(231.717514421272,-8.75430467937092,7.8196070893847));
#7663=CARTESIAN_POINT('',(230.278026860404,-8.15700198214021,7.7446070893847));
#7664=CARTESIAN_POINT('',(229.680724163173,-6.71751442127222,7.6696070893847));
#7665=CARTESIAN_POINT('',(230.278026860404,-5.27802686040423,7.5946070893847));
#7666=CARTESIAN_POINT('',(231.717514421272,-4.68072416317352,7.5196070893847));
#7667=CARTESIAN_POINT('',(233.15700198214,-5.27802686040423,7.4446070893847));
#7668=CARTESIAN_POINT('',(233.754304679371,-6.71751442127222,7.3696070893847));
#7669=CARTESIAN_POINT('',(233.15700198214,-8.15700198214021,7.2946070893847));
#7670=CARTESIAN_POINT('',(231.717514421272,-8.75430467937092,7.2196070893847));
#7671=CARTESIAN_POINT('',(230.278026860404,-8.15700198214021,7.1446070893847));
#7672=CARTESIAN_POINT('',(229.745818881826,-6.87439139205019,7.07778067360189));
#7673=CARTESIAN_POINT('',(229.970018810621,-6.07160998891617,7.03595425781908));
#7674=CARTESIAN_POINT('',(230.132497578013,-5.79145454383147,7.01912784203626));
#7675=CARTESIAN_POINT('',(233.084192094675,-6.71751442127222,8.84154581286807));
#7676=CARTESIAN_POINT('',(233.084192094675,-7.07530979948794,8.81654581286807));
#7677=CARTESIAN_POINT('',(232.788051996582,-7.78805199658206,8.76654581286807));
#7678=CARTESIAN_POINT('',(231.717514421272,-8.23226214372208,8.69154581286807));
#7679=CARTESIAN_POINT('',(230.646976845962,-7.78805199658206,8.61654581286807));
#7680=CARTESIAN_POINT('',(230.202766698822,-6.71751442127222,8.54154581286807));
#7681=CARTESIAN_POINT('',(230.646976845962,-5.64697684596238,8.46654581286807));
#7682=CARTESIAN_POINT('',(231.717514421272,-5.20276669882236,8.39154581286807));
#7683=CARTESIAN_POINT('',(232.788051996582,-5.64697684596238,8.31654581286807));
#7684=CARTESIAN_POINT('',(233.232262143722,-6.71751442127222,8.24154581286807));
#7685=CARTESIAN_POINT('',(232.788051996582,-7.78805199658206,8.16654581286807));
#7686=CARTESIAN_POINT('',(231.717514421272,-8.23226214372208,8.09154581286807));
#7687=CARTESIAN_POINT('',(230.646976845962,-7.78805199658206,8.01654581286807));
#7688=CARTESIAN_POINT('',(230.202766698822,-6.71751442127222,7.94154581286807));
#7689=CARTESIAN_POINT('',(230.646976845962,-5.64697684596238,7.86654581286807));
#7690=CARTESIAN_POINT('',(231.717514421272,-5.20276669882236,7.79154581286807));
#7691=CARTESIAN_POINT('',(232.788051996582,-5.64697684596238,7.71654581286807));
#7692=CARTESIAN_POINT('',(233.232262143722,-6.71751442127222,7.64154581286807));
#7693=CARTESIAN_POINT('',(232.788051996582,-7.78805199658206,7.56654581286807));
#7694=CARTESIAN_POINT('',(231.717514421272,-8.23226214372208,7.49154581286807));
#7695=CARTESIAN_POINT('',(230.646976845962,-7.78805199658206,7.41654581286807));
#7696=CARTESIAN_POINT('',(230.251177219459,-6.83418280833167,7.34971939708525));
#7697=CARTESIAN_POINT('',(230.417913254338,-6.23715947851788,7.30789298130244));
#7698=CARTESIAN_POINT('',(230.538747661256,-6.02880968860377,7.29106656551963));
#7699=CARTESIAN_POINT('',(169.372166581032,54985.,1.24344978758018E-13));
#7700=MECHANICAL_DESIGN_GEOMETRIC_PRESENTATION_REPRESENTATION('',(#24),
#7701);
#7701=(
GEOMETRIC_REPRESENTATION_CONTEXT(3)
GLOBAL_UNCERTAINTY_ASSIGNED_CONTEXT((#7702))
GLOBAL_UNIT_ASSIGNED_CONTEXT((#7708,#7704,#7703))
REPRESENTATION_CONTEXT('Drone Wing Chassis - Motor',
'TOP_LEVEL_ASSEMBLY_PART')
);
#7702=UNCERTAINTY_MEASURE_WITH_UNIT(LENGTH_MEASURE(0.0508),#7708,
'DISTANCE_ACCURACY_VALUE','Maximum Tolerance applied to model');
#7703=(
NAMED_UNIT(*)
SI_UNIT($,.STERADIAN.)
SOLID_ANGLE_UNIT()
);
#7704=(
CONVERSION_BASED_UNIT('DEGREE',#7706)
NAMED_UNIT(#7705)
PLANE_ANGLE_UNIT()
);
#7705=DIMENSIONAL_EXPONENTS(0.,0.,0.,0.,0.,0.,0.);
#7706=PLANE_ANGLE_MEASURE_WITH_UNIT(PLANE_ANGLE_MEASURE(0.0174532925),#7707);
#7707=(
NAMED_UNIT(*)
PLANE_ANGLE_UNIT()
SI_UNIT($,.RADIAN.)
);
#7708=(
LENGTH_UNIT()
NAMED_UNIT(*)
SI_UNIT(.MILLI.,.METRE.)
);
ENDSEC;
END-ISO-10303-21;
